time_s,qpos_J1_m,qpos_J2_m,qpos_J3_m,qpos_J4_rad,qpos_J5_rad,qpos_J6_rad,qvel_J1_ms,qvel_J2_ms,qvel_J3_ms,qvel_J4_rads,qvel_J5_rads,qvel_J6_rads,qacc_J1_ms2,qacc_J2_ms2,qacc_J3_ms2,qacc_J4_rads2,qacc_J5_rads2,qacc_J6_rads2
0.000000,0,0,0,0,0,0,0,0,0,0,0,0,0,0,0,0,0,0
0.016667,-9.9153633141e-11,-8.67168379995e-11,-2.4081785579e-11,1.98946191643e-11,1.68309042196e-10,-3.9360310413e-12,-2.37202667331e-08,-2.08365365761e-08,-5.7972231711e-09,4.68773525094e-09,4.04275711821e-08,-1.0900295667e-09,-4.25083163666e-06,-3.76170809109e-06,-1.04988549898e-06,8.18984019666e-07,7.29396522605e-06,-2.39472277443e-07
0.033333,-1.57518318179e-09,-1.40250774784e-09,-3.92513279525e-10,2.97795445467e-10,2.7175430389e-09,-1.01279250353e-10,-1.87947945614e-07,-1.68874753505e-07,-4.74505217053e-08,3.44820720439e-08,3.26897225927e-07,-1.43696995067e-08,-1.6763522173e-05,-1.52957234805e-05,-4.32693551765e-06,2.92366432974e-06,2.95552365118e-05,-1.61898224655e-06
0.050000,-7.90326228615e-09,-7.16841565626e-09,-2.0228645742e-09,1.40967483578e-09,1.38588409209e-08,-6.96700163354e-10,-6.26535093097e-07,-5.76363633732e-07,-1.63680079163e-07,1.06899647897e-07,1.11223322562e-06,-6.63569565733e-08,-3.70139636164e-05,-3.48791954211e-05,-1.00135055719e-05,5.85701003828e-06,6.70764890372e-05,-5.00720140719e-06
0.066667,-2.47102898547e-08,-2.28458369082e-08,-6.50396362143e-09,4.16466666995e-09,4.40479813552e-08,-2.75062781093e-09,-1.46282759346e-06,-1.37907985699e-06,-3.96147676142e-07,2.3262093238e-07,2.65111204736e-06,-1.96625139207e-07,-6.42700805537e-05,-6.26567959853e-05,-1.82794703719e-05,9.2569820539e-06,0.000119788497846,-1.10972558563e-05
0.083333,-5.95712215996e-08,-5.61767488971e-08,-1.61432173736e-08,9.5041379004e-09,1.07966341892e-07,-7.97215324483e-09,-2.80632177327e-06,-2.7140804952e-06,-7.8923969808e-07,4.17068225329e-07,5.19410709823e-06,-4.54769095195e-07,-9.76075513654e-05,-9.86367019118e-05,-2.92811920626e-05,1.28554160353e-05,0.000187271003084,-2.03948898496e-05
0.100000,-1.21751864211e-07,-1.17185931303e-07,-3.40101672213e-08,1.84268991365e-08,2.24404091257e-07,-1.89597829412e-08,-4.74959913927e-06,-4.71740142466e-06,-1.38983303584e-06,6.61956189742e-07,8.98193975924e-06,-8.97200395442e-07,-0.000135927372386,-0.000142688112092,-4.31605027141e-05,1.64758541251e-05,0.000268766531868,-3.32098307241e-05
0.116667,-2.21903022593e-07,-2.18144489255e-07,-6.39759951748e-08,3.193995074e-08,4.16049462511e-07,-3.92876355631e-08,-7.36556828873e-06,-7.5217271822e-06,-2.24704412762e-06,9.66797641821e-07,1.42399845151e-05,-1.58382514929e-06,-0.000177975057773,-0.000194540309566,-6.00437024515e-05,2.00303592474e-05,0.000363196982282,-4.96503577359e-05
0.133333,-3.71711346283e-07,-3.73494416916e-07,-1.10748701608e-07,5.10338775045e-08,7.09188724296e-07,-7.35355677886e-08,-1.07050395155e-05,-1.1254058042e-05,-3.41196141968e-06,1.3303479437e-06,2.11730725622e-05,-2.57465773715e-06,-0.000222361260234,-0.000253783265093,-8.00405753012e-05,2.35153527823e-05,0.000469182761375,-6.96210496494e-05
0.150000,-5.83512617057e-07,-5.99734369379e-07,-1.79903680344e-07,7.66817329594e-08,1.13332217893e-06,-1.27262600233e-07,-1.47946539964e-05,-1.60333999427e-05,-4.93736156369e-06,1.75197208213e-06,2.99606347118e-05,-3.92642312999e-06,-0.000267583591836,-0.000319869767635,-0.000103243425509,2.700652313e-05,0.000585064257043,-9.28236589794e-05
0.166667,-8.69873554072e-07,-9.15267236034e-07,-2.77909422571e-07,1.09859995533e-07,1.72070216636e-06,-2.06923885308e-07,-1.96351857201e-05,-2.19685025536e-05,-6.8774097202e-06,2.2329193631e-06,4.07522206397e-05,-5.68919937731e-06,-0.000312049419969,-0.000392119055608,-0.000129726137758,3.06528590161e-05,0.000708925413412,-0.000118761034802
0.183333,-1.24314848464e-06,-1.34021052659e-06,-4.12148087763e-07,1.51589935015e-07,2.50579963896e-06,-3.19732307932e-07,-2.52002305413e-05,-2.91556702364e-05,-9.28734440028e-06,2.77749160145e-06,5.3663427617e-05,-7.90315033205e-06,-0.000354099410985,-0.000469721911431,-0.000159543265361,3.46698673207e-05,0.000838619170761,-0.000146743991162
0.200000,-1.7150174371e-06,-1.89617098853e-06,-5.90930687601e-07,2.02997500594e-07,3.52470639181e-06,-4.73466630423e-07,-3.14352929369e-05,-3.76766699445e-05,-1.22231473509e-05,3.39409172903e-06,6.87722678052e-05,-1.0595396763e-05,-0.000392031593254,-0.000551747171007,-0.000192729151136,3.93320407127e-05,0.00097179452415,-0.000175900994486
0.216667,-2.29601235696e-06,-2.60598526879e-06,-8.23506637972e-07,2.65389632798e-07,4.814480484e-06,-6.76228878051e-07,-3.82572772354e-05,-4.75967592017e-05,-1.57411990729e-05,4.09614087774e-06,8.61159990504e-05,-1.37770717038e-05,-0.000424125712178,-0.000637149589184,-0.000229297086263,4.49646454108e-05,0.00110592494986,-0.000205190521147
0.233333,-2.99503822909e-06,-3.49342881037e-06,-1.12006744478e-06,3.40344712276e-07,6.41244276757e-06,-9.36154405432e-07,-4.55543863095e-05,-5.89628562363e-05,-1.9897920654e-05,4.9028532061e-06,0.000105688439892,-1.74406032281e-05,-0.000448667652116,-0.000724778992162,-0.000269238512955,5.19349039345e-05,0.00123833794524,-0.000233415915617
0.250000,-3.81889590722e-06,-4.58289553261e-06,-1.49174430147e-06,4.29814689823e-07,8.35543275126e-06,-1.26107878045e-06,-5.3186426998e-05,-7.18018731119e-05,-2.47494027004e-05,5.83985902247e-06,0.000127437785236,-2.1557264847e-05,-0.000463973704153,-0.000813390638209,-0.000312522277316,6.06426517463e-05,0.00136624542601,-0.000259242560539
0.266667,-4.7718134094e-06,-5.89905118102e-06,-1.95059939023e-06,5.36236295521e-07,1.06790322648e-05,-1.65816626631e-06,-6.09855178745e-05,-8.61192313081e-05,-3.03510222608e-05,6.93966810507e-06,0.000151264934878,-2.60750304282e-05,-0.000468414464072,-0.000901656699069,-0.000359093939159,7.15105501826e-05,0.00148677472483,-0.000281217152675
0.283333,-5.8549923351e-06,-7.46646354411e-06,-2.50961069462e-06,6.62648601269e-07,1.34167655578e-05,-2.13350526891e-06,-6.87571914363e-05,-0.000101897577669,-3.67570487539e-05,8.24196651997e-06,0.000177022342765,-3.09167669644e-05,-0.000460438151785,-0.000988178766043,-0.000408875145991,8.49739410232e-05,0.00159699993669,-0.000297788863144
0.300000,-7.06617589846e-06,-9.3092130204e-06,-3.18265014937e-06,8.12814111137e-07,1.65992845624e-05,-2.69167664153e-06,-7.62818793686e-05,-0.000119095716971,-4.40202400322e-05,9.79374168385e-06,0.000204513390713,-3.59787947021e-05,-0.000438593151673,-0.00107150127704,-0.000461763078664,0.00010147043043,0.0016939733599,-0.000307332146716
0.316667,-8.39924485548e-06,-1.14504872754e-05,-3.98445497304e-06,9.91340478604e-07,2.02535480785e-05,-3.33530119818e-06,-8.33167662695e-05,-0.000137647775572,-5.21914298434e-05,1.16492318987e-05,0.000233492286079,-4.11298401142e-05,-0.000401549582777,-0.0011501257539,-0.00051762997646,0.000121429291794,0.00177475678596,-0.000308170953241
0.333333,-9.84384733261e-06,-1.39121639534e-05,-4.93059205132e-06,1.20379989932e-06,2.44020035952e-05,-4.06457317762e-06,-8.95979941165e-05,-0.000157462608699,-6.13191080817e-05,1.38696980915e-05,0.000263664478876,-4.62104029957e-05,-0.000348119718429,-0.00122252573314,-0.000576322749543,0.000145260778255,0.00183645239805,-0.00029860408461
0.350000,-1.1385068244e-05,-1.67143856035e-05,-6.03741526319e-06,1.45684320281e-06,2.90617803549e-05,-4.87678671884e-06,-9.4843196843e-05,-0.000178423461939,-7.14489953539e-05,1.65230170138e-05,0.000294687589823,-5.1032554609e-05,-0.00027727708665,-0.00128716226778,-0.00063766268683,0.000173345436298,0.0018762330454,-0.000276931433031
0.366667,-1.30031436171e-05,-1.98751311358e-05,-7.32201566864e-06,1.75830566692e-06,3.42439020935e-05,-5.76586265477e-06,-9.87543416803e-05,-0.000200387895405,-8.26236135217e-05,1.96830966822e-05,0.000326172837041,-5.53801793465e-05,-0.000188174095371,-0.00134249987342,-0.000701445267322,0.000206023511863,0.00189137166964,-0.000241480830858
0.383333,-1.46732247355e-05,-2.34097882511e-05,-8.80216450567e-06,2.11730160455e-06,3.99525276515e-05,-6.72188310079e-06,-0.00010102085143,-0.000223187976931,-9.4881854013e-05,2.34291163647e-05,0.00035768694543,-5.90096678441e-05,-8.0158040122e-05,-0.00138702278793,-0.000767440082909,0.000243584539899,0.00187926966958,-0.000190635238733
0.400000,-1.63651965578e-05,-2.73307313701e-05,-1.04962489751e-05,2.54430482318e-06,4.61842273577e-05,-7.73064140944e-06,-0.000101322979572,-0.00024663074839,-0.00010825854583,2.78445949265e-05,0.000388754519309,-6.16510648998e-05,4.72146337683e-05,-0.00141925141155,-0.000835390880465,0.000286257207129,0.00183748400219,-0.000122859997439
0.416667,-1.80435543843e-05,-3.16469096436e-05,-1.24232008253e-05,3.05121213416e-06,5.29273027347e-05,-8.77321507996e-06,-9.9335408114e-05,-0.000270498967046,-0.000122784025309,3.30162928353e-05,0.000418860855616,-6.30096709734e-05,0.000194165927391,-0.00143775879172,-0.000905015730856,0.000334199576145,0.00176375282997,-3.67298695492e-05
0.433333,-1.96673422267e-05,-3.63634496331e-05,-1.46024177836e-05,3.65138718887e-06,6.01611566691e-05,-9.82556915329e-06,-9.47310363022e-05,-0.000294552121531,-0.000138483709812,3.9032954577e-05,0.000447455171903,-6.27680914894e-05,0.000360685840201,-0.00144118701668,-0.000976007332129,0.00038748975668,0.00165601953832,6.90444003237e-05
0.450000,-2.1190155791e-05,-4.14812772277e-05,-1.70536779201e-05,4.359682044e-06,6.78557207365e-05,-1.08581974886e-05,-8.71849268688e-05,-0.000318527719804,-0.000155377677646,4.59838996467e-05,0.000473954220547,-6.05887236732e-05,0.000546523958959,-0.00142826338109,-0.00104803345375,0.000446117107102,0.00151245496089,0.000195590273117
0.466667,-2.25602124153e-05,-4.69967633015e-05,-1.97970470663e-05,5.19243400536e-06,7.59709458737e-05,-1.18358091094e-05,-7.63783752229e-05,-0.000342142844122,-0.000173480256626,5.39574716354e-05,0.000497746258013,-5.61166662578e-05,0.000751183148552,-0.00139781618814,-0.00112073752828,0.000509974045881,0.00133147766585,0.00034384861054
0.483333,-2.37204897216e-05,-5.29013975095e-05,-2.28527794554e-05,6.1674354699e-06,8.44563620472e-05,-1.27170665272e-05,-6.20030660815e-05,-0.000365095965873,-0.000192799623779,6.3039356236e-05,0.000518195335671,-4.8983033128e-05,0.000973915392983,-0.00134879005426,-0.00119373939619,0.000578848548922,0.00111177217196,0.000514550129119
0.500000,-2.46089341376e-05,-5.91814944871e-05,-2.62412117901e-05,7.30387467664e-06,9.32507119927e-05,-1.34543825984e-05,-4.3765281352e-05,-0.000387069010824,-0.000213337418805,7.33107802224e-05,0.000534645876633,-3.88086478624e-05,0.00121371981811,-0.00128026058496,-0.00126663620915,0.000652417404368,0.000852304979462,0.000708193353933
0.516667,-2.51587398418e-05,-6.58179365393e-05,-2.99826509913e-05,8.62224548793e-06,0.000102281663493,-1.39937820546e-05,-2.13901226988e-05,-0.000407729663253,-0.000235088373968,8.48466046127e-05,0.000546427501285,-2.52080922066e-05,0.00146934291099,-0.00119144829405,-0.00133900349585,0.000730240291708,0.000552338317693,0.000925024300752
0.533333,-2.5298698069e-05,-7.27859566962e-05,-3.40972559239e-05,1.01442245525e-05,0.000111465604019,-1.42748333635e-05,5.37428788904e-06,-0.000426733895261,-0.00025803996316,9.77133262983e-05,0.000552860062684,-7.79407781057e-06,0.00173928093424,-0.00108173164285,-0.0014103963943,0.00081175474682,0.000211441528392,0.00116501810163
0.550000,-2.49536161037e-05,-8.00549657659e-05,-3.86049134438e-05,1.18925144482e-05,0.000120707520913,-1.42306560368e-05,3.6752666042e-05,-0.000443728705606,-0.000282172072951,0.000111967003407,0.000553258851818,1.38178929068e-05,0.00202178451712,-0.000950659080808,-0.00148035105295,0.000896272069017,-0.000170499978885,0.00142786277372
0.566667,-2.40448046846e-05,-8.7588426739e-05,-4.3525109156e-05,1.38906516649e-05,0.000129900969603,-1.37880079053e-05,7.29385175462e-05,-0.00045835505042,-0.000307456698451,0.000127651120552,0.000546939931761,4.0004614097e-05,0.00231486538951,-0.000797959975542,-0.00154838620259,0.000982974220175,-0.000593278245443,0.00171294531437
0.583333,-2.24906319419e-05,-9.53437795872e-05,-4.88767933225e-05,1.61627785642e-05,0.00013892813165,-1.28674562311e-05,0.00011409022085,-0.000470250946393,-0.000333857666843,0.000144794410903,0.000533225559171,7.1130052267e-05,0.00261630520887,-0.000623554326454,-0.0016140048997,0.00107091175978,-0.00105635878483,0.00201934028786
0.600000,-2.02071414105e-05,-0.000103272419162,-5.46782424057e-05,1.8733378742e-05,0.000147659963751,-1.13836358364e-05,0.000160327273964,-0.000479054725278,-0.000361330391451,0.000163408652696,0.000511449651232,0.000107540053352,0.00292366641549,-0.000427561164006,-0.00167669644075,0.00115900285311,-0.00155887911812,0.00234580104953
0.616667,-1.71087310954e-05,-0.000111319728532,-6.09469167805e-05,2.16269755166e-05,0.000155956438092,-9.24559669062e-06,0.00021172673897,-0.00048440841701,-0.000389821659185,0.000183486458359,0.000480963256084,0.000149556926187,0.00323430503666,-0.000210305544626,-0.00173593844628,0.00124603338302,-0.00209964981716,0.00269075373359
0.633333,-1.31088900219e-05,-0.000119425169704,-6.76993151966e-05,2.48677935762e-05,0.000163666873766,-6.3572426293e-06,0.000268319915925,-0.000485961237316,-0.000419269454177,0.000204999074884,0.000441139985063,0.000197473949421,0.00354538534691,2.76759398656e-05,-0.00179119911182,0.00133065818865,-0.00267715803263,0.0030522941092
0.650000,-8.1209881882e-06,-0.000127522433271,-7.49508266171e-05,2.84793841295e-05,0.000170630358272,-2.61786207931e-06,0.000330089276264,-0.000483373154393,-0.000449602820366,0.000227894214399,0.000391381365558,0.000251549850479,0.00385389627801,0.000285631210101,-0.00184193962211,0.00141140344723,-0.00328957346768,0.00342818738823
0.666667,-2.05911534911e-06,-0.000135539648071,-8.27155801073e-05,3.24842142245e-05,0.000176676257441,2.07724915772e-06,0.000396965683966,-0.000476318508123,-0.000480741765704,0.00025209393412,0.0003311220741,0.000312003306396,0.00415666946078,0.000562590366155,-0.00188761672342,0.00148667020783,-0.00393475674118,0.00381587104528
0.683333,5.16103639446e-06,-0.000143399651519,-9.100629349e-05,3.69032212203e-05,0.000181624811442,7.83607385045e-06,0.000468825930634,-0.000464489654367,-0.000512597210603,0.000277492584915,0.000259835010372,0.000379007517149,0.00445039876931,0.000857365025199,-0.0019276854478,0.00155473907838,-0.00461027006993,0.00421246068799
0.700000,1.36212516441e-05,-0.000151020320799,-9.98341215262e-05,4.17553337175e-05,0.000185287813909,1.47690696479e-05,0.000545490608438,-0.000447600606068,-0.000545070983057,0.000303954847718,0.000177036174117,0.000452684902574,0.00473166122783,0.00116854937056,-0.00196160198172,0.00161377605988,-0.00531339018342,0.00461475899255
0.716667,2.33998382138e-05,-0.000158314964598,-0.000109208504421,4.70569605735e-05,0.000187469370579,2.29882782444e-05,0.000626722342436,-0.00042539064235,-0.000578055862816,0.000331313876818,8.22893084878e-05,0.000533101974003,0.00499693913167,0.00149452294186,-0.00198882667044,0.00166183951413,-0.00604112337162,0.00501926769593
0.733333,3.45706472631e-05,-0.000165192774642,-0.000119137017491,5.28214499441e-05,0.000187966733268,3.26063507417e-05,0.000712224401234,-0.000397627856363,-0.000611435676772,0.000359369568796,-2.47897248402e-05,0.000620264431412,0.00524264322526,0.00183345518436,-0.00200882714796,0.001696888244,-0.00679022255195,0.00542220261324
0.750000,4.72020735092e-05,-0.000171559335731,-0.000129625222865,5.90585206022e-05,0.000186571204404,4.37354933918e-05,0.000801639702284,-0.000364112612444,-0.000645085447576,0.000387886975452,-0.000144528871474,0.000714112536165,0.00546513677351,0.00218331176437,-0.00202108158155,0.0017167906577,-0.00755720623024,0.00581951162549
0.766667,6.13560422227e-05,-0.000177317192535,-0.000140676524127,6.5773668088e-05,0.000183069106866,5.64863387317e-05,0.000894550225323,-0.000324680883129,-0.000678871597282,0.000416594878528,-0.00027719614151,0.000814516808329,0.00566076035672,0.00254186264541,-0.00202508201826,0.00171933498144,-0.00833837921801,0.00620689556028
0.783333,7.70869899148e-05,-0.000182366470887,-0.000152292024824,7.29675485342e-05,0.00017724281333,7.09667479282e-05,0.000990476844578,-0.000279207436748,-0.000712652207625,0.000445184543386,-0.000422996226246,0.000921274096043,0.00582585721511,0.00290669190829,-0.00202033782002,0.00170224047758,-0.00912985495882,0.00657983186554
0.800000,9.44408457733e-05,-0.000186605550849,-0.000164470391802,8.06353432942e-05,0.00016887182893,8.72805509278e-05,0.00108887958744,-0.00022760884672,-0.000746277338284,0.000473308668016,-0.000582067499968,0.0010341040626,0.00595679896498,0.00327520928648,-0.00200637917252,0.00166316961869,-0.0099275793064,0.00693360095494
0.816667,0.000113454021012,-0.000189931788328,-0.000177207724353,8.87661077627e-05,0.000157733920584,0.00010552623175,0.00118915832431,-0.000169846294214,-0.000779589404225,0.000500580542884,-0.000754479429672,0.00115264613466,0.00605001150705,0.00364466337616,-0.00198276065209,0.00159974116101,-0.0107273555893,0.00726331508235
0.833333,0.000134152413351,-0.000192242281565,-0.000190497430155,9.73421080314e-05,0.000143606286028,0.000125795566969,0.00129065389131,-0.000105928136668,-0.000812423612967,0.000526573436099,-0.00094023041277,0.00127645695255,0.00610200094589,0.00401215646891,-0.00194906483398,0.00150954405483,-0.0115248707895,0.00756394958286
0.850000,0.000156550433843,-0.000193434678358,-0.000204330109015,0.000106338149256,0.000126266755249,0.000148172226086,0.00139264964457,-3.59122155527e-05,-0.000844608462302,0.000550820217327,-0.0011392460599,0.00140500836053,0.00610937934023,0.00437466094358,-0.00190490592405,0.00139015212278,-0.0123157226565,0.00783037629866
0.866667,0.000180650063227,-0.00019340801947,-0.000218693445433,0.000115720899825,0.00010549501677,0.000172730343103,0.00149437344168,4.00921220027e-05,-0.000875966298717,0.000572813232642,-0.00135137793691,0.00153768597205,0.00606889010481,0.00472903714263,-0.0018499333955,0.00123913943169,-0.0130954475731,0.00805739899009
0.883333,0.000206439944874,-0.000192063613219,-0.000233572110994,0.000125448215605,8.10738610295e-05,0.000199533069163,0.00159500004318,0.000121922311841,-0.000906313936431,0.000592004441245,-0.00157640277706,0.00167378834116,0.00597743288761,0.00507205264768,-0.00178383561112,0.00105409627819,-0.0138595489869,0.00823979051561
0.900000,0.000233894521262,-0.000189305935892,-0.00024894767759,0.000135468468729,5.27904329236e-05,0.000228631116616,0.00169365392365,0.000209361194213,-0.000935463336652,0.000607805823585,-0.00181402217123,0.00181252676788,0.0058320877497,0.00540040285827,-0.00170634341103,0.000832645703266,-0.0146035262161,0.00837233154886
0.916667,0.000262973220714,-0.000185043552256,-0.000264798542491,0.000145719885516,2.04374855043e-05,0.000260061305287,0.00178941247961,0.000302135988919,-0.000963222346287,0.000619590068989,-0.00206386274087,0.00195302576097,0.00563013848004,0.00571073276823,-0.00161723364516,0.000572460446729,-0.0153229034413,0.00844985058709
0.933333,0.000293619700892,-0.000179190050086,-0.000281099866233,0.000156129898252,-1.61853732582e-05,0.000293845122104,0.0018813096182,0.000399917643202,-0.000989395495026,0.000626691549354,-0.00232547679514,0.00209432417766,0.00536909488358,0.00599965982458,-0.00151633262933,0.000271280248273,-0.0160132586905,0.00846726499302
0.950000,0.000325761155254,-0.000171664982348,-0.000297823524282,0.000166614515647,-5.72704487141e-05,0.000329987305506,0.00196833970833,0.000502320569426,-0.00101378484933,0.000628407583904,-0.00259834347058,0.00223537705533,0.00504671388805,0.00626379774497,-0.00140351950326,-7.3070601474e-05,-0.0166702526286,0.00841962280121
0.966667,0.000359307688356,-0.000162394810403,-0.000314938073432,0.00017707771687,-0.000103000750795,0.000368474466282,0.00204946187332,0.000608902787479,-0.00103619092151,0.000623999998339,-0.00288187034849,0.00237505814553,0.00466101932271,0.00649978116157,-0.00127872946876,-0.000462665559624,-0.017289656965,0.00830214501087
0.983333,0.000394151765505,-0.00015131384137,-0.000332408733816,0.000187410874067,-0.000153548816211,0.000409273756625,0.0021236046017,0.000719166484512,-0.00105641363171,0.000612696980053,-0.00317539554206,0.0025121631562,0.00421032023152,0.00670429095205,-0.00114195688581,-0.000899458081547,-0.0178673822931,0.00811026808004
1.000000,0.000430167741873,-0.000138365152582,-0.000350197387397,0.00019749220834,-0.000209075569336,0.000452331599229,0.00218967065056,0.000832559002296,-0.00107425332025,0.000593695229343,-0.00347819024228,0.00264541370292,0.00369322759284,0.00687408011118,-0.000993258204812,-0.0013852639273,-0.0183995051848,0.00783968633009
1.016667,0.000467211475711,-0.000123501495938,-0.000368262593772,0.000207186284085,-0.000269729229336,0.000497572488245,0.00224654221394,0.000948474259948,-0.00108951180739,0.000566162404809,-0.00378946170874,0.00277346196527,0.00310866932845,0.00700600001098,-0.000832754712573,-0.00192174362936,-0.0188822943659,0.00748639396607
1.033333,0.000505120029865,-0.000106686174826,-0.00038655962403,0.000216343546599,-0.000335644270821,0.000544897873804,0.00229308632676,0.0010662546172,-0.00110199349723,0.000529239859353,-0.00410835668863,0.00289489603951,0.00245590349591,0.00709702689204,-0.000660635070619,-0.00251038522784,-0.0193122358039,0.0070467264164
1.050000,0.000543711465251,-8.78938862474e-05,-0.000405040513387,0.000224799907741,-0.000406940445018,0.000594185141617,0.00232816047317,0.00118519318078,-0.00111150652207,0.000482045661445,-0.00443396524431,0.0030082459736,0.00173452957057,0.00714428842449,-0.000477157624112,-0.00315248737964,-0.0196860565514,0.00651740069563
1.066667,0.000582784729447,-6.71115207391e-05,-0.000423654133239,0.000232376384372,-0.000483721868101,0.000645286698897,0.00235061836669,0.00130453655354,-0.00111786392335,0.000423677894501,-0.00476532496751,0.00311199046585,0.000944497735619,0.00714509017358,-0.000282652460498,-0.00384914294737,-0.0200007471919,0.00589555449566
1.083333,0.000622119642971,-4.43389127179e-05,-0.000442346283197,0.000238878794138,-0.000566076182936,0.000698029177482,0.00235931586836,0.00142348802361,-0.00112088486465,0.00035321822551,-0.0051014255556,0.00320456420355,8.6116112047e-05,0.00709694180256,-7.75231974797e-05,-0.00460122317335,-0.0202535827487,0.0051787837148
1.100000,0.000661476985279,-1.95895339544e-05,-0.000461059803615,0.000244097512995,-0.00065407380006,0.000752212764635,0.00235311700802,0.0015412111875,-0.0011203958721,0.000269735732251,-0.00544121372321,0.00328436581312,-0.000839944126385,0.00699758284388,0.000137751519359,-0.00540936254193,-0.0204421419248,0.00436517813962
1.116667,0.000700598681893,7.10887700538e-06,-0.000479734709019,0.000247807298715,-0.000747767223255,0.000807610671428,0.00233090007302,0.00165683399873,-0.00111623209737,0.000172290976787,-0.0057835984202,0.00334976638855,-0.00183264579433,0.00684500786931,0.000362616828064,-0.00627394443174,-0.0205643245529,0.00345335500209
1.133333,0.000739208093487,3.57137564829e-05,-0.00049830834277,0.000249767184342,-0.000847190464582,0.000863968748086,0.00229156372805,0.0017694532304,-0.00110823859771,5.99403111927e-05,-0.00612745632534,0.00339911856053,-0.00289058491927,0.00663749088971,0.000596440788765,-0.00719508765634,-0.0206183671495,0.00244249014375
1.150000,0.000777010407153,6.6167235168e-05,-0.000516715553199,0.000249720445373,-0.000952358553202,0.000921005254949,0.00223403312977,0.00187813933761,-0.00109627162747,-6.82596000938e-05,-0.00647163758302,0.00343076606396,-0.00401199216215,0.00637360881701,0.000838513865768,-0.00817263398901,-0.0206028564733,0.0013323465298
1.166667,0.000813693129439,9.83957420153e-05,-0.000534888891369,0.000247394644118,-0.00106326714176,0.000978410797004,0.0021572659992,0.00198194170247,-0.00108019993545,-0.000213247058514,-0.00681497174923,0.00344305375777,-0.00519473643314,0.0060522638228,0.00108804876874,-0.00920613676308,-0.0205167410075,0.000123299868682
1.183333,0.000848926680165,0.000132309698763,-0.000552758830485,0.000242501754429,-0.00117989221355,0.00103584842912,0.00206025861564,0.00207989424208,-0.00105990606167,-0.000375950428906,-0.00715627391124,0.00343433804662,-0.00643633068712,0.00567270443156,0.0013441806671,-0.0102948506353,-0.020359340293,-0.00118363889293
1.200000,0.000882365085391,0.000167803310949,-0.000570254006918,0.000234738369641,-0.00130218989302,0.00109295393826,0.00194205169578,0.00217102135705,-0.00103528762738,-0.00055728307641,-0.00749435094488,0.00340299765056,-0.00773393986961,0.00523454519072,0.00160596779021,-0.0114377225948,-0.0201303520567,-0.00258680441372
1.216667,0.00091364676733,0.000204754460904,-0.000587301482659,0.000223785996226,-0.00143009636164,0.00114933630795,0.00180173612256,0.00225434419535,-0.00100625861182,-0.000758138164218,-0.00782800787199,0.00334744466526,-0.00908439097013,0.00473778476502,0.00187239242448,-0.0126333842949,-0.0198298570915,-0.00408386133676
1.233333,0.000942395428404,0.000243024707758,-0.000603827028928,0.000209311435312,-0.00156352788048,0.0012045783695,0.0016384584889,0.00232888720412,-0.000972750608847,-0.000979383334842,-0.00815605428047,0.00326613585224,-0.0104841851263,0.00418282230858,0.00214236231673,-0.013880145779,-0.0194583218582,-0.00567179238175
1.250000,0.000968221026073,0.000282459399026,-0.000619755430549,0.00019096725379,-0.00170238092024,0.00125823764303,0.00145142642278,0.00239368493946,-0.000934714056813,-0.00122185529874,-0.00847731076854,0.00315758409585,-0.0119295117087,0.00357047197531,0.0024147124914,-0.0151759906661,-0.0190165987938,-0.00734689030856
1.266667,0.000990720834507,0.000322887897809,-0.000635010810586,0.000168392346371,-0.00184653239876,0.00130984737091,0.00123991366119,0.00244778910195,-0.000892119434488,-0.00148635435517,-0.00879061537503,0.00302036996103,-0.0134162643053,0.00290197543613,0.00268820748741,-0.0165185728548,-0.0185059243253,-0.00910475388871
1.283333,0.00100948058865,0.000364123929093,-0.000649516974608,0.000141212589501,-0.00199584002554,0.00135891774429,0.00100326484203,0.00249027576372,-0.000844958416195,-0.00177363887103,-0.00909482995745,0.00285315328413,-0.0149400585089,0.00217901228016,0.00296154401838,-0.0179052147967,-0.0179279146009,-0.0109402879994
1.300000,0.00102407570575,0.000405966048055,-0.000663197773855,0.000109041587605,-0.00215014275199,0.00140493732314,0.000740899984704,0.00252025275064,-0.000793244978942,-0.00208441974434,-0.00938884647986,0.00265468472711,-0.0164962514036,0.00140370818652,0.00323335405815,-0.0193329073847,-0.0172845589663,-0.0128477079314
1.316667,0.00103407257883,0.000448198232638,-0.000675977486431,7.14815117183e-05,-0.00230926132571,0.00144737464819,0.000452318632089,0.00253686714159,-0.000737016454516,-0.00241935487953,-0.00967159317334,0.00242381722409,-0.0180799626331,0.000578640763851,0.00350220835114,-0.0207983114917,-0.0165782112236,-0.0148205479784
1.333333,0.00103902993641,0.00049059060202,-0.000687781215557,2.81240300363e-05,-0.00247299894622,0.00148568004277,0.000137103628373,0.00253931284518,-0.000676334519428,-0.00277904370247,-0.00994204053234,0.0021595172485,-0.0196860969226,-0.000293157034758,0.00376662034534,-0.0222977611897,-0.0158115787292,-0.0168516743507
1.350000,0.00103850026199,0.000532900261944,-0.000698535303778,-2.14486704771e-05,-0.00264114201923,0.00151928760054,-0.000205075490243,0.00252683821259,-0.00061128611571,-0.00316402174339,-0.0101992071114,0.00186087582841,-0.02130936792,-0.0012081960016,0.00402505054319,-0.0238272686697,-0.0149877093937,-0.018933302431
1.366667,0.00103203126684,0.000574872277141,-0.000708167761922,-7.76627728195e-05,-0.00281346100577,0.00154761735466,-0.000574459512889,0.00249875364429,-0.000541984295626,-0.00357475531616,-0.0104421650881,0.00152711923754,-0.0229443232112,-0.00216253233737,0.00427591126368,-0.0253825308743,-0.0141099766644,-0.0210570183649
1.383333,0.00101916740898,0.000616240770387,-0.000716608711476,-0.000140951630855,-0.00298971136197,0.00157007762217,-0.000971196997728,0.00245443914702,-0.000468568983518,-0.00401163632277,-0.0106700455586,0.00115761928992,-0.0245853703568,-0.00315177194279,0.00451757180672,-0.0269589378476,-0.0131820625806,-0.0232138049525
1.400000,0.000999451451239,0.00065673014701,-0.00072379083894,-0.000211754484728,-0.00316963456487,0.00158606751645,-0.00139534215776,0.00239335179701,-0.00039120764815,-0.00447497721139,-0.0108820435356,0.000751903166659,-0.026226803793,-0.00417107738104,0.00474836400846,-0.0285515827981,-0.0122079390018,-0.025394071783
1.416667,0.00097242605076,0.000696056442882,-0.000729649860622,-0.000290515093579,-0.00335295921888,0.00159497961929,-0.00184685320182,0.00231503306433,-0.000310095879137,-0.00496500611666,-0.0110774226174,0.000309662704988,-0.0278628324318,-0.00521517753973,0.00496658817418,-0.0301552738603,-0.0111918471238,-0.0275876895255
1.433333,0.000937635372375,0.000733928793227,-0.000734124996203,-0.000377680288857,-0.00353940223736,0.00159620280314,-0.00232559114094,0.00221911595339,-0.000225457861286,-0.00548186221045,-0.0112555193032,-0.000169236919298,-0.0294876077915,-0.00627838000691,0.00517051937314,-0.0317645475344,-0.0101382754027,-0.0297840282688
1.450000,0.000894626717943,0.000770051018776,-0.000737159449331,-0.000473698451959,-0.00372867009298,0.00158912519277,-0.00283131906767,0.00210533191415,-0.000137546740944,-0.00602559129068,-0.0114157469253,-0.000684749182216,-0.0310952524871,-0.00735458616163,0.00535841407746,-0.0333736837729,-0.00905193601926,-0.0319719997716
1.466667,0.000842952163747,0.00080412332508,-0.000738700893393,-0.000579017920405,-0.00392046013051,0.00157313725449,-0.00336370191275,0.00197351747875,-4.66448787879e-05,-0.00659614163556,-0.0115575991793,-0.00123663893892,-0.0326798889045,-0.0084373089649,0.00552851712512,-0.0349767226747,-0.00793774002433,-0.0341401034661
1.483333,0.000782170197955,0.000835844110009,-0.000738701960521,-0.000694085327201,-0.00411446193492,0.00154763500033,-0.00392230668085,0.00182362057887,4.69360161954e-05,-0.00719336014959,-0.0116806532278,-0.00182447594908,-0.0342356678836,-0.00951969342243,0.00567906898489,-0.0365674827408,-0.00680077131075,-0.0362764760287
1.500000,0.000711847350153,0.000864911873745,-0.000737120731804,-0.000819343878479,-0.00431035874768,0.00151202329319,-0.00450660316392,0.00165570649945,0.000142854876355,-0.00781698882698,-0.0117845723618,-0.00244762925813,-0.0357567972351,-0.0105945396759,0.00580831329922,-0.0381395806331,-0.00564625956741,-0.0383689443115
1.516667,0.00063155980501,0.00089102722483,-0.000733921226622,-0.000955231574913,-0.00450782892365,0.00146571923825,-0.00511596512812,0.00146996342527,0.000240741393092,-0.00846666155707,-0.0118691082026,-0.00310526248878,-0.0372375699138,-0.0116543286649,0.00591450467867,-0.0396864523752,-0.00447955237427,-0.0404050814058
1.533333,0.00054089499222,0.000913894975118,-0.000729073888903,-0.00110217938283,-0.0047065474208,0.00140815564504,-0.00574967196696,0.00126670753832,0.000340196266606,-0.00914190129517,-0.0119341024323,-0.0037963300927,-0.0386723916789,-0.0126912502869,0.00599591672025,-0.041201375921,-0.00330608660268,-0.0423722655853
1.550000,0.000439453145028,0.000933226315787,-0.000722556068095,-0.00126060936127,-0.00490618731487,0.0013387845438,-0.00640691081072,0.00104638762463,0.000440791591166,-0.00984211762114,-0.0119794880415,-0.00451957460858,-0.0400558080677,-0.0136972339687,0.00605085021955,-0.042677495013,-0.0021313592893,-0.0442577418595
1.566667,0.000326848819812,0.000948741065895,-0.00071435249255,-0.00143093275171,-0.00510642133069,0.00125708073886,-0.00708677907935,0.000809589151367,0.000542071378876,-0.0105666047063,-0.0120052900888,-0.00527352496745,-0.0413825305198,-0.0146639815487,0.00607764154528,-0.044107844243,-0.000960898154048,-0.0460486858464
1.583333,0.000202712369453,0.000960169984313,-0.000704455732988,-0.00161354803737,-0.00530692338214,0.00116254538137,-0.00778828746328,0.000557037776517,0.000643552224378,-0.0113145397083,-0.0120116259647,-0.00605649588167,-0.0426474614893,-0.0155830023549,0.00607467114313,-0.0454853752209,0.000199768065313,-0.0477322696592
1.600000,6.6691363497e-05,0.000967257135259,-0.000692866653681,-0.0018088389794,-0.00550737011233,0.00105470954289,-0.00851036331388,0.000289602255417,0.000744724112365,-0.0120849816112,-0.0119987051614,-0.00686658834828,-0.0438457183923,-0.0164456503505,0.00604037213445,-0.0468029837522,0.00134513928889,-0.0492957294815
1.616667,-8.15480515654e-05,0.000969762297097,-0.000679594848946,-0.00201717263755,-0.00570744242583,0.000933137771197,-0.00925185442302,8.29671093467e-06,0.00084505136918,-0.012876870527,-0.0119668285473,-0.00770169129246,-0.04497265624,-0.0172431632071,0.00597323897375,-0.0480535379168,0.0024697736079,-0.0507264344963
1.633333,-0.000242319858206,0.000967463403502,-0.000664659062551,-0.00223889738315,-0.00590682700466,0.00079743160891,-0.0100115331686,-0.000285717763698,0.000943973759192,-0.0136890274728,-0.0119163871519,-0.00855948437036,-0.0460238888213,-0.0179667031508,0.00587183612808,-0.0492299069368,0.00356831646408,-0.0520119568172
1.650000,-0.000415916945851,0.000960159005612,-0.000648087587602,-0.0024743409124,-0.00610521780003,0.000647233055587,-0.0107881010003,-0.000591132197631,0.00104090772598,-0.0145201546358,-0.0118478604672,-0.00943744194548,-0.0469953083013,-0.0186073994173,0.00573480674017,-0.0503249907165,0.00463552932603,-0.0531401420618
1.666667,-0.000602609966415,0.000947670743345,-0.000629918644512,-0.00272380826822,-0.00630231749162,0.00048222795358,-0.0115801932394,-0.000906489556103,0.00113524777773,-0.0153688361356,-0.0117618142762,-0.0103328382458,-0.0478831031177,-0.0191563921386,0.00556088123637,-0.0513317499311,0.00566631769689,-0.0540991801977
1.683333,-0.000802646272376,0.00092984581365,-0.000610200734637,-0.00298757987905,-0.00649783890689,0.000302149277921,-0.0123863841608,-0.00123018529748,0.00122636801564,-0.0162335392931,-0.0116588980197,-0.0112427537037,-0.0486837740636,-0.0196048774756,0.00534888583972,-0.0522432365386,0.0066557582919,-0.054877676284
1.700000,-0.00101624894185,0.000906559423117,-0.000588992967225,-0.00326590962314,-0.00669150639258,0.000106780310521,-0.0132051923297,-0.00156046869282,0.00131362380331,-0.0171126164114,-0.0115398417182,-0.0121640824727,-0.0493941484588,-0.0199441537999,0.00509775094797,-0.0530526245842,0.00759912522945,-0.0554647207271
1.716667,-0.00124361589462,0.000877717212079,-0.000566365357322,-0.00355902292678,-0.00688305713126,-0.000104042320866,-0.0140350861563,-0.00189544492371,0.00139635357465,-0.0180043070722,-0.0114054524655,-0.013093541111,-0.0500113923216,-0.0201656687195,0.00480651933594,-0.0537532411637,0.00849191508568,-0.0558499586657
1.733333,-0.00148491910255,0.00084325763711,-0.000542399092379,-0.0038671149053,-0.00707224239591,-0.000330425758267,-0.0148744896381,-0.00223307797078,0.00147388077694,-0.0189067409494,-0.0112566105146,-0.0140276784132,-0.0505330204683,-0.0202610667362,0.00447435414154,-0.0543385974113,0.00932987066942,-0.056023658098
1.750000,-0.00174030389709,0.000803154298636,-0.000517186765307,-0.00419034855525,-0.00725882873593,-0.000572418202663,-0.0157217882519,-0.00257119430159,0.00154551594515,-0.01981794114,-0.0110942649781,-0.0149628863658,-0.050956904476,-0.0202222373139,0.00410054659464,-0.0548024193723,0.010109003382,-0.0559767763685
1.766667,-0.00200988837627,0.000757418200268,-0.000490832571843,-0.00452885300657,-0.00744259908829,-0.000830006395251,-0.0165753349615,-0.00290748736279,0.00161055890278,-0.0207358280075,-0.0109194291683,-0.0158954121972,-0.0512812784644,-0.0200413631331,0.00368452344839,-0.0551386786235,0.0108256140356,-0.0557010246303
1.783333,-0.00229376291255,0.000706099926417,-0.000463452470152,-0.00488272184309,-0.00762335380804,-0.00110311330873,-0.0174334563027,-0.00323952287791,0.00166830108416,-0.0216582235339,-0.0107331756032,-0.0168213714833,-0.0515047426578,-0.0197109683003,0.00322585407263,-0.0553416225011,0.0114763120118,-0.0551889299071
1.800000,-0.00259198976277,0.000649291724755,-0.000435174300695,-0.00525201149993,-0.00780091161292,-0.0013915960659,-0.0182944585095,-0.00356474494793,0.00171802797189,-0.0225828561726,-0.0105366307078,-0.0177367622673,-0.05162626471,-0.0192239662776,0.00272425717005,-0.0554058037969,0.0120580326537,-0.0544338943862
1.816667,-0.0029046027804,0.00058712948018,-0.000406137864473,-0.00563673974605,-0.00797511043717,-0.00169524410217,-0.0191566336436,-0.00388048294796,0.00175902164312,-0.0235073661905,-0.0103309692394,-0.0186374801434,-0.0516451787837,-0.0185737072957,0.00217960707612,-0.0553261097831,0.0125680527942,-0.0534302515803
1.833333,-0.00323160722989,0.000519794567055,-0.000376494957925,-0.00603688425987,-0.00814580819011,-0.00201377758741,-0.0200182656898,-0.00418395920964,0.00179056341717,-0.024429311489,-0.0101174084711,-0.0195193342499,-0.0515611823932,-0.0177540250109,0.00159193960515,-0.05509779043,0.0130040043341,-0.0521733190113
1.850000,-0.00357297970224,0.000447515566751,-0.000346409362812,-0.00645238130614,-0.0083128834159,-0.00234684612214,-0.0208776365802,-0.0044722974743,0.00181193659681,-0.0253461738883,-0.00989720216439,-0.0203780641098,-0.0513743310306,-0.0167592821671,0.000961457405572,-0.0547164856792,0.013363885797,-0.0506594470789
1.866667,-0.00392866813028,0.000370569837747,-0.000316056789633,-0.00688312452128,-0.00847623585119,-0.00269402772134,-0.0217330321103,-0.0047425320986,0.00182242929447,-0.0262553658578,-0.00967163436687,-0.021209357254,-0.0510850306143,-0.0155844150235,0.000288534789394,-0.0541782516405,0.0136460717961,-0.0488860637934
1.883333,-0.0042985919016,0.000289284925933,-0.000285624773199,-0.00732896381485,-0.00863578687788,-0.0030548280986,-0.0225827477116,-0.00499161798983,0.00182133733457,-0.0271542376742,-0.0094420130693,-0.0220088675536,-0.0506940278068,-0.0142249763108,-0.000426277998196,-0.0534795855824,0.0138493203668,-0.0468517150701
1.900000,-0.00468264206636,0.000204039803126,-0.000255312519192,-0.00778970439384,-0.0087914798692,-0.00342868026167,-0.0234250940446,-0.00521644124444,0.00180796722215,-0.0280400849859,-0.00920966375849,-0.0227722341871,-0.0502023982675,-0.0126771764827,-0.00118225110101,-0.0526174495908,0.013972778123,-0.0445561002987
1.916667,-0.00508068163677,0.000115265922329,-0.000225330700679,-0.00826510591646,-0.00894328042745,-0.00381494442935,-0.0242584023794,-0.00541383045945,0.00178163916779,-0.0289101567604,-0.00897592290241,-0.0234951011588,-0.0496115329171,-0.0109379230315,-0.00197847199609,-0.051589292773,0.0140159832161,-0.0420001029242
1.933333,-0.00549254597438,2.34480787691e-05,-0.000195901203728,-0.00875488178176,-0.00909117651273,-0.00421290827838,-0.0250810297309,-0.00558056868244,0.00174169015814,-0.0297616635892,-0.00874213140437,-0.0241731372856,-0.0489231223032,-0.00900485764381,-0.002813843088,-0.0503930718929,0.0139788660836,-0.0391858157967
1.950000,-0.00591804326085,-7.08749336344e-05,-0.000167256821467,-0.00925869856051,-0.00923517846235,-0.00462178752711,-0.0258913637179,-0.00571340596233,0.00168747706099,-0.0305917863238,-0.0085096280631,-0.0248020565606,-0.0481391391704,-0.0068763909772,-0.00368707997929,-0.0490272703245,0.0138617479876,-0.0361165610706
1.966667,-0.00635695504731,-0.000167109880061,-0.000139640896082,-0.00977617557299,-0.00937531890135,-0.00504072686181,-0.0266878271168,-0.00580907245931,0.00161837975346,-0.0313976850125,-0.00827974307564,-0.0253776388035,-0.0472618193488,-0.00455173484795,-0.00459671044042,-0.0474909152205,0.0136653373588,-0.0327969044587
1.983333,-0.00680903687702,-0.000264608865797,-0.000113306908501,-0.0103068846181,-0.00951165254524,-0.00546880120929,-0.0274688820835,-0.00586429206927,0.00153380426132,-0.0321765081096,-0.00805379161936,-0.0258957504991,-0.0462936410877,-0.00203093162627,-0.00554107410027,-0.0457835927963,0.0133907239724,-0.0292326636741
2.000000,-0.00727401897558,-0.000362669348662,-8.85180156394e-05,-0.0108503498586,-0.00964425589644,-0.00590501735844,-0.0282330340178,-0.00587579651411,0.00143318589738,-0.0329254019217,-0.00783306754908,-0.0263523657281,-0.0452373029691,0.000685119352814,-0.00651832287558,-0.043905461641,0.0130393709953,-0.0254309109184
2.016667,-0.00775160700246,-0.000460534390193,-6.55465353601e-05,-0.0114060478651,-0.0097732268367,-0.00634831593118,-0.0289788350482,-0.00584033984696,0.00131599238646,-0.0336415202608,-0.00761883724434,-0.0267435870893,-0.0440957005501,0.00359463854554,-0.00752642215475,-0.0418572639693,0.0126131049565,-0.0213999693032
2.033333,-0.00824148285748,-0.000557393152085,-4.467337946e-05,-0.0119734078237,-0.00989868411834,-0.00679757370195,-0.0297048871182,-0.00575471331771,0.00118172696412,-0.034322034266,-0.00741233364104,-0.0270656665094,-0.0428719018859,0.00669494629257,-0.00856315274875,-0.0396403347421,0.0121141037055,-0.0171494031232
2.050000,-0.00874330553528,-0.0006523816434,-2.61874352312e-05,-0.0125518119076,-0.0100207667576,-0.00725160626298,-0.030409844654,-0.00561576054193,0.00102993143645,-0.0349641423608,-0.00721475048035,-0.0273150258405,-0.0415691221002,0.00998244640726,-0.00962611361864,-0.0372566085857,0.0115448824345,-0.0126900019251
2.066667,-0.00925671202081,-0.00074458372315,-1.03848963586e-05,-0.0131405958172,-0.0101396333339,-0.00770917103086,-0.0310924168028,-0.00542039291361,0.000860189187743,-0.0355650803056,-0.00702723680656,-0.0274882771382,-0.0401906971709,0.0134526134034,-0.0107127253863,-0.034708624455,0.0109082778506,-0.00803375835195
2.083333,-0.00978131821843,-0.000833032361783,2.43145586809e-06,-0.0137390494868,-0.0102554611999,-0.00816897058832,-0.0317513692265,-0.00516560519982,0.00067212812298,-0.0361221313099,-0.00685089174391,-0.0275822425187,-0.0387400571093,0.0170999834925,-0.0118202346316,-0.0319995279892,0.0102074305973,-0.00319383976772
2.100000,-0.0103167199073,-0.000916711164095,1.19530198315e-05,-0.0143464179621,-0.0103684456063,-0.00862965635323,-0.032385525445,-0.00484849125339,0.000465423532049,-0.0366326361641,-0.0066867595808,-0.0275939734902,-0.0372206987136,0.0209181494657,-0.012945718976,-0.0291330715224,0.00944576603267,0.00181544629548
2.116667,-0.0108624937151,-0.000994556154981,1.78661879347e-05,-0.0149619024457,-0.0104787987479,-0.0090898325653,-0.0329937677221,-0.0044662597779,0.000239800862527,-0.0370940033511,-0.00653582518774,-0.0275207696565,-0.0356361580839,0.0248997595593,-0.0140860929497,-0.0261136117178,0.0086269734814,0.00697869279973
2.133333,-0.0114181981034,-0.00106545782835,1.98532063856e-05,-0.0155846615111,-0.0105867487358,-0.00954806057896,-0.033575037491,-0.00401625007778,-4.96161197301e-06,-0.0375037190992,-0.00639900979359,-0.0273601966914,-0.0339899830856,0.0290365203867,-0.0152381146349,-0.0229461048071,0.00775498408894,0.0122794398702
2.150000,-0.0119833743554,-0.00112826345838,1.75930785673e-05,-0.0162138124838,-0.0106925385023,-0.0100028634497,-0.0341283353225,-0.00349594772502,-0.00026903024078,-0.0378593573352,-0.00627716714221,-0.0271101034849,-0.0322857059539,0.0333192040034,-0.0163983930762,-0.019636099424,0.00683394741074,0.0177002273379
2.166667,-0.0125575475597,-0.00118177967113,1.0762509928e-05,-0.0168484329878,-0.010796424645,-0.0104527307988,-0.0346527204372,-0.00290300007316,-0.000552513575166,-0.0381585894971,-0.00617108004959,-0.0267686383636,-0.0305268162291,0.0377376591518,-0.0175633964441,-0.0161897270324,0.00586820687969,0.0232226529938
2.183333,-0.0131402275828,-0.00122477527341,-9.6310788374e-07,-0.0174875626541,-0.0108986762167,-0.0108961239409,-0.0351473097703,-0.00223523154834,-0.0008554600898,-0.0383991941685,-0.00608145737876,-0.0263342642936,-0.0287167342156,0.0422808267167,-0.0187294609348,-0.01261368996,0.00486227430021,0.0288274363584
2.200000,-0.013730910021,-0.00125598433458,-1.7908676118e-05,-0.0181302049882,-0.0109995734688,-0.0113314812558,-0.0356112765989,-0.00149065864717,-0.00117785605879,-0.0385790664917,-0.00600893144766,-0.025805772973,-0.0268587851515,0.0469367594045,-0.0198928003865,-0.0089152470576,0.00382080352328,0.0344944877457
2.216667,-0.0143290771274,-0.00127410951572,-4.03983339369e-05,-0.0187753293929,-0.0110994065546,-0.0117572237858,-0.0360438487458,-0.000667504570806,-0.0015196235981,-0.0386962273228,-0.00595405588219,-0.0251822977293,-0.0249561742774,0.0516926456379,-0.0210495165884,-0.00510219701456,0.00274856346164,0.0402029823679
2.233333,-0.0149341987038,-0.00127782563972,-6.87543722147e-05,-0.0194218733416,-0.0111984742012,-0.0121717610382,-0.0364443063752,0.000235786574935,-0.00188061888562,-0.0387488320889,-0.0059173039241,-0.0244633251403,-0.0230119629867,0.0565348376415,-0.0221956102562,-0.00118285937251,0.00165041060817,0.0459314392012
2.250000,-0.0155457329542,-0.00126578349417,-0.000103296119183,-0.0200687446959,-0.0112970823561,-0.0125734969699,-0.0368119794009,0.00122053608296,-0.0022606305699,-0.038735179309,-0.00589906720073,-0.0236487052993,-0.0210290462341,0.0614488836744,-0.0233269926431,0.00283394671303,0.000531261223564,0.0516578043066
2.266667,-0.0161631272906,-0.00123661385839,-0.000144338801156,-0.0207148241638,-0.0113955428181,-0.0129608361319,-0.0371462445288,0.00228781752065,-0.00265937837774,-0.0386537187422,-0.00589965496062,-0.0227386606559,-0.0190101313749,0.0664195643463,-0.024439497754,0.00693892590143,-0.000603936638897,0.0573595382715
2.283333,-0.0167858190875,-0.00118893174414,-0.000192192381739,-0.0213589678893,-0.0114941718585,-0.0133321899494,-0.0374465219598,0.00343844424534,-0.00307651193047,-0.0385030591273,-0.00591929377632,-0.0217337933638,-0.0169577185993,0.0714309329347,-0.0255288951272,0.0111223322159,-0.00175023110235,0.0630137074191
2.300000,-0.0174132363777,-0.00112134083911,-0.000247160383083,-0.0220000101681,-0.011593288842,-0.0136859831112,-0.0377122717794,0.00467295762568,-0.00351160977814,-0.0382819754783,-0.00595812771294,-0.0206350910782,-0.0148740831161,0.0764663596042,-0.0265909031423,0.0153739966328,-0.0029026942601,0.0685970784033
2.316667,-0.0180447984869,-0.0010324381406,-0.000309538692893,-0.0226367662809,-0.0116932148539,-0.0140206600426,-0.0379429900666,0.00599161603288,-0.00396417865993,-0.0379894159028,-0.00601621895804,-0.0194439311477,-0.0127612592354,0.0815085794067,-0.0276212028154,0.0196833566217,-0.0040564496261,0.0740862157912
2.333333,-0.0186799165997,-0.000920818766175,-0.000379614361029,-0.023268035437,-0.0117942713412,-0.0143346914346,-0.0381382047534,0.00739438466398,-0.00443365299864,-0.0376245079122,-0.00609354890576,-0.0181620831552,-0.0106210264836,0.0865397439271,-0.0286154520345,0.0240394875393,-0.00520669907587,0.0794575822137
2.350000,-0.0193179942553,-0.000785080926859,-0.000457664389674,-0.0238926038179,-0.0118967787763,-0.014626580802,-0.0382974712701,0.00888092625664,-0.00491939463616,-0.0371865641924,-0.00619001968539,-0.0167917097686,-0.00845489787787,0.0915414764194,-0.029569300189,0.0284311357696,-0.00634874911455,0.0846876406476
2.366667,-0.0199584277696,-0.000623831047469,-0.000543954521143,-0.0245092477129,-0.0120010553493,-0.0148948710401,-0.0384203680139,0.0104505927524,-0.00542069281617,-0.036675087808,-0.00630545612163,-0.0153353658697,-0.00626411047248,0.0964949302597,-0.0304784031443,0.0328467534971,-0.00747803631274,0.0897529583775
2.383333,-0.020600606579,-0.000435689017864,-0.000638738027498,-0.0251167367372,-0.0121074156972,-0.0151381509541,-0.0385064916799,0.012102417962,-0.00593676441931,-0.0360897768129,-0.00643960811158,-0.0137959959355,-0.00404961827718,0.101380850529,-0.031338438508,0.0372745349903,-0.00859015175515,0.0946303121721
2.400000,-0.0212439135066,-0.000219293557901,-0.000742254506231,-0.0257138371206,-0.0122161696747,-0.0153550617281,-0.038555452493,0.013835111284,-0.00646675445528,-0.0354305282433,-0.00659215340053,-0.0121769296582,-0.00181208763449,0.106179638523,-0.0321451211361,0.0417024542663,-0.0096808643532,0.0992967941984
2.416667,-0.0218877249479,2.66923218472e-05,-0.000854728686339,-0.026299315059,-0.0123276211765,-0.0155443033079,-0.0385668693849,0.0156470525223,-0.00700973681544,-0.0346974414719,-0.00676270073647,-0.0104818757932,0.000448104871912,0.11087141896,-0.0328942188227,0.0461183040023,-0.0107461428789,0.103729918189
2.433333,-0.0225314109758,0.000303575782346,-0.00097636924914,-0.0268719401152,-0.0124420670135,-0.0157046406653,-0.0385403651573,0.0175362878479,-0.00756471528845,-0.0338908209024,-0.00695079338085,-0.00871491423674,0.00273087192027,0.115436109665,-0.0335815681148,0.0505097355488,-0.0117821765851,0.107907725368
2.450000,-0.0231743353646,0.000612628560753,-0.00110736766827,-0.0274304886601,-0.0125597958517,-0.0158349099156,-0.0384755616747,0.0195005269416,-0.00813062484063,-0.033011177988,-0.00715591295088,-0.00688048633996,0.00503641232314,0.119853493475,-0.0342030901967,0.0548642999018,-0.0127853942842,0.111808889645
2.466667,-0.0238158555353,0.000955081337484,-0.00124789707327,-0.0279737473408,-0.0126810872168,-0.0159340242593,-0.0383720751329,0.0215371413548,-0.00870633316159,-0.0320592325597,-0.00737748356668,-0.00498338347691,0.00736520524289,0.124103292104,-0.0347548067809,0.0591694894771,-0.0137524817689,0.115412821564
2.483333,-0.0244553224216,0.00133211808629,-0.00139811114115,-0.0285005165661,-0.0128062105712,-0.0160009797175,-0.0382295114447,0.0236431641177,-0.00929064247482,-0.0310359134502,-0.00761487627459,-0.00302873389073,0.00971800174031,0.128165241692,-0.0352328559475,0.0634127805338,-0.0146803974653,0.118699770532
2.500000,-0.0250920802617,0.00174487042837,-0.00155814302045,-0.0290096139954,-0.0129354244668,-0.0160348606349,-0.0380474617905,0.0258152906203,-0.00988229161188,-0.0299423584063,-0.00786741371638,-0.0010219878512,0.0120958136626,0.132019169771,-0.0356335078689,0.0675816760843,-0.0155663862196,0.121650924801
2.516667,-0.0257254663156,0.00219441201204,-0.00172810429207,-0.0294998780211,-0.0130689757768,-0.0160348449199,-0.0378254983753,0.028049880789,-0.0104799583477,-0.028779913282,-0.00813437501249,0.00103109883487,0.0144998998937,0.135645073332,-0.0359531803597,0.071663749129,-0.0164079911339,0.124248508743
2.533333,-0.0263548105155,0.00268175293956,-0.00190808397121,-0.0299701712309,-0.0132070990116,-0.016000208997,-0.0375631704373,0.0303429625729,-0.0110822619934,-0.0275501305075,-0.00841500082596,0.0031244829111,0.016931750007,0.139023197713,-0.036188454188,0.0756466860493,-0.0172030633715,0.126475876913
2.550000,-0.0269794350506,0.00320783426324,-0.00209814755481,-0.0304193838388,-0.0133500157201,-0.0159303324435,-0.0372600005514,0.0326902367521,-0.0116877662429,-0.0262547668343,-0.00870849857271,0.00525185329922,0.0193930653766,0.142134115981,-0.0363360880879,0.0795183299923,-0.0179497698714,0.128317604428
2.566667,-0.0275986538935,0.00377352257291,-0.00229833611852,-0.0308464370719,-0.0134979339788,-0.015824702287,-0.0369154812678,0.0350870830733,-0.0122949822664,-0.0248957803572,-0.00901404774272,0.0074066522018,0.0218857378193,0.144958808518,-0.0363930334099,0.083266724078,-0.0186465989179,0.129759573217
2.583333,-0.0282117722734,0.00437960469686,-0.00250866546731,-0.0312502865023,-0.0136510479706,-0.0156829169377,-0.0365290721273,0.0375285677129,-0.0129023720455,-0.0234753268173,-0.00933080529613,0.00958209760698,0.0244118258589,0.147478742462,-0.0363564483501,0.0868801542618,-0.0192923635276,0.130789053668
2.600000,-0.0288180861034,0.0050267825385,-0.00272912534382,-0.0316299253108,-0.0138095376539,-0.015504689735,-0.036100197093,0.0400094520639,-0.013508351942,-0.0219957551936,-0.00965791109731,0.0117712071151,0.0269735287152,0.149675950708,-0.0362237116957,0.0903471916829,-0.0198862026277,0.131394781269
2.616667,-0.0294168813677,0.00571566807055,-0.00295967869806,-0.0319843874712,-0.0139735685229,-0.0152898520849,-0.0356282424328,0.0425242028347,-0.0141112964915,-0.0204596025932,-0.00999449335023,0.0139668230001,0.0295731581424,0.151533110131,-0.0359924360292,0.0936567343327,-0.0204275800128,0.131567027806
2.633333,-0.0300074334783,0.00644677850886,-0.0032002610224,-0.0323127508431,-0.0141432914576,-0.0150383561702,-0.0351125550905,0.045067003446,-0.0147095424124,-0.0188695884529,-0.0103396739978,0.0161616384109,0.03221310825,0.153033618708,-0.0356604803333,0.0967980478772,-0.0209162810802,0.131297666741
2.650000,-0.0305890066083,0.00722053168704,-0.00345077975502,-0.0326141401637,-0.0143188426645,-0.0147502772135,-0.0345524415755,0.0476317667031,-0.0153013928204,-0.0172286080666,-0.0106925740481,0.018348224614,0.0348958234604,0.154161671221,-0.0352259619391,0.0997608054715,-0.0213524073593,0.130580232403
2.666667,-0.0311608530117,0.00803724165317,-0.00371111375557,-0.0328877299239,-0.014500343704,-0.0144258152787,-0.0339471674028,0.050212148718,-0.0158851216362,-0.0155397254587,-0.0110523187914,0.0205190591695,0.0376237647662,0.15490233321,-0.0346872677647,0.102535126406,-0.0217363688592,0.12940997264
2.683333,-0.0317222123381,0.00889711450917,-0.00398111285576,-0.0331327471221,-0.014687901605,-0.0140652965937,-0.0332959571079,0.0528015640497,-0.0164589781745,-0.0138061656224,-0.0114180428711,0.0226665549291,0.0403993744677,0.155241612869,-0.0340430647906,0.105111613432,-0.0220688742789,0.127783894613
2.700000,-0.0322723109528,0.00980024451278,-0.00426059748809,-0.0333484738822,-0.0148816090619,-0.013669174384,-0.0325979948635,0.055393202025,-0.0170211919016,-0.0120313061472,-0.0117888951742,0.0247830897402,0.0432250395803,0.155166530558,-0.0332923097223,0.107481388608,-0.0223509191306,0.125700803467
2.716667,-0.0328103612726,0.0107466104616,-0.00454935839531,-0.0335342499268,-0.0150815447118,-0.0132380292049,-0.0318524257151,0.0579800441979,-0.0175699773468,-0.010218668261,-0.0121640435059,0.0268610367336,0.0461030541153,0.154665185641,-0.0324342577924,0.109636127531,-0.0225837718435,0.12316133358
2.733333,-0.0333355611272,0.011736072378,-0.00484715642298,-0.033689474897,-0.0152877734876,-0.0127725687644,-0.0310583574557,0.0605548829005,-0.0181035391532,-0.00837190731592,-0.0125426790165,0.0288927950695,0.0490355804484,0.153726820334,-0.0314684706581,0.111568091805,-0.0227689579284,0.120167972209
2.750000,-0.0338470931576,0.0127683685118,-0.0051537223975,-0.0338136105082,-0.0155003470428,-0.012273627229,-0.0302148631501,0.0631103408325,-0.0186200772529,-0.00649480274703,-0.0129240203479,0.0308708210136,0.0520246099978,0.152341880283,-0.0303948233503,0.113270159618,-0.022908242292,0.116725075296
2.766667,-0.0343441242619,0.0138431126791,-0.00546875709141,-0.0339061825343,-0.0157193042428,-0.0117421640101,-0.0293209843213,0.0656388916331,-0.0191177921497,-0.00459124753754,-0.0133073174709,0.0327876592104,0.0550719234444,0.150502071589,-0.0292135102386,0.114735854293,-0.0230036098059,0.112838875307
2.783333,-0.0348258050998,0.0149597919522,-0.00579193127767,-0.0339667826122,-0.015944671718,-0.0111792620267,-0.0283757348018,0.0681328813734,-0.0195948902931,-0.00266523722508,-0.0136918551831,0.0346359740197,0.0581790507337,0.148200414008,-0.0279250499735,0.115959370706,-0.0230572442432,0.108517480961
2.800000,-0.0352912696675,0.0161177647146,-0.0061228858743,-0.0339950698592,-0.0161764644715,-0.0105861254458,-0.0273781052534,0.0705845509028,-0.0200495895258,-0.000720858485574,-0.0140769562433,0.0364085807807,0.0613472311041,0.145431290075,-0.0265302893772,0.11693559945,-0.0230715057081,0.103770868758
2.816667,-0.0357396349527,0.0173162590969,-0.00646123218048,-0.0339907722965,-0.0164146865363,-0.00996407690201,-0.0263270683529,0.0729860589801,-0.0204801245872,0.00123772266681,-0.0144619841175,0.0380984768653,0.0645773733934,0.142190489902,-0.025030406252,0.117660148642,-0.0230489066937,0.0986108662634
2.833333,-0.036170000683,0.0185543718045,-0.00680655220483,-0.0339536880727,-0.0166593316753,-0.00931455420194,-0.0252215846349,0.0753295061151,-0.0208847526552,0.00320627302345,-0.0148463453141,0.0396988723842,0.0678700168758,0.138475251433,-0.0234269110843,0.118129363288,-0.0229920869106,0.0930511271304
2.850000,-0.0365814491755,0.0198310673483,-0.00715839908641,-0.0338836864824,-0.0169103841162,-0.0086391065196,-0.0240606089837,0.0776069590418,-0.0212617589061,0.00518050462729,-0.0152294912901,0.0412032204059,0.0712252928883,0.134284295934,-0.0217216476224,0.118340342112,-0.0229037870414,0.0871070978693
2.866667,-0.0369730453019,0.0211451776892,-0.00751629760857,-0.033780708774,-0.0171678193147,-0.00793939009225,-0.0228430977568,0.0798104757443,-0.0216094620756,0.00715608747821,-0.0156109199114,0.0426052465538,0.074642887502,0.129617858531,-0.0199167923125,0.118290951778,-0.0227868215796,0.0807959764401
2.883333,-0.0373438365764,0.0224954023041,-0.0078797448055,-0.0336447687443,-0.0174316047383,-0.00721716342843,-0.0215680165208,0.0819321309487,-0.0219262199997,0.00912866245353,-0.0159901764526,0.0438989778435,0.0781220054968,0.124477713611,-0.0180148525809,0.117979838441,-0.0226440509208,0.0741366627536
2.900000,-0.0376928533784,0.0238803086811,-0.00824821066101,-0.0334759531157,-0.0177017006628,-0.00647428204175,-0.0202343483764,0.083964041996,-0.0222104351184,0.0110938543988,-0.0163668541269,0.0450787706273,0.081661335895,0.118867194942,-0.0160186639546,0.117406436572,-0.0224783528811,0.0671497012192
2.916667,-0.0380191093181,0.0252983332488,-0.00862113889869,-0.0332744216934,-0.0179780609737,-0.00571269272655,-0.0188411028441,0.0858983950051,-0.0224605599206,0.0130472853425,-0.0167405941355,0.0461393375146,0.0852590193056,0.112791210354,-0.0139313860161,0.116570975014,-0.0222925938183,0.05985721551
2.933333,-0.0383216017563,0.0267477827445,-0.0089979478624,-0.0330404073018,-0.0182606339647,-0.00493442739362,-0.0173873252784,0.0877274712354,-0.0226751023125,0.0149845877891,-0.0171110852344,0.0470757731395,0.0889126173269,0.106256250885,-0.0117564971953,0.115474480227,-0.0220895995418,0.0522828357532
2.950000,-0.0385993124837,0.0282268360232,-0.00937803148558,-0.0327742154981,-0.0185493631239,-0.00414159648617,-0.015872106773,0.0894436735545,-0.022852630889,0.016901418042,-0.0174780628137,0.0478835786512,0.0926190842503,0.0992703942759,-0.0094977884023,0.114118776719,-0.0218721261945,0.0444516183902
2.966667,-0.0388512085713,0.0297335463091,-0.00976076034763,-0.0324762240642,-0.018844187902,-0.00333638199848,-0.0142945945188,0.0910395529169,-0.022991780089,0.0187934695107,-0.0178413074929,0.0485586848076,0.0963747412992,0.09184330275,-0.00715935551115,0.112506484631,-0.0216428312961,0.0363899589844
2.983333,-0.0390762433954,0.0312658438879,-0.0101454828152,-0.0321468822765,-0.0191450444519,-0.00252103012152,-0.0126540025681,0.0925078347576,-0.0230912552162,0.0206564859532,-0.0182006432349,0.0490974735562,0.100175253628,0.0839862150197,-0.00474559071031,0.110641014487,-0.0214042451357,0.0281254982918
3.000000,-0.0392733578466,0.0328215392395,-0.0105315262663,-0.0317867099553,-0.0194518663335,-0.00169784354158,-0.0109496229594,0.0938414452033,-0.023149837306,0.0224862746079,-0.0185559349867,0.0494967979932,0.104015610299,0.0757119324895,-0.00226117273721,0.108526559119,-0.0211587427035,0.0196870219395
3.016667,-0.0394414817269,0.0343983266045,-0.0109181983936,-0.0313962962967,-0.0197645851747,-0.000869173420029,-0.00918083714894,0.0950335370058,-0.0231663878199,0.0242787191668,-0.0189070858575,0.049754000597,0.10789010744,0.0670347996451,0.000288943979096,0.106168082788,-0.0209085163498,0.0111043540901
3.033333,-0.0395795353396,0.0359937879823,-0.0113047885855,-0.0309762984893,-0.0200831312819,-3.74110837634e-05,-0.00734712769659,0.0960775150984,-0.0231398531503,0.0260297925438,-0.0192540338475,0.0498669296393,0.111792334772,0.0579706786457,0.00289954123967,0.103571307533,-0.0206555493557,0.00240824550162
3.050000,-0.0396864312757,0.0376053975506,-0.0116905693798,-0.0305274401201,-0.0204074341924,0.000795020542515,-0.00544809014658,0.0969670616805,-0.023069268917,0.0277355693928,-0.0195967481446,0.0498339536831,0.115715165695,0.0485369181527,0.00556515002989,0.100742696789,-0.0204015905999,-0.00636974358224
3.066667,-0.0397610764011,0.0392305265004,-0.0120747979879,-0.0300505093728,-0.020737423161,0.00162567572949,-0.00348344504322,0.0976961607344,-0.0229537640394,0.0293922383294,-0.0199352250084,0.0496539740866,0.119650751079,0.038752316457,0.00828006447006,0.097689436343,-0.0201481304997,-0.0151973652464
3.083333,-0.0398023740435,0.0408664482733,-0.0124567178844,-0.0295463570263,-0.021073027575,0.00245209492801,-0.00145305001825,0.0982591218788,-0.022792564568,0.0309961138128,-0.0202694832646,0.0493264354365,0.123590516924,0.028637078987,0.0110383567221,0.094419412667,-0.0198963783988,-0.0240418099354
3.100000,-0.0398092263823,0.0425103441929,-0.0128355604593,-0.0290158942572,-0.0214141772906,0.00327181391025,0.000643088115985,0.0986506034676,-0.0225849972587,0.0325436476453,-0.0205995594346,0.0488513338465,0.127525166003,0.0182127703005,0.0138338928083,0.0909411887341,-0.0196472415702,-0.0328698361897
3.116667,-0.0397805370398,0.0441593094726,-0.0132105467265,-0.0284600902532,-0.0217608028855,0.00408237303129,0.00280480133485,0.0988656348409,-0.0223304928764,0.0340314400469,-0.0209255025299,0.048229223062,0.131444683616,0.00750226069083,0.0166603492939,0.0872639773775,-0.0194013059927,-0.041647903555
3.133333,-0.0397152138719,0.0458103595892,-0.0135808890865,-0.0278799696469,-0.0221128358218,0.0048813265738,0.00503174850068,0.098899637642,-0.0220285892126,0.0354562502657,-0.0212473685409,0.047461218324,0.135338347535,-0.00347033244625,0.0195112307822,0.083397612302,-0.0191588190546,-0.0503423081149
3.150000,-0.0396121719561,0.0474604370025,-0.013945793136,-0.0272766097755,-0.0224702085144,0.00566625213844,0.00732340366364,0.098748446112,-0.0216789338052,0.0368150066851,-0.0215652146544,0.0465489979517,0.139194742218,-0.0146797083123,0.0223798881666,0.0793525168471,-0.018919674325,-0.0589193200785
3.166667,-0.0394703367729,0.0491064182056,-0.0143044595204,-0.0266511377764,-0.0228328543012,0.00643476004122,0.00967904463589,0.0984083262802,-0.0212812863474,0.0381048163922,-0.0218790932347,0.0454948026154,0.143001777344,-0.026099451282,0.0252595375816,0.075139670615,-0.0186833985274,-0.0673453228449
3.183333,-0.0392886475745,0.0507451210851,-0.0146560858244,-0.0260047275279,-0.0232007073111,0.00718450267945,0.0120977419115,0.0978759939711,-0.0208355207743,0.0393229741713,-0.0221890456068,0.0443014322795,0.146746710704,-0.0377021041424,0.0281432799903,0.0707705740864,-0.0184491408359,-0.0755869529513
3.200000,-0.0390660609359,0.052373312572,-0.014999868494,-0.0253385964454,-0.0235737022263,0.00791318382711,0.0145783480048,0.09714863155,-0.0203416270187,0.0404669708913,-0.0224950956807,0.0429722408058,0.150416175456,-0.0494592457651,0.0310241213459,0.0662572113514,-0.018215664605,-0.0836112403053
3.216667,-0.0388015544796,0.0539877165608,-0.0153350047855,-0.0246540021414,-0.0239517739378,0.00861856782048,0.0171194872807,0.0962239033382,-0.0197997124248,0.041534501256,-0.022797243459,0.041511128218,0.153996211726,-0.0613415729601,0.0338949932575,0.0616120110939,-0.0179813416313,-0.0913857480957
3.233333,-0.0384941307651,0.0555850220744,-0.0156606947352,-0.0239522389632,-0.0243348570912,0.00929848859532,0.0197195463473,0.0950999696277,-0.0192100028143,0.0425234708893,-0.0230954584705,0.0399225306363,0.157472302531,-0.0733189862441,0.0367487740927,0.0568478059724,-0.0177441490305,-0.0988787117716
3.250000,-0.0381428213341,0.0571618916512,-0.0159761431433,-0.0232346344168,-0.0247228855236,0.00995085853662,0.0223766650858,0.0937754992333,-0.0185728431961,0.0434320027301,-0.0233896731733,0.0382114079055,0.160829413962,-0.0853606792389,0.0395783104449,0.0519777905467,-0.0175016688027,-0.106059176481
3.266667,-0.0377466908996,0.0587149699288,-0.0162805615673,-0.0225025454911,-0.0251157915888,0.0105736771028,0.0250887283845,0.0922496805243,-0.0178886981156,0.0442584427141,-0.0236797763744,0.0363832289439,0.16405203955,-0.0974352313981,0.0423764388912,0.0470154779061,-0.0172510901428,-0.11289713236
3.283333,-0.0373048416666,0.0602408923987,-0.0165731703182,-0.0217573548923,-0.0255135053748,0.0111650391864,0.0278533586488,0.0905222308827,-0.0171581516388,0.0450013647207,-0.0239656067102,0.0344439548574,0.167124248706,-0.109510703748,0.0451360079664,0.0419746551599,-0.0169892145368,-0.119363647069
3.300000,-0.0368164177705,0.0617362943055,-0.0168532004527,-0.0210004672023,-0.0259159538122,0.0117231431749,0.0306679091526,0.0885934045401,-0.0163819069683,0.0456595747699,-0.0242469462368,0.0324000198665,0.170029739121,-0.121554737312,0.0478499002763,0.0368693379544,-0.0167124636746,-0.125430994987
3.316667,-0.0362806098197,0.0631978196638,-0.0171198957567,-0.020233304974,-0.0263230596771,0.0122462986752,0.0335294582965,0.0864639987508,-0.0155607856893,0.0462321144517,-0.0245235141743,0.0302583101103,0.172751892975,-0.133534653884,0.0505110546731,0.0317137241855,-0.0164168901883,-0.131072782465
3.333333,-0.0356966595255,0.0646221303626,-0.0173725147126,-0.0194573047752,-0.0267347404916,0.0127329338663,0.0364348048355,0.0841353582665,-0.0146957266454,0.0467182635781,-0.0247949608554,0.0280261403945,0.17527383678,-0.145417558786,0.053112488414,0.0265221470783,-0.0160981912151,-0.136264068582
3.350000,-0.0350638644034,0.0660059153316,-0.0176103324451,-0.0186739131946,-0.0271509073243,0.0131816024487,0.0393804641339,0.0816093780802,-0.0137877844457,0.0471175420475,-0.0250608619232,0.0257112289659,0.177578504679,-0.157170445264,0.0556473192254,0.021309027807,-0.0157517247638,-0.140981480837
3.366667,-0.0343815825279,0.0673458997374,-0.0178326426386,-0.017884582824,-0.0275714634978,0.013590990155,0.0423626655053,0.0788885044176,-0.0128381276042,0.0474297109147,-0.0253207128257,0.0233216704016,0.179648704983,-0.168760300137,0.0581087871922,0.0160888278321,-0.0153725288505,-0.145203325243
3.383333,-0.0336492373225,0.0686388541821,-0.0180387594209,-0.0170907682288,-0.0279963032057,0.0139599207943,0.0453773506882,0.0759757339553,-0.0118480363161,0.0476547726658,-0.025573923652,0.0208659067098,0.181467189709,-0.180154210337,0.0604902763952,0.01087600113,-0.0149553433531,-0.148909690303
3.400000,-0.0328663223647,0.0698816038741,-0.0182280192063,-0.0162939219209,-0.0284253100473,0.0142873617994,0.0484201735058,0.072874611257,-0.0108188998758,0.0477929706936,-0.0258198143561,0.0183526967503,0.183016726886,-0.191319469949,0.0627853362173,0.0056849464922,-0.0144946345165,-0.152082544372
3.416667,-0.0320324061874,0.0710710377407,-0.0183997824934,-0.0154954903462,-0.028858355486,0.0145724292497,0.051486500755,0.0695892244203,-0.00975221374175,0.0478447879811,-0.0260576104115,0.0157910840873,0.184280175338,-0.202223687361,0.0649877022413,0.000529960071328,-0.013984622027,-0.154705825941
3.433333,-0.0311471370543,0.0722041174535,-0.0185534356102,-0.014696909902,-0.0292952972389,0.0148143923463,0.0545714143611,0.0661241989367,-0.00864957625706,0.0478109449934,-0.0262864389379,0.0131903633971,0.185240561675,-0.212834892149,0.0670913166622,-0.00457481165239,-0.013419308558,-0.156765526398
3.450000,-0.0302102476885,0.0732778863362,-0.0186883924023,-0.0138996029949,-0.0297359776061,0.0150126773144,0.0576697148358,0.0624846897727,-0.00751268503369,0.0476923967914,-0.0265053253418,0.0105600455608,0.185881159181,-0.223121641301,0.0690903481407,-0.00961541830979,-0.0127925116739,-0.158249764849
3.466667,-0.0292215599325,0.0742894781255,-0.0188040958571,-0.0131049741537,-0.0301802217485,0.0151668707127,0.0607759260642,0.0586763716847,-0.00634333301032,0.0474903293748,-0.0267131905075,0.00790982157562,0.186185568274,-0.233053124381,0.0709792110227,-0.0145781513163,-0.012097897964,-0.159148854629
3.483333,-0.0281809893172,0.075236125556,-0.0189000196609,-0.0123144062103,-0.0306278359231,0.0152767221324,0.0638843014475,0.0547054277908,-0.00514340419516,0.0472061552712,-0.0269088485769,0.00524952542845,0.186137798223,-0.24259926727,0.0727525838535,-0.0194495886127,-0.0113290192656,-0.15945536115
3.500000,-0.0270885495166,0.0761151687391,-0.0189756696811,-0.0115292565596,-0.0310786056873,0.0153421462673,0.0669888314163,0.0505785364245,-0.00391486910609,0.0468415083862,-0.0270910053493,0.00258909607791,0.185722349758,-0.251730834077,0.0744054271192,-0.0242166383097,-0.0104793508196,-0.159164150768
3.516667,-0.0259443566652,0.0769240633096,-0.0190305853704,-0.0107508535115,-0.0315322940809,0.0153632243446,0.0700832523298,0.0463028563054,-0.0026597799215,0.0463982381363,-0.0272582573336,-6.14613026303e-05,0.184924298223,-0.26041952686,0.075933000146,-0.0288665810768,-0.00954233119068,-0.158272430416
3.533333,-0.0247486335163,0.0776603883097,-0.0190643410878,-0.00998049274718,-0.0319886397986,0.0153402049019,0.0731610567633,0.0418860100659,-0.00138026535651,0.0458784028847,-0.0274090914805,-0.0026921146646,0.183729376912,-0.268638082779,0.0773308770964,-0.0333871111223,-0.00851140377123,-0.15677977774
3.550000,-0.023501713416,0.0783218537856,-0.0190765473317,-0.00921943389033,-0.0324473553635,0.0152735039047,0.0762155051879,0.0373360661797,-7.85252800794e-05,0.0452842627061,-0.0275418856191,-0.00529284484653,0.182124060201,-0.276360368313,0.0785949619981,-0.0377663756156,-0.00738005967538,-0.15468816156
3.566667,-0.0222040440707,0.0789063080683,-0.0190668518812,-0.0084688972044,-0.032908125314,0.0151637041977,0.0792396390318,0.0326615193445,0.00124317491029,0.0446182715077,-0.0276549096204,-0.00785368559586,0.180095646102,-0.283561470205,0.0797215027516,-0.0419930124101,-0.0061418818212,-0.15200195249
3.583333,-0.0208561910858,0.0794117447159,-0.0190349408415,-0.00773006042681,-0.0333706044167,0.015011554286,0.0822262951134,0.0278712693765,0.0025825101388,0.0438830685352,-0.0277463273044,-0.0103647636853,0.177632337853,-0.290217782773,0.0807071040593,-0.0460561859322,-0.00479058998696,-0.148727923615
3.600000,-0.0194588412514,0.0798363090898,-0.0189805395898,-0.00700405574982,-0.0338344159166,0.0148179664485,0.0851681214257,0.0229745986793,0.00393710170812,0.0430814692957,-0.027814199107,-0.0128163389566,0.174723324146,-0.296307091269,0.081548739228,-0.049945621109,-0.00332008661988,-0.144875241138
3.616667,-0.0180128055534,0.0801783045452,-0.018903413619,-0.00629196695752,-0.0342991498393,0.0145840141828,0.0880575942455,0.0179811483564,0.00530452354341,0.0422164559318,-0.0278564855151,-0.0151988441246,0.171358857611,-0.301808650973,0.082243760797,-0.0536516352139,-0.00172450316726,-0.14045544497
3.633333,-0.0165190218891,0.0804361982101,-0.0188033692747,-0.0055948267279,-0.0347643613561,0.0143109289902,0.0908870365357,0.0129008930418,0.00668230860369,0.0412911670819,-0.0278710512786,-0.0175029241733,0.16753033116,-0.306703261708,0.0827899099504,-0.0571651675205,1.75330663457e-06,-0.135482419294
3.650000,-0.0149785574635,0.0806086263355,-0.0186802543851,-0.00491361410817,-0.0352295692264,0.0140000965069,0.0936486376022,0.00774411452593,0.00806795543998,0.0403088872647,-0.027855670402,-0.0197194751767,0.163230351796,-0.310973337505,0.0831853246757,-0.0604778066614,0.00186395346045,-0.129972353135
3.666667,-0.0133926108488,0.0806943991952,-0.0185339587797,-0.00424925217111,-0.03569425433,0.0136530519931,0.0963344739579,0.00252137426102,0.00945893487883,0.0392730358269,-0.027808031912,-0.0218396823794,0.15845281152,-0.314602971139,0.083428546635,-0.0635818155989,0.00386699921926,-0.12394369106
3.683333,-0.0117625136848,0.0806925055176,-0.0183644146955,-0.00360260585917,-0.0361578583017,0.0132714751937,0.0989365313449,-0.0027565151659,0.0108526968098,0.0381871554936,-0.0277257463984,-0.0238550573722,0.153192954926,-0.317577993301,0.0835185267198,-0.0664701541232,0.00601537777216,-0.117417074128
3.700000,-0.0100897320027,0.0806021164335,-0.0181715970691,-0.00297448002281,-0.0366197822818,0.0128571845873,0.101446727854,-0.00807851950175,0.0122466770541,0.0370549005658,-0.0276063533176,-0.025757474202,0.147447443147,-0.319886026159,0.0834546292662,-0.0691364988059,0.00831311627648,-0.110415271305
3.716667,-0.0083758671547,0.0804225889251,-0.0179555237142,-0.00236561765851,-0.0370793857948,0.012412131042,0.103856938079,-0.0134334131421,0.0136383042931,0.0358800248051,-0.0274473290436,-0.0275392042583,0.141214413753,-0.321516531111,0.0832366349108,-0.0715752603423,0.010763737522,-0.102963101543
3.733333,-0.00662265633129,0.0801534687621,-0.0177162553827,-0.00177669835138,-0.0375359857689,0.0119383909001,0.106159018236,-0.0188098101931,0.0150250070321,0.0346663690519,-0.0272460956503,-0.0291929497836,0.134493536286,-0.322460850541,0.0828647420731,-0.0737815982311,0.0133702168085,-0.0950873468188
3.750000,-0.0048319726525,0.0797944929134,-0.017453895709,-0.00120833692631,-0.0379888557069,0.0114381585166,0.108344832168,-0.0241961961793,0.0164042205779,0.0334178486207,-0.0270000304013,-0.0307118758578,0.127286063051,-0.322712243401,0.0823395670555,-0.0757514327474,0.0161349402875,-0.0868166564234
3.766667,-0.00300582481766,0.0793455914258,-0.0171685910385,-0.000661082311168,-0.0384372250231,0.0109137382761,0.110406278157,-0.0295809602932,0.0177733940062,0.0321384405183,-0.0267064759217,-0.0320896407146,0.119594874883,-0.322265914495,0.0816621427571,-0.0774814541766,0.0190596650184,-0.0781814428648
3.783333,-0.00114635630162,0.0788068887595,-0.0168605301398,-0.000135416614504,-0.0388802785535,0.0103675361199,0.11233531646,-0.0349524280797,0.0191299970966,0.030832170531,-0.0263627510202,-0.0333204242528,0.111424521538,-0.321119037317,0.0808339160012,-0.0789691292875,0.0221454809816,-0.0692137697661
3.800000,0.000744155914125,0.0781787045756,-0.0165299438017,0.000368245580381,-0.0393171562537,0.00980205061205,0.114123997465,-0.040298894448,0.0204715272102,0.0295031002272,-0.0259661621277,-0.0343989546115,0.102781256453,-0.319270770377,0.0798567434841,-0.0802127050329,0.0253927752893,-0.0599472321835
3.816667,0.00266330308499,0.0774615539706,-0.0161771043154,0.000849557704007,-0.0397469530913,0.00921986357934,0.115764490385,-0.0456086569006,0.0217955160896,0.0281553139205,-0.0255140153133,-0.0353205326885,0.093673065578,-0.316722266916,0.0787328863556,-0.0812112094787,0.0288011988262,-0.0504168298045
3.833333,0.00460854692954,0.0766561471543,-0.0158023248449,0.00130824147164,-0.0401687191439,0.00862363035977,0.117249112377,-0.0508700488694,0.0230995365556,0.0267929056413,-0.0250036288353,-0.0360810544845,0.0841096900475,-0.31347667798,0.0774650034476,-0.0819644499702,0.0323696355436,-0.040658833518
3.850000,0.00657722234478,0.0757633885726,-0.015405958686,0.00174408693709,-0.0405814599112,0.00801606969682,0.118570357991,-0.056071473047,0.0243812090814,0.0254199661613,-0.0244323461816,-0.0366770311685,0.0741026424471,-0.309539148814,0.0760561431725,-0.0824730085583,0.0360961746247,-0.0307106458776
3.866667,0.00856654061502,0.074784375473,-0.014988398417,0.00215695233066,-0.0409841368477,0.00739995331852,0.119720928832,-0.0612014346025,0.0256382082191,0.0240405701173,-0.0237975495487,-0.0371056067668,0.0636652164834,-0.304916808594,0.0745097341178,-0.0827382347151,0.0399780857242,-0.0206106560125
3.883333,0.0105735931169,0.0737203959181,-0.0145500749431,0.00254676368328,-0.0413756681241,0.00677809524169,0.120693763327,-0.0662485741704,0.0268682688593,0.0226587632789,-0.0230966737072,-0.0373645733874,0.0528124898703,-0.299618753503,0.0728295743671,-0.0827622353828,0.0440117974775,-0.0103980895625
3.900000,0.0125953555218,0.0725729262514,-0.0140914564385,0.00291351423956,-0.0417549296238,0.00615334084303,0.12148206649,-0.0712017005013,0.028069192302,0.0212785500042,-0.0223272201985,-0.0374523839011,0.041561320279,-0.293656023223,0.0710198195854,-0.0825478624058,0.0481928794603,-0.000112854239843
3.916667,0.0146286924936,0.071343628021,-0.013613047188,0.00325726366334,-0.042120756177,0.00552855574037,0.122079339548,-0.0760498226662,0.0292388521181,0.0199038809268,-0.0214867718009,-0.0373681620133,0.0299303342256,-0.287041570898,0.0690849699067,-0.0820986974094,0.0525160277668,0.010204618356
3.933333,0.0166703628796,0.07003434437,-0.0131153863339,0.00357813703985,-0.0424719430401,0.00490661452781,0.122479409331,-0.0807821817051,0.0303751997832,0.018538640916,-0.0205730072068,-0.0371117096671,0.0179399087962,-0.279790226677,0.067029855672,-0.0814190341954,0.0569750543599,0.0205135340291
3.950000,0.0187170253895,0.0686470959045,-0.0125990465294,0.00387632367951,-0.0428072476199,0.00429038940996,0.122676457295,-0.0853882816147,0.0314762700631,0.0171866373509,-0.0195837158446,-0.0366835117333,0.00561214613979,-0.271918654966,0.0648596220642,-0.0805138587349,0.061562880331,0.0307728997218
3.966667,0.0207652447542,0.0671840760506,-0.012064632505,0.00415207572877,-0.0431253914468,0.00368273878079,0.122665048056,-0.0898579195702,0.0325401861341,0.0158515887487,-0.0185168127793,-0.0360847379504,-0.00702915931227,-0.263445305515,0.0625797126958,-0.0793888268489,0.066271533191,0.0409416890206
3.983333,0.0228114983568,0.065647645913,-0.0115127795524,0.00440570659442,-0.0434250623968,0.00308649579318,0.122440157319,-0.0941812152812,0.0335651644219,0.0145371137829,-0.0173703536245,-0.035317242092,-0.0199585609102,-0.254390358535,0.0601958522052,-0.0780502396729,0.0710921482969,0.0509790087475
4.000000,0.0248521833236,0.0640403286524,-0.0109441519287,0.00463758918803,-0.0437049171619,0.0025044569656,0.121997199076,-0.0983486393821,0.0345495191409,0.0132467207304,-0.0161425493952,-0.0343835583489,-0.0331490071143,-0.244775664011,0.0577140279242,-0.0765050170129,0.0760149745014,0.0608442659457
4.016667,0.026883624062,0.0623648033973,-0.0103594411886,0.00484815399799,-0.0439635839676,0.00193937087253,0.121332051949,-0.102351040762,0.0354916665206,0.0119837973791,-0.0148317812308,-0.0332868949245,-0.0465718960365,-0.234624675446,0.0551404706799,-0.074760668705,0.0810293840913,0.0704973345608
4.033333,0.0289020802312,0.0606238987088,-0.00975936444803,0.00503788699725,-0.0441996655347,0.00139392696489,0.120441084575,-0.106179672746,0.0363901287051,0.0107516014297,-0.0134366149151,-0.0320311248556,-0.0601971371138,-0.223962378249,0.0524816348009,-0.0728252640992,0.0861238870663,0.0798987211179
4.050000,0.0309037551261,0.0588205856194,-0.00914466258595,0.00520732739502,-0.044411742281,0.000870744566797,0.119321179889,-0.109826218034,0.0372435373121,0.00955325142222,-0.0119558151233,-0.0306207740799,-0.0739932198007,-0.212815213037,0.0497441773973,-0.0707073997957,0.0912861497849,0.089009728697
4.066667,0.0328848044588,0.056957970265,-0.00851609838937,0.00535706524167,-0.0445983757584,0.000372362094259,0.117969758212,-0.113282812321,0.0380506366409,0.00839171821444,-0.0103883593189,-0.0290610067856,-0.0879272891364,-0.201210994112,0.0469349369882,-0.068416165764,0.0965030179889,0.0977926185112
4.083333,0.0348413455125,0.0550392861353,-0.00787445464795,0.00548773889615,-0.0447581123181,-9.87734591744e-05,0.116384799013,-0.11654206652,0.0388102865182,0.00726981703831,-0.0087334512316,-0.027357608088,-0.101965228012,-0.189178823398,0.0440609115545,-0.0659611099862,0.101760544194,0.1062107684
4.100000,0.0367694666489,0.0530678859649,-0.00722053220416,0.00560003236568,-0.0448894869976,-0.000540316725635,0.114564861255,-0.119597087508,0.0395214647738,0.0061902001583,-0.00699053384095,-0.0255169640907,-0.116071745935,-0.176749000168,0.0411292360932,-0.0633522017657,0.107044019415,0.114228827559
4.116667,0.0386652371413,0.051047233291,-0.00655514796521,0.00569467252823,-0.0449910276192,-0.000950033811928,0.112509102194,-0.122441497334,0.0401832693376,0.00515535015233,-0.00515930179428,-0.0235460394,-0.130210474048,-0.163952926842,0.0381471597553,-0.0605997938489,0.112338009174,0.121812866845
4.133333,0.0405247173086,0.0489808937035,-0.00587913288323,0.00577242624795,-0.0450612590903,-0.00132581175241,0.110217294548,-0.125069450828,0.040794919952,0.0041675738338,-0.00323971318871,-0.0214523521707,-0.144344066151,-0.150823011234,0.0351220226474,-0.0577145835118,0.117626393718,0.128930524003
4.150000,0.0423439689211,0.0468725258151,-0.0051933299101,0.00583409739478,-0.0450987078957,-0.00166566752531,0.10768984193,-0.127475651539,0.0413557594949,0.00322899683095,-0.00123200064699,-0.0192439467751,-0.158434305418,-0.13739256556,0.032061232382,-0.0547075727652,0.122892412355,0.135551143183
4.166667,0.0441190658497,0.0447258719796,-0.00449859193339,0.00588052377901,-0.0451019067674,-0.00196775659361,0.104927792457,-0.12965536598,0.04186525491,0.00234155883676,0.000863318380299,-0.0169293641945,-0.172442216497,-0.123695702593,0.0289722404583,-0.0515900278341,0.128118711786,0.141645908147
4.183333,0.0458461049255,0.0425447487867,-0.00379577970021,0.00591257401229,-0.04506939952,-0.00223038093333,0.101932850437,-0.131604436101,0.0423229977414,0.00150700954037,0.00304543215199,-0.014517610243,-0.186328182646,-0.109767229315,0.02586251856,-0.0483734380702,0.133287398314,0.147187968571
4.200000,0.0475212169783,0.0403330373635,-0.0030857597353,0.00593114430647,-0.0449997460361,-0.00245199651419,0.0987073860698,-0.133319289978,0.0427287042726,0.000726905247961,0.00531322607636,-0.0120181217454,-0.200052067526,-0.095642538456,0.0227395348535,-0.0450694744565,0.138380093759,0.152152558888
4.216667,0.0491405780204,0.0380946735133,-0.00236940226018,0.00593715522173,-0.0448915273878,-0.00263122019927,0.0952544430754,-0.134796950677,0.0430822152708,2.60619874582e-06,0.00766527511442,-0.00944073079595,-0.213573341254,-0.0813574982982,0.0196107303721,-0.0416899478627,0.143377994913,0.156517109146
4.233333,0.0507004205387,0.0358336377213,-0.00164757911984,0.00593154837586,-0.0447433510751,-0.00276683603306,0.0915777441822,-0.136035043258,0.0433834953376,-0.000664725421176,0.0100998372041,-0.00679562723734,-0.2268512103,-0.0669483411429,0.0164834955712,-0.038246767212,0.148261936351,0.160261347374
4.250000,0.052197044862,0.0335539450588,-0.000921161723483,0.00591528312609,-0.0445538563662,-0.0028578008892,0.0876816944219,-0.137031799921,0.0436326318708,-0.00127412676696,0.0126148477593,-0.00409331950437,-0.239844750782,-0.0524515508263,0.0133651471366,-0.0347518977158,0.153012456371,0.163367393006
4.266667,0.0536268305626,0.0312596350179,-0.000191019005897,0.00588933323533,-0.0443217197198,-0.00290324945193,0.0835713821716,-0.137786063254,0.0438298336415,-0.00182483492754,0.0152079152947,-0.00134459398588,-0.252513044695,-0.0379037496889,0.0102629051302,-0.0312173193349,0.157609865842,0.16581984092
4.283333,0.054986247858,0.0289547613072,0.000541984584337,0.00585468353418,-0.0440456602714,-0.00290249850789,0.0792525779018,-0.138297287611,0.0439754289933,-0.00231628682769,0.0178763182223,0.00143952693542,-0.2648153186,-0.0233415853936,0.00718387055463,-0.0276549856206,0.162034319726,0.167605835715
4.300000,0.0562718689708,0.0266433816402,0.00127699106341,0.00581232659039,-0.0437244453618,-0.00285505052751,0.0747317305905,-0.138565538579,0.0440698636703,-0.00274811844715,0.0206170028625,0.00424782799903,-0.276711084267,-0.00880161799185,0.00413500341466,-0.0240767830879,0.166265890988,0.168715135869
4.316667,0.05748037941,0.0243295475489,0.00201315085159,0.00576325939693,-0.0433568960896,-0.00276059651811,0.0700159617781,-0.13859149059,0.0441136982847,-0.00312016336701,0.0234265827072,0.00706894516725,-0.288160280768,0.00567979236724,0.00112310135611,-0.02049449127,0.170284646648,0.169140167466
4.333333,0.058608589133,0.0220172942522,0.00274962466728,0.00570848008986,-0.0429418928649,-0.00261901813381,0.0651130572403,-0.138376422641,0.044107605432,-0.00343245065589,0.0263013389683,0.0098914105338,-0.299123417493,0.0200665966901,-0.00184522104434,-0.016919743597,0.174070725665,0.168876067235
4.350000,0.0596534435483,0.0197106306115,0.00348558537007,0.00564898470696,-0.0424783809425,-0.00243038903021,0.0600314562704,-0.13792221219,0.0440523664668,-0.00368520211092,0.0292372224397,0.0127036978601,-0.309561717553,0.0343231669682,-0.00476355226439,-0.0133639892407,0.177604418351,0.167920714669
4.366667,0.0606120343197,0.0174135292035,0.00422021974725,0.00558576399754,-0.0419653759134,-0.0021949754549,0.054780238568,-0.137231327218,0.0439488679522,-0.00387882887067,0.0322298566958,0.0154942685553,-0.319437261028,0.0484144042023,-0.00762570302617,-0.00983845605945,0.180866247025,0.166274753048
4.383333,0.0614816099314,0.0151299165404,0.00495273023835,0.00551980029413,-0.0414019691316,-0.00191323606793,0.0493691087404,-0.136306816512,0.0437980977947,-0.00401392741964,0.0352745426445,0.0182516179139,-0.328713127511,0.0623058442465,-0.010425724624,-0.00635411477273,0.183837047545,0.163941599247
4.400000,0.0622595859746,0.0128636634666,0.00568233659266,0.00545206445554,-0.0407873330529,-0.00158582098957,0.0438083784357,-0.135152298201,0.0436011410814,-0.00409127500571,0.038366264446,0.0209643214225,-0.337353537391,0.0759637611103,-0.0131579263261,-0.00292164448874,0.186498051426,0.160927442222
4.416667,0.0629435551166,0.0106185757621,0.00640827745493,0.0053835128914,-0.0401207264645,-0.00121357007568,0.0381089461297,-0.13377194659,0.0433591756352,-0.00411182449424,0.0414996968056,0.0236210809471,-0.345323991326,0.0893552673634,-0.0158168917893,0.00044860029759,0.188830968175,0.157241230155
4.433333,0.0635312967124,0.00839838497803,0.00712981187456,0.00531508467698,-0.0394014995804,-0.000797510424385,0.0322822746054,-0.132170477346,0.0430734673041,-0.00407669868427,0.0446692136403,0.0262107706104,-0.35259140734,0.102448411302,-0.0183974944316,0.00374662112654,0.190818067503,0.15289464626
4.450000,0.0640207860216,0.00620673953419,0.00784622073405,0.00524769876726,-0.038629098981,-0.000338853120689,0.0263403661654,-0.130353131088,0.0427453650028,-0.00398718411406,0.0478688981143,0.0287224821715,-0.359124254998,0.115212270551,-0.0208949117081,0.00696280531272,0.192442261081,0.14790207331
4.466667,0.0644102029938,0.00404719610275,0.00855680809283,0.00518225131846,-0.0378030723738,0.00016101077098,0.0202957356341,-0.128325655448,0.0423762955259,-0.0038447243848,0.0510925540328,0.0311455697197,-0.364892686117,0.12761704178,-0.0233046382443,0.0100879539062,0.193687183462,0.14228054699
4.483333,0.0646979405838,0.00192321130387,0.00926090244261,0.00511961312486,-0.0369230731532,0.00070051495339,0.0141613812098,-0.126094285673,0.0419677581517,-0.00365091303308,0.0543337185783,0.0334696934972,-0.369868661452,0.139634126249,-0.0256224977809,0.0131133077889,0.194537271824,0.136049698221
4.500000,0.0648826125639,-0.000161866263072,0.00995785787108,0.00506062717813,-0.0359888647354,0.00127792336617,0.0079507532386,-0.123665723827,0.0415213190562,-0.00340748598371,0.0575856763646,0.0356848626686,-0.374026072849,0.15123621089,-0.0278446538921,0.0160305718265,0.194977844186,0.129231684666
4.516667,0.0649630607973,-0.00220480363002,0.0106470551309,0.00500610635593,-0.0350003246491,0.00189133635946,0.00167772099185,-0.121047116688,0.0410386055592,-0.00311631361615,0.0608414747826,0.0377814768578,-0.377340860327,0.162397344664,-0.029967619442,0.0188319370079,0.194995175728,0.121851111657
4.533333,0.0649383619416,-0.00420249069125,0.0113279026116,0.00495683124598,-0.0339574483589,0.00253869754944,-0.00464346246657,-0.1182460324,0.0405213002234,-0.0027793924785,0.0640939406007,0.039750366279,-0.379791123596,0.173093009948,-0.0319882647501,0.0215101005074,0.194576572882,0.113934942827
4.550000,0.0648078335498,-0.00615194703512,0.0119998372113,0.00491354811113,-0.0328603528011,0.00321780133103,-0.010998197224,-0.115270435991,0.0399711348272,-0.0023988366843,0.0673356977822,0.0415828302916,-0.38135722751,0.183300188739,-0.0339038244406,0.0240582836204,0.193710444825,0.105512400793
4.566667,0.0645710395405,-0.00805032835783,0.0126623251077,0.00487696700043,-0.0317092796129,0.00392630101981,-0.0173715751696,-0.112128663817,0.0393898842356,-0.00197686902798,0.0705591864716,0.0432706742171,-0.382021900992,0.192997423439,-0.0357119029549,0.026470247527,0.192386372064,0.0966148582561
4.583333,0.0642277950095,-0.00989493244256,0.0133148624252,0.00484776001072,-0.0305045980347,0.00466171759306,-0.0237484202387,-0.108829397043,0.0387793601894,-0.00151581185546,0.0737566830995,0.0448062442605,-0.381770328972,0.202164872077,-0.0374104787149,0.02874030685,0.190595171746,0.0872757199419
4.600000,0.0637781703565,-0.0116832046884,0.0139569757989,0.00482655970224,-0.029246807468,0.00542144899693,-0.0301133301308,-0.105381634253,0.0381414050363,-0.00101807772708,0.076920321548,0.0461824603875,-0.380590236921,0.21078435777,-0.0389979069247,0.0308633409824,0.188328959407,0.0775302958357
4.616667,0.0632224947047,-0.0134127431752,0.0145882228324,0.00481395767179,-0.0279365396715,0.0062027799844,-0.0364507193742,-0.10179466328,0.037477885427,-0.000486159910094,0.0800421153153,0.0473928470163,-0.378471967555,0.218839412304,-0.0404729210088,0.0328348031673,0.185581206812,0.0674156662102
4.633333,0.0625613585905,-0.0150813032528,0.0152081924509,0.00481050328565,-0.0265745605795,0.00700289244643,-0.0427448636029,-0.0980780323533,0.0367906859986,7.73772615731e-05,0.083113980611,0.0484315613912,-0.375408549357,0.226315313708,-0.0418346326855,0.0346507273262,0.182346795622,0.0569705389738
4.650000,0.0617956159052,-0.016686801643,0.015816505149,0.00481670257428,-0.0251617717267,0.00781887619668,-0.0489799449071,-0.0942415206822,0.0360817030678,0.000669908122804,0.086127760311,0.0492934195145,-0.371395756544,0.233199117731,-0.0430825306831,0.036307732635,0.178622066567,0.0462350999043
4.666667,0.0609263850716,-0.0182273200471,0.0164128131334,0.00483301729018,-0.0236992112677,0.00864774016782,-0.0551400981106,-0.0902951085524,0.0353528383571,0.00128875547042,0.0890752486929,0.049973919523,-0.366432160167,0.239479683147,-0.0442164781091,0.0378030258621,0.174404863885,0.0352508563648
4.683333,0.0599550494411,-0.01970110825,0.0169968003605,0.00485986412934,-0.0221880545766,0.00948642397616,-0.0612094578259,-0.0862489470597,0.034605992776,0.00193120037679,0.0919482168734,0.0504692624049,-0.360519170056,0.245147690838,-0.0452367084891,0.0391344014873,0.169694574751,0.0240604751239
4.700000,0.0588832569004,-0.0211065867177,0.0175681824722,0.00489761411657,-0.020629614417,0.0103318098092,-0.0671722061307,-0.0821133275745,0.0338430602792,0.00259449198714,0.0947384388588,0.0507763699651,-0.353661067345,0.250195656636,-0.0461438204956,0.0403002396323,0.164492163473,0.0127076149326
4.716667,0.0577129186773,-0.0224423486828,0.0181267066285,0.00494659215387,-0.0190253406726,0.0111807345898,-0.0730126207076,-0.0778986510448,0.0330659218235,0.00327585726425,0.0974377181229,0.0508928999558,-0.345865027356,0.254617937916,-0.0469387713938,0.0412995018388,0.158800200224,0.00123675452988
4.733333,0.056446207341,-0.0237071617171,0.0186721512415,0.00500707673087,-0.0173768196303,0.0120300023681,-0.0787151232837,-0.0736153972404,0.0322764394449,0.00397251064508,0.100037914616,0.050817258303,-0.33714113266,0.258410733969,-0.0476228692355,0.0421317247428,0.152622884133,-0.0103069832258
4.750000,0.0550855539917,-0.0248999687911,0.0192043256106,0.00507929979552,-0.0156857728096,0.012876396894,-0.0842643282053,-0.0692740940434,0.0314764504761,0.00468166357451,0.102530972113,0.0505486083686,-0.327502376149,0.261572080193,-0.0481977638346,0.0427970116971,0.145966060529,-0.021878010389
4.766667,0.0536336446397,-0.0260198888219,0.0197230694633,0.00516344678265,-0.013954055333,0.0137166943181,-0.0896450909799,-0.064885286886,0.0306677619243,0.00540053388266,0.104908945796,0.0500868772038,-0.316964654009,0.264101836168,-0.0486654365675,0.043296022405,0.138837232217,-0.0334304553943
4.783333,0.0520934157753,-0.0270662167124,0.0202282524029,0.00525965679752,-0.0121836538351,0.0145476759723,-0.0948425566159,-0.0604595084388,0.0298521450288,0.00612635497285,0.10716402998,0.0494327587559,-0.305546748526,0.266001667719,-0.0490281890395,0.043629960635,0.131245564627,-0.0449183462193
4.800000,0.0504680491349,-0.0280384228881,0.0207197732674,0.00536802295101,-0.0103766839079,0.0153661411782,-0.0998422075893,-0.0560072486465,0.0290313300179,0.00685638478914,0.109288585865,0.0485877140105,-0.293270300658,0.267275023056,-0.0492886306678,0.0438005600909,0.123201884743,-0.0562957944959
4.816667,0.0487609656704,-0.0289361523363,0.0211975594027,0.00548859284244,-0.00853538708352,0.0161689200322,-0.104629911269,-0.0515389252121,0.02820700108,0.00758791453304,0.111275169226,0.047553968055,-0.28015977241,0.26792710315,-0.0494496652336,0.0438100685234,0.114718673722,-0.0675171798141
4.833333,0.0469758187322,-0.0297592231576,0.0216615658537,0.00562136918562,-0.00666212735598,0.016952886116,-0.109191966625,-0.0470648546219,0.0273807915692,0.00831827710097,0.113116557922,0.0463345040713,-0.266242399007,0.267964826474,-0.0495144764583,0.0436612301686,0.105810053152,-0.0785373334644
4.850000,0.0451164864805,-0.0305076246387,0.0221117744768,0.00576631057326,-0.00475938724585,0.0177149690808,-0.113515150062,-0.0425952238044,0.0265542794581,0.00904485521517,0.114805779121,0.0449330542689,-0.25154813098,0.267396788298,-0.0494865126646,0.0433572666115,0.0964917649117,-0.0893117208612
4.866667,0.0431870635391,-0.0311815148576,0.0225481929799,0.00592333237435,-0.00282976341353,0.0184521670557,-0.117586760189,-0.0381400625144,0.0257289830551,0.00976508922279,0.116336136138,0.0433540877901,-0.236109566256,0.266233214735,-0.0493694705854,0.0429018561732,0.086781144619,-0.0997966218971
4.883333,0.0411918519121,-0.0317812178351,0.022970853892,0.00609230775879,-0.000875961828458,0.0191615588281,-0.12139466139,-0.0337092165249,0.024906356997,0.0104764845391,0.117701234777,0.0416027956264,-0.21996187242,0.264485911723,-0.0491672783867,0.0422991119267,0.0766970887033,-0.109949308481
4.900000,0.0391353511845,-0.0323072202453,0.0233798134692,0.00627306884326,0.00109920749651,0.0198403157486,-0.124927325998,-0.0293123217129,0.0240877885331,0.0111766187132,0.118895009067,0.0396850725992,-0.203142699337,0.262168209208,-0.0488840779723,0.0415535584513,0.066260015133,-0.11972821853
4.916667,0.0370222480312,-0.0327601677022,0.0237751505404,0.00646540795162,0.00309283619465,0.0204857133106,-0.128173874946,-0.0249587791144,0.0232745941087,0.0118631480956,0.119911746294,0.0376074964709,-0.185692082369,0.259294900744,-0.0485242066436,0.0406701074384,0.0554918178778,-0.129093125686
4.933333,0.0348574050613,-0.0331408606381,0.0241569652989,0.00666907898325,0.00510192364617,0.0210951423576,-0.131124116721,-0.020657731025,0.0224680162599,0.0125338140904,0.120746111216,0.0353773042631,-0.167652336458,0.255882178776,-0.0480921781854,0.039654032265,0.0444158152031,-0.138005304061
4.950000,0.0326458490275,-0.033450249792,0.0245253780452,0.00688379888218,0.00712338347581,0.0216661198729,-0.13376858447,-0.016418038214,0.0216692208295,0.0131864489742,0.121393169372,0.0330023658709,-0.149067941376,0.251947565897,-0.0475926634558,0.0385109416541,0.0330566919212,-0.14642768732
4.966667,0.030392758432,-0.033689431328,0.0248805278854,0.00710924919962,0.00915405043113,0.0221962993066,-0.136098571127,-0.0122482583188,0.0208792945089,0.0138189812695,0.121848409366,0.0304911550729,-0.129985418495,0.247509842338,-0.0470304705547,0.0372467525437,0.02144043575,-0.154325021442
4.983333,0.0281034505638,-0.0338596416028,0.0252225713916,0.00734507774244,0.0111906876239,0.0226834803974,-0.13810616241,-0.00815662547887,0.0200992427154,0.0144294406587,0.122107764053,0.0278527180485,-0.110453199439,0.242588970014,-0.0464105246507,0.0358676622867,0.0095942679564,-0.161664010513
5.000000,0.0257833680039,-0.0339622516036,0.0255516812298,0.00759090029968,0.013229994115,0.0231256184498,-0.139784267561,-0.0041510312638,0.0193299878079,0.01501596243,0.122167630513,0.0250966395237,-0.0905214870453,0.237206013423,-0.0457378475454,0.0343801203062,-0.00245343151448,-0.16841345495
5.016667,0.0234380646367,-0.0339987610799,0.0258680447608,0.00784630243945,0.0152686128223,0.0235208330259,-0.141126647705,-0.000239006946826,0.0185723676456,0.0155767914454,0.122024888731,0.0222330066763,-0.0702421090672,0.231383057716,-0.0450175370541,0.0327907993309,-0.0146732041988,-0.174544381574
5.033333,0.021073191209,-0.0339707923898,0.0261718626197,0.00811084136795,0.017303138729,0.0238674160181,-0.14212794171,0.00357229283319,0.0178271344919,0.0161102856268,0.121676918901,0.0192723709417,-0.0496683650921,0.22514312427,-0.0442547462838,0.0311065663353,-0.0270345983118,-0.180030164979
5.050000,0.0186944804784,-0.0338800840857,0.0264633472804,0.00838404784264,0.0193301273683,0.0241638390669,-0.142783689432,0.00727610498143,0.0170949542643,0.0166149189549,0.121121617261,0.0162257078687,-0.028854867183,0.218510084092,-0.0434546628891,0.0293344533078,-0.0395062587121,-0.18484663969
5.066667,0.0163077319971,-0.0337284842637,0.0267427216101,0.00866542813147,0.0213461035605,0.0244087602936,-0.143090352261,0.0108660713955,0.016376406131,0.0170892839796,0.120357410396,0.013104375183,-0.00785737476789,0.211508569396,-0.042622488385,0.0274816279719,-0.0520560213377,-0.188972202635
5.083333,0.0139187965746,-0.0335179437004,0.0270102174202,0.00895446600982,0.0233475703749,0.0246010303191,-0.143045330856,0.0143362509248,0.0156719824506,0.0175320938419,0.119383267922,0.00992006922391,0.0132673756668,0.204163883687,-0.0417634175959,0.0255553645791,-0.0646510117988,-0.192387905496
5.100000,0.0115335604696,-0.0332505088026,0.0272660740189,0.00925062478728,0.0253310182895,0.0247396975432,-0.142646980006,0.0176811298183,0.0149820890544,0.0179421838102,0.118198713496,0.0066847799268,0.0344618455011,0.196501910707,-0.0408826183205,0.0235630148953,-0.0772577477916,-0.195077536543
5.116667,0.00915792935754,-0.0329283143957,0.0275105367712,0.00955334935589,0.0272929345205,0.0248240126608,-0.141894620532,0.0208956306459,0.0143070458652,0.0183185123337,0.116803834082,0.00341074452919,0.0556678729255,0.188549022576,-0.0399852112885,0.0215119794967,-0.0898422449815,-0.1970276916
5.133333,0.00679781212462,-0.0325535763758,0.0277438556725,0.00986206825214,0.0292298124912,0.0248534323967,-0.14078854817,0.0239751196813,0.0136470878478,0.018660161621,0.115199287435,0.000110400185296,0.0768268552867,0.180331987486,-0.0390762504847,0.0194096794876,-0.102370125982,-0.198227833844
5.150000,0.00445910453946,-0.0321285842512,0.0279662839402,0.0101761957246,0.0311381614108,0.0248276224411,-0.139330039393,0.0269154127425,0.0130023662846,0.0189663377502,0.113386307724,-0.00320366432268,0.0978799342006,0.171877877276,-0.0381607039154,0.0172635287527,-0.114806732044,-0.198670342165
5.166667,0.00214767285315,-0.0316556935994,0.0281780766298,0.0104951337994,0.0330145159314,0.0247464595728,-0.137521354119,0.0297127794912,0.0123729503679,0.0192363703209,0.111366709288,-0.00651875758375,0.118768182785,0.163213975242,-0.0372434348881,0.0150809068476,-0.12711723706,-0.198350547884
5.183333,-0.000130662619639,-0.0311373184658,0.0283794892794,0.0108182743369,0.0348554458512,0.0246100329595,-0.135365735279,0.032363946197,0.0117588291003,0.0194697116603,0.109142888461,-0.00982213507187,0.13943279435,0.154367684509,-0.0363291838735,0.0128691326309,-0.139266763454,-0.197266759653
5.200000,-0.00237014388603,-0.0305759237274,0.0285707765896,0.0111450010702,0.0366575658327,0.0244186446296,-0.13286740523,0.0348660969792,0.0111599134918,0.0196659355953,0.106717823455,-0.0131010489759,0.159815271878,0.145366437298,-0.0354225510174,0.0106354387344,-0.151220499551,-0.195420276434
5.216667,-0.004565091574,-0.0299740174504,0.0287521911411,0.0114746916208,0.0384175451019,0.0241728091092,-0.130031559004,0.037216873543,0.0105760390442,0.0198247358062,0.10409507227,-0.0163427981463,0.17985761762,0.136237605409,-0.0345279793658,0.00838694696296,-0.162943817985,-0.192815388478
5.233333,-0.00670992109233,-0.0293341432628,0.0289239821572,0.0118067194829,0.0401321170968,0.0238732522275,-0.126864354394,0.0394143734344,0.0100069685078,0.0199459237785,0.10127876863,-0.0195347779576,0.19950252212,0.127008412236,-0.033649738864,0.00613064471037,-0.174402394687,-0.189459366287
5.250000,-0.0087991585987,-0.0286588727694,0.0290863943141,0.01214045597,0.0417980890306,0.0235209090905,-0.123372898889,0.0414571468407,0.00945239489969,0.0200294263695,0.0982736159169,-0.0226645298868,0.218693551997,0.117705846623,-0.0327919111868,0.00387336247233,-0.185562328037,-0.185362437598
5.266667,-0.0108274567237,-0.0279507980317,0.0292396666034,0.0124752721185,0.0434123513374,0.0231169212315,-0.119565233501,0.0433441919705,0.00891194476678,0.0200752830092,0.0950848791331,-0.0257197906078,0.237375335793,0.108356578854,-0.031958375454,0.00162175253012,-0.196390257693,-0.180537752463
5.283333,-0.0127896099991,-0.0272125241368,0.0293840312514,0.0128105405411,0.0449718869678,0.0226626329469,-0.115450313498,0.0450749490503,0.00838518168045,0.020083642556,0.091718374873,-0.0286885404046,0.25549374722,0.0989868790463,-0.0311527948812,-0.000617731126584,-0.206853482667,-0.175001336556
5.300000,-0.0146805699385,-0.0264466618773,0.0295197126984,0.013145637225,0.0464737804996,0.0221595868315,-0.111037986109,0.0466492929822,0.00787160994552,0.0200547598276,0.08818045934,-0.0315590507076,0.272996085134,0.0896225382523,-0.0303786044109,-0.00283885157641,-0.216920078181,-0.16877203289
5.316667,-0.0164954597221,-0.0256558205652,0.0296469266419,0.0134799432702,0.0479152270327,0.0216095185283,-0.106338965261,0.0480675247069,0.00737067850724,0.01998899183,0.0844780144236,-0.0343199305623,0.289831249566,0.0802887924873,-0.0296389993675,-0.00503560638784,-0.226559010846,-0.16187143217
5.333333,-0.018229588434,-0.0248426010001,0.0297658791457,0.0138128465613,0.0492935408362,0.0210143507126,-0.101364803405,0.0493303613261,0.00688178503904,0.0198867937067,0.0806184318713,-0.0369601718414,0.305949913173,0.0710102499555,-0.0289369251725,-0.00720224363786,-0.235740251721,-0.15432379205
5.350000,-0.0198784648062,-0.0240095886123,0.0298767658198,0.014143743371,0.0506061637146,0.020376186334,-0.0961278605319,0.0504389250377,0.00640428019271,0.0197487144335,0.0766095955935,-0.0394691930192,0.321304687471,0.0618108216878,-0.0282750681536,-0.0093332764871,-0.244434886797,-0.146155945625
5.366667,-0.0214378104228,-0.0231593468,0.0299797710716,0.0144720398885,0.051850673064,0.0196973011396,-0.0906412704546,0.0513947309423,0.00593747199282,0.019575392281,0.0724598621487,-0.0418368813311,0.335850283224,0.0527136558072,-0.0276558474768,-0.0114234962779,-0.252615224475,-0.137397199512
5.383333,-0.0229035723383,-0.0222944104798,0.0300750674316,0.0147971536713,0.0530247895875,0.0189801355091,-0.0849189044678,0.0521996737854,0.00548063035621,0.0193675500722,0.0681780394626,-0.0440536331466,0.349543664401,0.0437410756161,-0.0270814082247,-0.0134679841288,-0.260254899594,-0.128079221933
5.400000,-0.0242719350689,-0.0214172798656,0.0301628149563,0.0151185150156,0.054126384641,0.0182272856313,-0.0789753324955,0.0528560136979,0.00503299171735,0.0191259902581,0.0637733638422,-0.0461103923948,0.362344195115,0.0349145216839,-0.0265536156419,-0.0154621210073,-0.267328973605,-0.118235921252
5.416667,-0.0255393319144,-0.0205304144951,0.030243160708,0.0154355682436,0.0551534871813,0.0174414940566,-0.0728257818478,0.0533663610048,0.0045937637399,0.018851589839,0.0592554753521,-0.0479986868844,0.374213779,0.0262544980927,-0.0260740505606,-0.0174015962669,-0.273814030469,-0.10790331545
5.433333,-0.0267024555733,-0.0196362275156,0.0303162383142,0.0157477729045,0.0561042902905,0.0166256396622,-0.0664860937173,0.0537336601722,0.00416213009479,0.018545295155,0.0546343916291,-0.0497106623742,0.385116990482,0.0177805229849,-0.0256440060178,-0.019282414647,-0.279688267887,-0.0971193930598
5.450000,-0.027758268013,-0.0187370802455,0.0303821676077,0.0160546048884,0.0569771572502,0.0157827270672,-0.0599726775548,0.0539611729653,0.00373725528468,0.0182081165738,0.049920480215,-0.0512391142532,0.395021197471,0.00951108353258,-0.0252644850686,-0.0211009017345,-0.284931583487,-0.0859239661401
5.466667,-0.0287040095616,-0.0178352770229,0.0304410543467,0.0163555574498,0.0577706271424,0.0149158755411,-0.0533024634728,0.0540524608927,0.00331828949499,0.0178411230984,0.0451244294947,-0.0525775167047,0.403896674976,0.00146359543528,-0.0249361997955,-0.0228537078997,-0.289525655608,-0.0743585158603
5.483333,-0.0295372071908,-0.0169330603524,0.0304929900166,0.0166501421411,0.0584834199541,0.0140283074457,-0.04649285283,0.0540113670125,0.00290437345155,0.0174454369237,0.0402572183337,-0.0537200492348,0.41171670923,-0.00634563297243,-0.0246595715107,-0.0245378107204,-0.293454018332,-0.0624660313384
5.500000,-0.0302556819584,-0.0160326063606,0.0305380517121,0.0169378896554,0.0591144411647,0.0131233362584,-0.0395616671598,0.053841997178,0.00249464326491,0.0170222279634,0.0353300845136,-0.0546616204589,0.418457691913,-0.0139014319367,-0.0244347321415,-0.0261505159188,-0.29670213044,-0.0502908423767
5.516667,-0.030857555586,-0.0151360205691,0.0305763021011,0.0172183505769,0.0596627857973,0.0122043542208,-0.0325270956114,0.0535487008026,0.00208823524174,0.0165727083741,0.030354492068,-0.0553978890489,0.424099204101,-0.0211897967784,-0.0242615267842,-0.0276894568399,-0.299257438002,-0.0378784467768
5.533333,-0.031341256149,-0.0142453339911,0.030607789467,0.0174910960411,0.0601277419167,0.0112748196624,-0.0254076410771,0.0531360512206,0.00168429064404,0.0160981271006,0.0253420976299,-0.0559252817579,0.428624089621,-0.0281979096404,-0.0241395174106,-0.0291525925074,-0.301109430315,-0.0252753329316
5.550000,-0.0317055228556,-0.0133624995602,0.0306325478313,0.017755718303,0.0605087935569,0.0103382440483,-0.0182220651857,0.052608825726,0.00128196037691,0.0155997644644,0.020304715902,-0.0562410084484,0.432018517519,-0.0349141564792,-0.0240679877016,-0.0305382042985,-0.302249688938,-0.0125287984163
5.566667,-0.0319494099013,-0.0124893888935,0.0306505971527,0.0180118312169,0.060805623067,0.00939817880099,-0.0109893323451,0.051971985366,0.000880409586454,0.0150789268191,0.0152542843671,-0.0563430740636,0.434272033382,-0.041328139315,-0.0240459489826,-0.0318448912862,-0.302671929591,0.000313234686316
5.583333,-0.0320722893811,-0.0116277893933,0.0306619436026,0.0182590706264,0.0610181128616,0.00845820194923,-0.00372855302384,0.0512306545707,0.00047882214963,0.0145369412947,0.010202827361,-0.0562302874936,0.435377599312,-0.0474306837714,-0.0240721472289,-0.0330715643006,-0.30237203673,0.0132024069773
5.600000,-0.0320738532506,-0.0107794016911,0.0306665799146,0.0184970946687,0.0611463465672,0.00752190465379,0.00354107354011,0.0503901006943,7.64050384163e-05,0.0139751506512,0.00516241962999,-0.055902267301,0.435331622381,-0.0532138419525,-0.0241450711047,-0.0342174387683,-0.301348090613,0.0260901106896
5.616667,-0.0319541143268,-0.00994583743173,0.0306644858052,0.018725583993,0.061190609557,0.00659287766479,0.0108003170077,0.0494557135485,-0.000327607458564,0.0133949082608,0.000145149499975,-0.0553594442828,0.434133971438,-0.0586708907277,-0.0242629609982,-0.0352820263926,-0.299600386708,0.0389276796264
5.633333,-0.0317134063249,-0.00912861739971,0.0306556284641,0.0189442418969,0.0611513888679,0.00567469776258,0.0180299737901,0.048432985001,-0.000733949673259,0.0127975732396,-0.00483691821309,-0.0546030608581,0.431787982183,-0.0637963255076,-0.0244238190071,-0.0362651257408,-0.297131447343,0.0516665793198
5.650000,-0.0313523829283,-0.00832916998482,0.0306399631111,0.0191527943829,0.0610293724979,0.00477091423524,0.0252109248868,0.047327488715,-0.00114332066974,0.0121845057436,-0.00977177942228,-0.0536351672848,0.428300450482,-0.0685858496136,-0.0246254198306,-0.0371668118121,-0.293946025498,0.0642585966386
5.666667,-0.0308720158953,-0.00754882998421,0.0306174336154,0.0193509901379,0.0608254480811,0.00388503544569,0.0323241935133,0.0461448601029,-0.00155638054481,0.0115570624482,-0.0146475279859,-0.0524586147215,0.423681613903,-0.0730363593615,-0.0248653225156,-0.0379874246578,-0.290051100684,0.0766560280775
5.683333,-0.0302735922064,-0.00678883773697,0.0305879731762,0.0195386004384,0.060540700943,0.00302051554077,0.039351002323,0.0448907765632,-0.00197374693145,0.0109165922234,-0.0194523927887,-0.0510770451613,0.417945121545,-0.0771459249913,-0.0251408830053,-0.0387275571349,-0.285455866886,0.0888118659657
5.700000,-0.0295587102613,-0.00605033858573,0.0305515050588,0.0197154189854,0.0601764115383,0.00218074135414,0.0462728300282,0.0435709380693,-0.00239599171807,0.0102644320223,-0.0241747745555,-0.0494948782804,0.411107992231,-0.0809137675939,-0.0254492674337,-0.0393880418719,-0.280171712577,0.100679981841
5.716667,-0.0287292751367,-0.00533438265897,0.0305079433847,0.0198812616735,0.0597340522778,0.00136901955423,0.053071467227,0.0421910481764,-0.00282363799557,0.00960190299084,-0.0288032822654,-0.0477172952536,0.403190561221,-0.0843402321983,-0.0257874661071,-0.0399699375317,-0.274212192833,0.112215306249
5.733333,-0.0277874929204,-0.00464192496646,0.0304571939695,0.0200359662952,0.0592152837512,0.000588564087156,0.0597290712457,0.0407567955081,-0.00325715724308,0.00893030681419,-0.0333267690347,-0.0457502196036,0.394216415594,-0.0874267571953,-0.0261523081123,-0.0404745144553,-0.267592993619,0.123374004244
5.750000,-0.0267358641392,-0.00397382579937,0.0303991552066,0.0201793921878,0.0586219503564,-0.000157516036392,0.0662282198097,0.0392738357825,-0.00369696676236,0.00825092230594,-0.0377343673391,-0.0436002951604,0.384212318554,-0.0901758402877,-0.0265404764874,-0.0409032397738,-0.260331888341,0.134113645878
5.766667,-0.0255771763016,-0.0033308514255,0.0303337189911,0.0203114198247,0.0579560753469,-0.000866228562776,0.0725519633598,0.0377477744353,-0.00414342736976,0.00756500225047,-0.0420155234466,-0.0412748612222,0.373208122887,-0.0925910011669,-0.0269485238904,-0.0412577620767,-0.252448686797,0.144393371004
5.783333,-0.0243144955805,-0.00271367506934,0.0302607716807,0.0204319503562,0.0572198553124,-0.00153470937972,0.0786838758353,0.0361841498905,-0.00459684135341,0.006873770504,-0.0461600309364,-0.0387819250162,0.361236673896,-0.0946767411277,-0.0273728886997,-0.0415398957237,-0.243965176675,0.154174047713
5.800000,-0.0229511576607,-0.00212287816558,0.0301801950872,0.0205409051044,0.0564156541078,-0.00216023341907,0.0846081037511,0.0345884175307,-0.00505745070236,0.00617841936006,-0.0501580631793,-0.0361301315719,0.348333702145,-0.0964384998407,-0.0278099114771,-0.0417516048902,-0.234905057802,0.163418423792
5.816667,-0.0214907577838,-0.00155895187409,0.0300918674966,0.0206382250158,0.0555459962495,-0.00274022503589,0.0903094134022,0.03296593441,-0.00552543561312,0.00548010718289,-0.0540002046622,-0.0333287311294,0.334537706388,-0.097882609512,-0.0282558517256,-0.0418949874327,-0.225293869337,0.172091270581
5.833333,-0.0199371400213,-0.00102229884368,0.0299956647112,0.0207238700775,0.0546135597995,-0.00327226782375,0.0957732360339,0.0313219447534,-0.00600091327786,0.00477995631103,-0.0576774810397,-0.0303875442123,0.319889827108,-0.0990162466661,-0.0287069048716,-0.0419722586635,-0.215158910177,0.180159518659
5.850000,-0.0182943858116,-0.000513235211042,0.0298914611091,0.0207978186996,0.053621168759,-0.00375411382839,0.100985710827,0.0296615662784,-0.0064839369576,0.00407905123203,-0.0611813878016,-0.0273169245079,0.304433711117,-0.0998473817932,-0.0291592194013,-0.0419857351195,-0.20452915283,0.18759238483
5.866667,-0.0165668017985,-3.19928209392e-05,0.0297791307178,0.0208600670704,0.0525717849956,-0.00418369212449,0.105933725547,0.0279897773743,-0.00697449534226,0.0033784370275,-0.0645039174509,-0.0241277197042,0.288215367687,-0.10038472711,-0.0296089140813,-0.0419378184116,-0.193435151058,0.194361489888
5.883333,-0.0147589070118,0.000421278346862,0.029658548295,0.0209106284871,0.0514684997302,-0.00455911672258,0.110604954734,0.0263114051664,-0.00747251219835,0.00267911808665,-0.0676375850898,-0.0208312304397,0.271283016753,-0.100637682683,-0.0300520951924,-0.041830979235,-0.181908941623,0.20044096672
5.900000,-0.012875419432,0.000846507559042,0.0295295904139,0.0209495326679,0.0503145246107,-0.00487869377611,0.114987895283,0.0246311144928,-0.00797784630405,0.00198205708474,-0.0705754523183,-0.0174391675334,0.253686929707,-0.100616281171,-0.030484873708,-0.0416677416246,-0.169983940469,0.205807558299
5.916667,-0.010921241983,0.00124370053387,0.0293921365464,0.0209768250485,0.0491131824009,-0.00514092806127,0.119071899319,0.0229533978125,-0.00849029167015,0.00128817422187,-0.073311149356,-0.0139636076651,0.235479263384,-0.100331131437,-0.0309033823462,-0.0414506675291,-0.157694833711,0.21044070521
5.933333,-0.00890144799978,0.00161293648577,0.0292460701404,0.0209925660687,0.0478678973163,-0.00534452870524,0.122847204242,0.021282566063,-0.00900957804407,0.000598346716077,-0.075838895304,-0.0104169476849,0.216713887813,-0.0997933612965,-0.0313037924294,-0.0411823417826,-0.145077463842,0.21432262235
5.950000,-0.00682126621839,0.0019543650253,0.0290912796871,0.0209968304524,0.0465821850372,-0.00548841414152,0.126304959852,0.019622740479,-0.00953537169331,-8.65914564491e-05,-0.0781535164683,-0.00681185773397,0.197446208375,-0.099014559642,-0.0316823304824,-0.0408653575413,-0.132168711539,0.217438364529
5.966667,-0.00468606533876,0.00226820293059,0.0289276597714,0.0209897064847,0.0452596424327,-0.00557171627393,0.129437252463,0.0179778453807,-0.0100672764634,-0.000765849582444,-0.0802504626783,-0.00316123336524,0.177732982994,-0.0980067182135,-0.0320352945051,-0.0405023022561,-0.119006373523,0.219775880712
5.983333,-0.00250133821003,0.00255473080654,0.0287551121042,0.0209712952917,0.0439039370292,-0.00559378383434,0.132237125923,0.0163516019358,-0.0106048351042,-0.00143868000333,-0.0821258215349,0.000521853145894,0.157632135036,-0.0967821732558,-0.0323590698553,-0.0400957442426,-0.1056290369,0.22132605671
6.000000,-0.000272685691432,0.00281428964797,0.028573546529,0.0209417101247,0.0425187962593,-0.00555418492215,0.134698599484,0.0147475228936,-0.0111475308578,-0.0021043776882,-0.0837763305352,0.00422420210558,0.137202562586,-0.095353547313,-0.0326501446801,-0.0396482199087,-0.0920759504569,0.222082746169
6.016667,0.00199419975843,0.00304727732299,0.0283828820002,0.0209010756535,0.0411079965259,-0.00545270871682,0.136816682465,0.0131689082897,-0.0116947893001,-0.00276227959941,-0.0851993870266,0.00793253612462,0.116503944783,-0.0937336914041,-0.032905124836,-0.0391622216936,-0.07838689338,0.222042789749
6.033333,0.00429355070998,0.00325414499269,0.0281830475292,0.0208495272721,0.0396753521183,-0.00528936635829,0.138587385654,0.0116188421094,-0.012245980426,-0.0034117638632,-0.0863930559504,0.0116335500628,0.095596545928,-0.0919356278143,-0.0331207482416,-0.0386401867701,-0.0646020418751,0.221206022455
6.050000,0.00661954155414,0.00343539348304,0.0279739830928,0.0207872104197,0.0382247040183,-0.005064390993,0.140007729434,0.0101001899012,-0.0128004209702,-0.00405224875825,-0.0873560753453,0.0153139609966,0.0745410180647,-0.0899724937325,-0.033293898608,-0.0380844865526,-0.050761834194,0.219575269091
6.066667,0.00896630540175,0.00359156962478,0.0277556405016,0.02071427992,0.0367599086328,-0.00477823698705,0.141075748599,0.00861559732077,-0.0133573769505,-0.00468319153623,-0.0880878595874,0.0189605580122,0.0533982027377,-0.0878574859583,-0.0334216184947,-0.0374974170533,-0.0369068345598,0.217156327911
6.083333,0.0113279510359,0.00372326257661,0.0275279842241,0.0206308993414,0.0352848264918,-0.00443157831079,0.141790493867,0.00716748958939,-0.0139160664245,-0.00530408708855,-0.0885885003528,0.0225602516275,0.0322289326541,-0.0856038068895,-0.0335011216447,-0.0368811901183,-0.0230775965001,0.213957942534
6.100000,0.0136985798619,0.00383110014686,0.0272909921628,0.0205372403807,0.0338033109485,-0.00402530610287,0.142152030073,0.00575807184063,-0.014475662444,-0.00591446647449,-0.0888587652976,0.0261001226484,0.0110938339533,-0.0832246119973,-0.0335298045514,-0.0362379255764,-0.00931452609693,0.209991762281
6.116667,0.0160723027993,0.00391574512816,0.0270446563795,0.0204334822728,0.0323191969216,-0.00356052542468,0.142161431085,0.00438933033085,-0.0150352961979,-0.00651389532587,-0.0889000944571,0.0295674702677,-0.00994687020375,-0.0807329589806,-0.0335052572175,-0.0355696443202,0.00434225433617,0.205272291119
6.133333,0.0184432570621,0.00397789165929,0.0267889837669,0.0203198112272,0.0308362897156,-0.00303855121947,0.14182077145,0.00306303448299,-0.015594060326,-0.0071019721443,-0.0887145943769,0.0329498592178,-0.0308335540202,-0.0781417587839,-0.0334252730665,-0.0348782623413,0.01785304164,0.199816825442
6.150000,0.0208056227726,0.00401826162793,0.0265239966636,0.0201964198942,0.0293583539591,-0.00246090349341,0.141133114811,0.00178073973138,-0.0161510123921,-0.00767832650681,-0.0883050299952,0.0362351657934,-0.0515073807329,-0.0754637286502,-0.0332878579732,-0.0341655857297,0.0311786857525,0.193645380979
6.166667,0.0231536393547,0.00403760112735,0.026249733409,0.0200635068618,0.0278891026958,-0.00182930173904,0.140102499167,0.000543791132267,-0.0167051784993,-0.00824261719611,-0.0876748143035,0.0394116225664,-0.0719104908802,-0.0727113473673,-0.0330912383824,-0.0334333066457,0.0442807217056,0.186780609149
6.183333,0.0254816216557,0.00403667697944,0.0259662488382,0.019921276184,0.0264321866674,-0.00114565862437,0.138733919007,-0.000646672297991,-0.0172555570342,-0.00879453027171,-0.0868279958251,0.042467861617,-0.0919861865008,-0.0698968128553,-0.0328338684892,-0.0326830002658,0.0571214991825,0.179247703226
6.200000,0.0277839757442,0.00401627333602,0.0256736147122,0.0197699369419,0.0249911838232,-0.000412072973784,0.137033304415,-0.00178971255703,-0.0178011225217,-0.00933377709825,-0.0857692439525,0.0453929561181,-0.111679110612,-0.0670320022285,-0.0325144364579,-0.0319161226969,0.0696643091485,0.171074294741
6.216667,0.0300552143345,0.00397718836949,0.0253719200835,0.0196097028379,0.0235695890919,0.000369177930452,0.135007497225,-0.00288458698538,-0.0183408295766,-0.00986009234695,-0.0845038322003,0.0481764601103,-0.130935421332,-0.0641284344508,-0.0321318696615,-0.0311340098523,0.0818735070806,0.162290340541
6.233333,0.0322899717882,0.00392023106325,0.025061271595,0.0194407918232,0.02217080445,0.00119564669448,0.132664224313,-0.00393074199436,-0.0188736169335,-0.0103732319862,-0.0830376194311,0.0508084463172,-0.149702960041,-0.0611972356913,-0.0316853389272,-0.0303378772718,0.0937146323343,0.152928001022
6.250000,0.0344830186481,0.00384621811146,0.0247417937112,0.0192634257595,0.0207981293202,0.00206472477315,0.130012068134,-0.0049278062387,-0.0193984115401,-0.0108729712771,-0.081377029125,0.0532795418582,-0.167931412989,-0.0582491074727,-0.0311742617767,-0.029528820868,0.105154523198,0.143021510028
6.266667,0.0366292756567,0.00375597093716,0.0244136288799,0.0190778301128,0.0194547513313,0.00297365200795,0.127060434629,-0.00587558328134,-0.0199141326951,-0.0113591027885,-0.0795290267665,0.055580961723,-0.185572465788,-0.0552942976871,-0.0305983046568,-0.0287078185734,0.116161427208,0.132607036998
6.283333,0.0387238272189,0.00365031283675,0.0240769376259,0.0188842336814,0.0181437374713,0.00391952670435,0.123819518605,-0.00677404379873,-0.0204196962157,-0.0118314344477,-0.0775010954327,0.0577045398842,-0.202579950266,-0.0523425745459,-0.0299573841568,-0.0278757328575,0.126705106306,0.12172254191
6.300000,0.0407619342657,0.00353006625803,0.0237318985738,0.0186828683552,0.0168680256623,0.00489931620788,0.12030026674,-0.00762331737604,-0.020914018617,-0.0122897876393,-0.0753012096717,0.0596427579329,-0.218909983169,-0.049403203508,-0.0292516672157,-0.0270333140818,0.136756936446,0.110407623677
6.316667,0.0427390464817,0.00339605021834,0.0233787084013,0.0184739689065,0.0156304167846,0.00590986793697,0.116514338335,-0.00842368394235,-0.0213960212857,-0.0127339953674,-0.072937807767,0.0613887711321,-0.234521096251,-0.0464849272232,-0.0284815703247,-0.0261812046518,0.146290001293,0.0987033625858
6.333333,0.0446508138601,0.00324907786833,0.0230175817237,0.0182577728108,0.0144335671773,0.00694792082849,0.112474063974,-0.00917556489625,-0.0218646346331,-0.0131639004933,-0.0704197624892,0.0629364317955,-0.249374357311,-0.0435959485081,-0.027647757736,-0.0253199439248,0.155279179638,0.0866521574817
6.350000,0.0464930975503,0.0030899542061,0.0226487509085,0.0180345200964,0.0132799816385,0.00801011715064,0.108192402244,-0.00987951397269,-0.022318802209,-0.0135793540609,-0.0677563504434,0.0642803099088,-0.263433481775,-0.0407439163588,-0.026751138692,-0.0244499738255,0.163701226234,0.0742975583438
6.366667,0.0482619799688,0.00291947394565,0.0222724658221,0.017804453221,0.0121720069486,0.00909301463666,0.103682894669,-0.0105362079015,-0.0227574847628,-0.0139802137218,-0.0649572201239,0.0654157109217,-0.276664934467,-0.0379359149925,-0.0257928636922,-0.0235716451209,0.171534845732,0.0616840949684
6.383333,0.0499537741428,0.00273841954264,0.0218889935092,0.017567816974,0.0111118259369,0.0101930988915,0.0989596190303,-0.0111464369081,-0.0231796642323,-0.01436634227,-0.062032358794,0.066338690653,-0.289038021242,-0.0351784558923,-0.0247743198208,-0.0226852242993,0.178760759462,0.0488571024604
6.400000,0.0515650322637,0.00254755937971,0.0214986178066,0.0173248584018,0.0101014521093,0.0113067960227,0.0940371412471,-0.0117110951064,-0.0235843476489,-0.0147376062962,-0.0589920583129,0.0670460672605,-0.300524970193,-0.0324774728197,-0.0236971251599,-0.0217909009981,0.185361764804,0.035862544257
6.416667,0.0530925534253,0.00234764611277,0.0211016388922,0.0170758267549,0.00914272485568,0.0124304854469,0.0889304659841,-0.0122311708325,-0.0239705709409,-0.0150938749702,-0.0558468800339,0.0675354302406,-0.311101002184,-0.0298383197436,-0.0225631223172,-0.0208887959214,0.191322786938,0.0227468334089
6.433333,0.0545333905282,0.00213941517877,0.0206983727714,0.016820973454,0.00823730524907,0.0135605128209,0.0836549861774,-0.0127077369684,-0.0243374026214,-0.0154350189595,-0.0526076189043,0.0678051464355,-0.320744390525,-0.0272657716221,-0.0213743711014,-0.019978969185,0.196630922794,0.0095566528545
6.450000,0.0558848563349,0.00192358346486,0.0202891507038,0.0165605520732,0.00738667245047,0.0146932030484,0.0782264316535,-0.013141941301,-0.0246839473484,-0.0157609094895,-0.0492852668976,0.0678543630355,-0.329436509596,-0.0247640279622,-0.0201331403803,-0.0190614290284,0.201275477037,-0.00366122458126
6.466667,0.0571445286589,0.00170084813774,0.0198743185704,0.0162948183371,0.00659212072862,0.0158248733119,0.0726608170304,-0.0135349969641,-0.0250093493406,-0.0160714175529,-0.0458909759121,0.0676830075804,-0.337161872338,-0.0223367190695,-0.0188418991601,-0.0181361408252,0.205247989975,-0.0168601157303
6.483333,0.0583102546815,0.00147188563175,0.0194542361861,0.0160240301309,0.0058547571027,0.016951846079,0.0669743890858,-0.0138881730063,-0.0253127956397,-0.0163664132706,-0.0424360202719,0.0672917849714,-0.343908156503,-0.0199869148896,-0.0175033069289,-0.0172030363301,0.208542257289,-0.0299936054396
6.500000,0.0593801543849,0.00123735079293,0.0190292765588,0.0157484475185,0.00517549961339,0.0180704620351,0.0611835737814,-0.0142027851267,-0.0255935192045,-0.016645765409,-0.0389317589674,0.0666821715209,-0.349666219652,-0.0177171363316,-0.016120203306,-0.0162620230935,0.211154341534,-0.0430157230246
6.516667,0.0603526231006,0.000997876176129,0.0185998250978,0.0154683327685,0.00455507622559,0.0191770928909,0.0553049231309,-0.0144801866206,-0.0258508018275,-0.016909341055,-0.0353895977718,0.0658564060769,-0.3544301029,-0.0155293689554,-0.0146955970472,-0.0153129939769,0.21308257538,-0.0558811161095
6.533333,0.0612263331703,0.000754071491275,0.018166278776,0.0151839503836,0.00399402436358,0.0202681540192,0.0493550620985,-0.0147217595717,-0.0260839768622,-0.017157005451,-0.0318209513738,0.0648174782724,-0.358197023468,-0.0134250788936,-0.0132326544515,-0.0143558367031,0.214327556599,-0.0685452211593
6.550000,0.0620002347217,0.000506523194298,0.0177290452473,0.0148955671319,0.00349269107735,0.0213401168706,0.0433506357153,-0.0149289063282,-0.0262924317532,-0.0173886219883,-0.0282372056615,0.0635691139595,-0.360967356128,-0.011405230873,-0.011734687223,-0.0133904433742,0.214892134835,-0.0809644300255
6.566667,0.0626735555652,0.000255794217807,0.0172885419241,0.0146034520764,0.00305123383627,0.0223895211239,0.0373082565965,-0.0151030412963,-0.026475610358,-0.0176040523588,-0.0246496802956,0.0621157579017,-0.362744603694,-0.0094703081892,-0.0102051398386,-0.0124167198898,0.214781390227,-0.0930962518466
6.583333,0.0632458002179,2.42383588843e-06,0.0168451950178,0.0143078766015,0.0026696219443,0.0234129865246,0.0312444530422,-0.015245583082,-0.026633015056,-0.0178031568634,-0.0210695917072,0.0604625538061,-0.363535356714,-0.00762033448646,-0.00864757647831,-0.011434595204,0.214002603993,-0.104899469668
6.600000,0.0637167480686,-0.000253072343032,0.0163994385455,0.014009114432,0.00234763856844,0.0244072243692,0.0251756178991,-0.0153579470115,-0.0267642086342,-0.0179857948724,-0.0175080166526,0.0586153217894,-0.363349242609,-0.00585489718292,-0.00706566757065,-0.0104440303529,0.212565221096,-0.116334291171
6.616667,0.0640864506955,-0.000510202261778,0.0159517133071,0.0137074416445,0.00208488337007,0.0253690485921,0.0191179583578,-0.0154415380539,-0.0268688159472,-0.0181518254342,-0.013975856456,0.0565805333811,-0.362198864494,-0.00417317238128,-0.00546317601324,-0.00944502719607,0.210480805167,-0.127362492917
6.633333,0.0643552283558,-0.000768497185405,0.0155024658376,0.0134031366658,0.00188077572651,0.0262953864152,0.0130874468561,-0.015497744172,-0.0269465253432,-0.0183011080278,-0.0104838020686,0.0543652841757,-0.360099729988,-0.00257395109789,-0.00384394312379,-0.00843763680796,0.207762985871,-0.137947557578
6.650000,0.0645236656649,-0.00102751136489,0.0150521473361,0.0130964802593,0.0017345585284,0.0271832885229,0.00709977325126,-0.0155279301206,-0.026997089855,-0.0184335034516,-0.00704230006787,0.0519772642574,-0.357070170346,-0.00105566664077,-0.0022118743809,-0.00742196746474,0.204427398951,-0.14805480359
6.666667,0.0645926064902,-0.00128682160114,0.0146012125782,0.012787755494,0.00164530253584,0.0280299387251,0.00117029842093,-0.0155334317103,-0.0270203281506,-0.0185488748417,-0.00366151971661,0.0494247265258,-0.353131250274,0.000383577035192,-0.000570925012804,-0.00639819217112,0.200491619182,-0.15765150679
6.683333,0.0645631480817,-0.00154602671722,0.0141501188137,0.0124772476968,0.00161191127488,0.0288326630747,-0.00468599055518,-0.015515550551,-0.0270161252431,-0.0186470888118,-0.000351321199199,0.0467164530622,-0.348306668834,0.0017459761697,0.00107491450707,-0.00536655567577,0.195975086541,-0.16670701354
6.700000,0.0644366344701,-0.00180474694697,0.0136993246548,0.0121652443834,0.00163312645374,0.0295889384092,-0.0104545234883,-0.0154755492889,-0.0269844329574,-0.0187280167059,0.00287877485533,0.0438617196799,-0.342622651876,0.00303399740921,0.00272163299937,-0.00432738092737,0.190899025868,-0.175192844953
6.716667,0.0642146491599,-0.00206262324821,0.0132492889584,0.0118520351685,0.00170753387625,0.0302964002849,-0.0161211883097,-0.0154146473436,-0.026925270155,-0.0187915359533,0.00601961645706,0.0408702588127,-0.336107836444,0.00425034756396,0.00436521309457,-0.00328107492659,0.185286360376,-0.183082791833
6.733333,0.0638990071512,-0.00231931654904,0.0128004697073,0.0115379116525,0.00183356982853,0.0309528502802,-0.0216723703072,-0.0153340171533,-0.0268387227165,-0.0188375315163,0.00906244784597,0.0377522208974,-0.328793147669,0.00539794308295,0.00600164566786,-0.00222813393326,0.179161619345,-0.190352999998
6.750000,0.063491746323,-0.00257450693577,0.0123533228923,0.0112231672827,0.00200952791322,0.031556262642,-0.0270949892466,-0.0152347809308,-0.0267249432842,-0.0188658974191,0.0119989354958,0.0345181344148,-0.320711668647,0.00647987941781,0.00762694413639,-0.00116914799189,0.172550840382,-0.196982045697
6.766667,0.0629951182169,-0.00282789279083,0.0119083014021,0.0109080971888,0.00223356630392,0.0321047902551,-0.0323765342664,-0.0151180079309,-0.0265841507683,-0.018876538346,0.0148211924438,0.0311788647561,-0.311898503856,0.00749940044415,0.00923715856328,-0.000104804743094,0.165481466645,-0.20295100086
6.783333,0.0624115782558,-0.00307918988946,0.0114658539227,0.0105929979914,0.00250371539124,0.032596769916,-0.037505096442,-0.0149847122254,-0.0264166296183,-0.0188693712979,0.017521800865,0.0277455720855,-0.302390636665,0.00845986810509,0.0108283895142,0.000964107507531,0.157982239439,-0.208243487993
6.800000,0.0617437754403,-0.00332813046337,0.0110264238507,0.0102781675822,0.0028178857906,0.0330307268969,-0.0424693989264,-0.014835850984,-0.026222728867,-0.0188443272928,0.0200938328184,0.0242296683748,-0.292226781523,0.0093647324376,0.0123968016136,0.00203669748655,0.150083086628,-0.212845724548
6.816667,0.0609945415619,-0.0035744622399,0.0105904482245,0.00996390487523,0.00317387668065,0.0334053787858,-0.0472588245821,-0.0146723232494,-0.0260028609499,-0.0188013530986,0.022530869098,0.0206427737861,-0.281447231419,0.0102175021371,0.0139386367499,0.00311196943508,0.141815007291,-0.216746556647
6.833333,0.0601668799773,-0.00381794746478,0.0101583566778,0.00965050952972,0.0035693844401,0.0337196385947,-0.0518634410319,-0.0144949691992,-0.0257575003079,-0.0187404129849,0.0248270161305,0.0169966725796,-0.270093701233,0.0110217158102,0.01545022688,0.00418882239073,0.133209953107,-0.219937482105
6.850000,0.0592639539852,-0.00405836191655,0.00973057041703,0.00933828164308,0.00400201155006,0.0339726171292,-0.0562740230646,-0.0143045698811,-0.0254871817799,-0.018661490479,0.0269769208679,0.0133032687283,-0.258209167594,0.0117809140579,0.0169280063864,0.00526605027861,0.124300706918,-0.222412662714
6.866667,0.058289074853,-0.0042954939204,0.009307501228,0.00902752141477,0.00446927572793,0.0341636246152,-0.0604820723417,-0.0141018474058,-0.0251924987933,-0.0185645901149,0.0289757836338,0.00957454141552,-0.245837705882,0.0124986125275,0.0183685239429,0.00634234281621,0.115120758965,-0.224168925819
6.883333,0.057245689536,-0.00452914336894,0.00888955051442,0.00871852878118,0.0049686192584,0.0342921715835,-0.0644798343644,-0.0138874655809,-0.02487410136,-0.0184497391595,0.0308193688862,0.00582250059643,-0.233024325011,0.0131782760588,0.0197684538448,0.00741628723186,0.105704181282,-0.22520575524
6.900000,0.0561373681373,-0.00475912075711,0.00847710837108,0.00841160302196,0.0054974184866,0.0343579690143,-0.0682603126678,-0.0136620309667,-0.0245326938895,-0.0183169893038,0.0325040138727,0.00205914279833,-0.219814800637,0.0138232940476,0.0211246067664,0.00848637079191,0.0960855007443,-0.225525271667
6.916667,0.0549677911537,-0.00498524623806,0.00807055269531,0.00810704233846,0.00605299343797,0.0343609277464,-0.0718172802221,-0.0134260943321,-0.0241690328257,-0.0181664183047,0.0340266351572,-0.00170359266442,-0.206255507437,0.0144369571357,0.0224339399066,0.00955098412678,0.0862995712658,-0.225132202664
6.933333,0.0537407365544,-0.00520734870653,0.00767024833907,0.00780514340529,0.00663261752929,0.0343011571613,-0.0751452880306,-0.013180152488,-0.0237839241211,-0.0179981315655,0.0353847330107,-0.00545386688946,-0.192393251093,0.0150224353315,0.0236935664901,0.0106084253412,0.0763814456495,-0.224033842497
6.950000,0.0524600667406,-0.00542526491586,0.00727654630466,0.00750620089612,0.00723352733512,0.0341789631504,-0.0782396709245,-0.0129246504732,-0.023378220557,-0.0178122636407,0.0365763936622,-0.00917998383151,-0.178275100635,0.0155827576526,0.0249007645931,0.0116569048897,0.0663662475858,-0.222240002005
6.966667,0.0511297154301,-0.00563883863417,0.00688978298625,0.00721050698504,0.00785293237403,0.0339948453831,-0.0810965505664,-0.0126599840672,-0.0229528189229,-0.0176089796533,0.037600289418,-0.0128704318294,-0.163948221764,0.0161207933741,0.0260529852642,0.012694551193,0.0562890442975,-0.219762948817
6.983333,0.0497536745163,-0.00584791984513,0.00651027945965,0.00691835082509,0.00848802487912,0.0337494938883,-0.0837128356835,-0.0123865026017,-0.022508657066,-0.0173884766127,0.0384556766635,-0.0165139240567,-0.149459711775,0.0166392349543,0.0271478599176,0.013719416968,0.0461847203218,-0.216617338212
7.000000,0.0483359809455,-0.00605236399785,0.00613834082237,0.00663001800571,0.00913598951764,0.0334437849728,-0.0860862195627,-0.0121045120429,-0.0220467108234,-0.0171509846208,0.039142391771,-0.0200994377422,-0.134856436707,0.0171405827004,0.0281832069758,0.0147294862376,0.0360878529155,-0.212820134991
7.016667,0.046880703659,-0.00625203131038,0.00577425558565,0.00634578999104,0.00979401302507,0.033078776494,-0.0882151748498,-0.0118142783154,-0.0215679908503,-0.0168967679557,0.0396608449433,-0.0236162520142,-0.120184871304,0.0176271312259,0.0291570377442,0.0157226819852,0.0260325895579,-0.208390526751
7.033333,0.0453919306434,-0.00644678613048,0.00541829512042,0.00606594354123,0.0104592937194,0.0326557025154,-0.0900989457044,-0.0115160308358,-0.0210735393559,-0.0166261260228,0.0400120120348,-0.0270539842277,-0.105490942377,0.0181009577397,0.0300675615023,0.0166968744127,0.0160525280184,-0.203349828986
7.050000,0.0438737561348,-0.00663649635685,0.00507071315823,0.00579075011908,0.0111290508623,0.0321759673675,-0.0917375373721,-0.0112099662273,-0.0205644267619,-0.016339394163,0.0401974243929,-0.0304026246424,-0.0908198761234,0.0185639121966,0.0309131898011,0.0176498897574,0.00618059944107,-0.197721382467
7.066667,0.0423302680168,-0.0068210329238,0.00473174534865,0.00552047528442,0.0118005338347,0.0316411391456,-0.0931317032443,-0.010896252183,-0.0200417482947,-0.0160369443095,0.0402191567779,-0.0336525693266,-0.0762160499545,0.0190176093296,0.0316925399568,0.0185795196214,-0.00355104511493,-0.191530443399
7.083333,0.0407655354559,-0.0070002693513,0.00440160887401,0.00525537807881,0.0124710310949,0.0310529426731,-0.0942829294865,-0.0105750314456,-0.0195066205273,-0.0157191854847,0.0400798134186,-0.0367946511702,-0.0617228493467,0.0194634225699,0.0324044377382,0.0194835307625,-0.0131111442558,-0.184804066868
7.100000,0.0391835968129,-0.0071740813623,0.00408050212212,0.00499571040337,0.0131378788886,0.0304132519643,-0.0951934173212,-0.010246425874,-0.0189601778823,-0.0153865641308,0.0397825122751,-0.0398201689001,-0.0473825302106,0.0199024798542,0.0330479192448,0.0203596752922,-0.0224694315503,-0.177570984102
7.116667,0.0375884478689,-0.00734234656847,0.00376860441766,0.00474171639254,0.0137984696825,0.0297240822195,-0.0958660630629,-0.00991054056316,-0.0184035691103,-0.0150395642664,0.0393308675817,-0.0427209139985,-0.0332360872512,0.0203356613053,0.0336222319783,0.0212057012264,-0.031596736158,-0.169861474138
7.133333,0.0359840304026,-0.00750494422484,0.0034660758125,0.0044936317867,0.0144502602917,0.0289875813894,-0.0963044360088,-0.00956746798819,-0.0178379537575,-0.0146787074645,0.0387289707511,-0.0454891954361,-0.0193231287568,0.0207635987616,0.0341268351137,0.0220193633285,-0.0404650784233,-0.161707230445
7.150000,0.0343742211542,-0.00766175505373,0.00317305693491,0.00425168330662,0.0150907796759,0.0282060213447,-0.096512754295,-0.00921729214018,-0.017264498635,-0.0143045526483,0.0379813697275,-0.048117862141,-0.00568175822934,0.0211866771243,0.0345613989767,0.022798434186,-0.049047760094,-0.153141223126
7.166667,0.0327628212084,-0.00781266113739,0.00288966889768,0.00401608803298,0.0157176363787,0.0273817886912,-0.0964958588371,-0.00886009262531,-0.0166843743037,-0.0139176956994,0.0370930468809,-0.0506003231336,0.00765153676508,0.0216050374771,0.0349258037405,0.0235407154584,-0.0573194488451,-0.144197557304
7.183333,0.0311535458272,-0.00795754587854,0.00261601326466,0.0037870527939,0.0163285255853,0.026517375267,-0.0962591854777,-0.00849594869714,-0.0160987515873,-0.013518768878,0.0360693955389,-0.0529305652715,0.0206419881772,0.0220185819258,0.0352201373567,0.0242440492329,-0.0652562568143,-0.134911328314
7.200000,0.0295500147621,-0.00809629402754,0.00235217207521,0.00356477356382,0.0169212357792,0.0256153683653,-0.0958087354694,-0.00812494319424,-0.0155087981257,-0.0131084400528,0.0349161952604,-0.0551031685525,0.0332566431743,0.0224269800974,0.035444692738,0.0249063294233,-0.0728358128818,-0.125318474343
7.216667,0.0279557430723,-0.00822879177426,0.00209820792575,0.00334943487675,0.0174936549755,0.0246784407212,-0.095151044429,-0.00774716635597,-0.0149156749822,-0.0126874117406,0.033639585956,-0.0571133189428,0.0454644516797,0.0228296772274,0.0355999642124,0.0255255131492,-0.0800373284539,-0.115455627155
7.233333,0.0263741324723,-0.00835492690246,0.00185416410744,0.0031412092572,0.018043776513,0.0237093403062,-0.0942931498992,-0.00736271949051,-0.0143205333152,-0.0122564199571,0.0322460409657,-0.0589568186997,0.0572363455087,0.0232259037571,0.0356866432739,0.0260996320275,-0.0868416565364,-0.105359961547
7.250000,0.0248084632324,-0.00847458900404,0.00162006479879,0.00294025667181,0.01856970439,0.0227108799704,-0.0932425576616,-0.00697171847063,-0.0137245111272,-0.0118162328794,0.0307423392085,-0.0606300941765,0.0685453088943,0.0236146863551,0.0357056136551,0.0266268033154,-0.0932313439166,-0.0950690441708
7.266667,0.0232618866503,-0.00858766975003,0.00139591531183,0.00274672400491,0.0190696581272,0.0216859269761,-0.092007206944,-0.0065742970343,-0.0131287301008,-0.0113676493252,0.0291355365181,-0.0621302011015,0.0793664402328,0.0239948602699,0.0356579457493,0.0271052408359,-0.0991906762957,-0.0846206823796
7.283333,0.0217374181124,-0.00869406321485,0.00118170239028,0.00256074456091,0.0195419771464,0.0206373924644,-0.0905954346732,-0.00617060986856,-0.0125342925336,-0.010911497051,0.0274329362866,-0.0634548273394,0.0896770049168,0.0243650829153,0.0355448904149,0.027533265627,-0.10470571625,-0.0740527737203
7.300000,0.0202379307585,-0.00879366625022,0.000977394558036,0.00238243759662,0.0199851246545,0.019568220896,-0.0890159389186,-0.00576083545706,-0.011942278381,-0.0104486308759,0.0256420595333,-0.0646022931486,0.09945647916,0.024723848582,0.0353678721928,0.0279093162482,-0.109764333924,-0.0634031567074
7.316667,0.0187661497624,-0.0088863789044,0.000782942516014,0.00221190788629,0.0203976910235,0.0184813795092,-0.0872777416817,-0.0053451786734,-0.0113537424174,-0.00997993063621,0.0237706145239,-0.0655715489631,0.108686584758,0.0250695041661,0.0351284819737,0.0282319586864,-0.114356230394,-0.0527094634939
7.333333,0.0173246472384,-0.00897210488254,0.000598279585356,0.00204924532218,0.0207783966606,0.0173798478347,-0.0853901511798,-0.0049238731041,-0.0107697115238,-0.00950629897868,0.0218264660593,-0.0663621707344,0.11735131476,0.0254002658004,0.0348284691517,0.0284998958009,-0.118472953663,-0.0420089750453
7.350000,0.0159158377803,-0.00905075204348,0.000423322194809,0.00189452455322,0.0211260943634,0.0162666073085,-0.0833627237778,-0.00449718308734,-0.0101911821104,-0.00902865900015,0.0198176045605,-0.0669743528814,0.125436950082,0.0257142362682,0.0344697333009,0.0287119762507,-0.122107907294,-0.0313384794018
7.366667,0.014541974638,-0.00912223292805,0.000257970409945,0.00174780466435,0.0214397711584,0.015144631022,-0.081205225717,-0.00406540545518,-0.00961911768207,-0.00854795174297,0.0177521150698,-0.0674088989023,0.132932067093,0.0260094230805,0.0340543154185,0.0288672028509,-0.125256351696,-0.0207341336016
7.383333,0.0132051465338,-0.00918646531397,0.000102108501785,0.00160912889875,0.0217185496223,0.0140168736483,-0.078927594793,-0.00362887096935,-0.00905444655309,-0.00806513355594,0.0156381462916,-0.0676672097175,0.139827536288,0.0262837570907,0.0335843887717,0.0289647403053,-0.127915398137,-0.0102313298124
7.400000,0.0119072751175,-0.00924337279215,-4.43944477215e-05,0.0014785244252,0.0219616886873,0.0128862615804,-0.0765399021284,-0.0031879454427,-0.00849805971806,-0.00758117333176,0.0134838797933,-0.067751269815,0.146116512163,0.0265351115219,0.0330622493934,0.0290039222683,-0.130083995552,0.000135433803552
7.416667,0.0106501130582,-0.00929288535887,-0.000181683906002,0.00135600215255,0.0221685839344,0.0117556833203,-0.0740523141877,-0.00274303054037,-0.00795080888373,-0.00709704963253,0.0112974994862,-0.067663631284,0.151794414451,0.0267613212811,0.0324903062687,0.0289842576902,-0.131762910283,0.0103326769893
7.433333,0.00943524276707,-0.00933494001888,-0.000309919218701,0.00124155659294,0.0223387673805,0.0106279801496,-0.0714750551755,-0.00229456425708,-0.00741350466721,-0.00661374771551,0.00908716150177,-0.0674073958266,0.156858900917,0.0269602024318,0.0318710712563,0.0289054364047,-0.132954698878,0.020328055586
7.450000,0.00826407574388,-0.00936948139352,-0.000429272909843,0.00113516577553,0.0224719067666,0.00950593711831,-0.0688183699582,-0.00184302106881,-0.00688691496417,-0.00613225647224,0.00686096457959,-0.0669861948468,0.161309831942,0.0271295717012,0.0312071487888,0.0287673339213,-0.13366367414,0.0300904735751
7.466667,0.00713785253686,-0.00939646232882,-0.000539929956211,0.00103679121182,0.0225678043572,0.00839227438013,-0.0660924876434,-0.00138891175947,-0.00637176349066,-0.00565356529452,0.00462692107668,-0.0664041677241,0.165149227148,0.0272672658938,0.0305012253969,0.0285700153892,-0.133895864606,0.0395901885566
7.483333,0.00605764330451,-0.00941584449794,-0.000642087038839,0.000946377913931,0.0226263952604,0.00728963890572,-0.0633075859485,-0.00093278292508,-0.00586872850089,-0.00517866088137,0.00239292870658,-0.0656659383827,0.168381214359,0.0273711610918,0.0297560591021,0.0283137387034,-0.133658967706,0.0487989102847
7.500000,0.0050243489647,-0.00942759899265,-0.00073595177458,0.000863854466531,0.0226477452845,0.00620059659999,-0.0604737564824,-0.00047521616,-0.00537844168288,-0.00470852400135,0.000166743111556,-0.0647765902765,0.17101197121,0.0274391915185,0.0289744687222,0.0279989567276,-0.132962296833,0.0576898919138
7.516667,0.00403870291485,-0.00943170689869,-0.000821741930737,0.000789133153062,0.0226320483433,0.00512762484957,-0.0576009710616,-1.68269319503e-05,-0.00490148723314,-0.00424412622545,-0.00204404863262,-0.0637416399141,0.173049659755,0.0274693679489,0.028159323134,0.0276263186152,-0.131816722603,0.0662380136461
7.533333,0.00310127330512,-0.00942815984972,-0.00089968462574,0.000722110136682,0.022579623428,0.00407310552353,-0.0546990491731,0.000441736845828,-0.00443840111059,-0.00378642664543,-0.00423205348496,-0.0625670090525,0.174504354427,0.0274597955549,0.0273135305368,0.0271966702116,-0.130234608618,0.074419858505
7.550000,0.00221246584434,-0.00941696055509,-0.000970015518859,0.000662665695996,0.022490911163,0.0030393184485,-0.0517776266939,0.000899796534788,-0.00398967046941,-0.00333636859331,-0.00639009679124,-0.0612589956924,0.175387963768,0.0274086910728,0.0264400277607,0.0267110535275,-0.128229742021,0.0822137800001
7.566667,0.0013725271171,-0.00939812329636,-0.00103297799194,0.000610664515435,0.022366469965,0.00202843537702,-0.0488461259652,0.00135664477156,-0.0035557332698,-0.00289487637729,-0.0085112454357,-0.0598242440148,0.175714146317,0.027314399193,0.0255417696601,0.0261707052775,-0.12581725921,0.0895999614843
7.583333,0.000581548388335,-0.00937167438839,-0.00108882232611,0.000565956029881,0.0222069718264,0.00104251446577,-0.0459137273176,0.00181154773481,-0.00313697806469,-0.00246285205008,-0.0105888297145,-0.058269713395,0.175498221101,0.0271754080699,0.0246217186354,0.0255770544835,-0.123013567044,0.0965604670437
7.600000,-0.000160530129327,-0.00933765260031,-0.00113780487637,0.000528374822865,0.0220131977444,8.34952776065e-05,-0.0429893421311,0.00226374766312,-0.0027337439601,-0.00204117222484,-0.0126164638586,-0.0566026466403,0.174757073186,0.0269903638625,0.0236828343223,0.0249317191459,-0.119836259925,0.103079283802
7.616667,-0.00085391457192,-0.00929610953251,-0.001180187247,0.000497741077417,0.0217860328192,-0.000846805680452,-0.0400815875118,0.00271246560685,-0.00234632074599,-0.00163068495453,-0.0145880651411,-0.0548305375925,0.173509054731,0.026758084218,0.0227280634868,0.0242365019924,-0.116304033135,0.109142355555
7.633333,-0.00149895231166,-0.00924710994594,-0.00121623547046,0.000473861078375,0.021526461046,-0.00174669887425,-0.037198762653,0.00315690439573,-0.00197494919376,-0.0012322066898,-0.0164978715086,-0.0529610982424,0.171773882052,0.0264775706194,0.0217603301636,0.0234933853184,-0.112436592834,0.1147376077
7.650000,-0.00209612646437,-0.00919073204011,-0.00124621919267,0.000456527764724,0.0212355598245,-0.00261462510735,-0.0343488269452,0.00359625180268,-0.00161982151614,-0.000846519330451,-0.0183404576852,-0.0510022255005,0.169572529163,0.0261480195285,0.020782526074,0.0227045249374,-0.10825456312,0.119854963451
7.666667,-0.00264605004642,-0.00912706767681,-0.00127041086732,0.000445521330271,0.0209144942135,-0.00344915832934,-0.0315393798903,0.00402968388305,-0.00128108198452,-0.000474367385212,-0.020110749704,-0.0489619677692,0.166927118301,0.0257688322562,0.0197975013554,0.0218722432642,-0.103779390573,0.124486351387
7.683333,-0.00314945981176,-0.00905622254676,-0.0012890849617,0.00044060987074,0.0205645109553,-0.00424900788541,-0.0287776428631,0.0044563684677,-0.000958827698105,-0.000116455253974,-0.0218040378258,-0.0468484914612,0.163860807935,0.025339623509,0.0188080556359,0.0209990215612,-0.0990332467149,0.128625704393
7.700000,-0.00360720980014,-0.00897831627686,-0.00130251717663,0.000441550075112,0.0201869322993,-0.00501302020751,-0.0260704427621,0.00487546878735,-0.000653109499133,0.000226555353715,-0.023415987816,-0.0446700476069,0.160397678778,0.0248602285606,0.0178169294829,0.0200874913776,-0.094038928804,0.132268950128
7.716667,-0.00402026462835,-0.00889348247595,-0.00131098368284,0.000448087958838,0.0197831496501,-0.00574017994974,-0.0234241975747,0.00528614720487,-0.000363933027428,0.000554047850796,-0.0249426505537,-0.0424349386899,0.156562618294,0.0243307090132,0.0168267962537,0.0191404252216,-0.0888197594125,0.135413993151
7.733333,-0.00438969255666,-0.00880186871753,-0.00131476037608,0.000459959636322,0.0193546170701,-0.00642961057297,-0.0208449038803,0.00568756903186,-9.12599075175e-05,0.000865453042977,-0.0263804699579,-0.04015148585,0.152381204223,0.0237513571155,0.0158402543736,0.0181607265043,-0.0833994852118,0.13806068891
7.750000,-0.00471665836286,-0.00870363645826,-0.00131412215304,0.000476892129867,0.0189028446633,-0.00708057438596,-0.0183381263025,0.00607890640498,0.000164990939078,0.00116025122538,-0.0277262892198,-0.0378279965862,0.147879587632,0.0231226986183,0.0148598200645,0.0171514188019,-0.077802175408,0.140210809796
7.766667,-0.00500241605649,-0.00859896089137,-0.00130934221031,0.000498604212102,0.0184293918692,-0.00769247205227,-0.0159089889143,0.00645934219775,0.000404941864079,0.00143797409455,-0.0289773553397,-0.0354727330914,0.143084375976,0.0224454941539,0.0138879205455,0.0161156344852,-0.0720521202582,0.141868003531
7.783333,-0.00524830146593,-0.00848803073472,-0.00130069136796,0.000524807278712,0.0179358606958,-0.00826484157484,-0.0135621685911,0.00682807394304,0.000628754953225,0.00169820646576,-0.0301313219737,-0.0330938813438,0.138022516693,0.0217207391365,0.0129268877232,0.0150566027681,-0.0661737300965,0.143037744176
7.800000,-0.00545572473063,-0.00837104795335,-0.00128843741982,0.000555206248154,0.0174238889184,-0.00879735677156,-0.0113018903007,0.0071843177415,0.000836630385924,0.00194058778629,-0.0311862506016,-0.030699521075,0.132721181783,0.0209496621891,0.0119789523883,0.0139776372318,-0.0601914352939,0.143727276064
7.816667,-0.00562616273079,-0.00824822741716,-0.00127284451183,0.000589500484867,0.0168951432729,-0.00928982525775,-0.00913192430747,0.00752731213155,0.00102880470234,0.00216481343649,-0.0321406100355,-0.0282975967315,0.127207653884,0.0201337221103,0.0110462389315,0.0128821228829,-0.0541295875663,0.143945551022
7.833333,-0.00576115148609,-0.00811979649444,-0.00125417255008,0.000627384742387,0.0163513126711,-0.00974218595283,-0.00705558526291,0.00785632189676,0.00120554898666,0.00237063581128,-0.0329932742945,-0.0258958895376,0.121509214268,0.0192746034037,0.0101307605904,0.0117735028066,-0.0480123630352,0.14370315924
7.850000,-0.00586227855482,-0.00798599458251,-0.00123267663981,0.000668550122634,0.015794101465,-0.0101545061305,-0.00507573314739,0.00817064178673,0.00136716697556,0.00255786517591,-0.0337435188793,-0.023501990762,0.115653033238,0.0183742104025,0.00923441523554,0.0106552644796,-0.0418636674364,0.143012254186
7.866667,-0.00593117546379,-0.00784707257716,-0.00120860655657,0.000712685047573,0.0152252227862,-0.0105269780333,-0.00319477601824,0.00846960012844,0.00151399310079,0.0027263702909,-0.0343910154838,-0.0211232762855,0.109666063323,0.017434660026,0.00835898170173,0.00953092580715,-0.0357070438564,0.141886472
7.883333,-0.00596951019894,-0.0077032922828,-0.00118220625046,0.000759476239343,0.0146463919864,-0.0108599150743,-0.00141467451468,0.00875256230563,0.00164639047511,0.00287607880193,-0.0349358251909,-0.0187668825572,0.103574935711,0.0164582732184,0.00750611666773,0.00840402095331,-0.0295655833628,0.14034084579
7.900000,-0.00597897978538,-0.00755492576589,-0.00115371338454,0.000808609704917,0.0140593202038,-0.0111537476492,0.000263051937895,0.00901893408455,0.00176474883081,0.003006977392,-0.0353783902022,-0.0164396840204,0.0974058602899,0.015447565122,0.00667735208623,0.00727808603149,-0.0234618388782,0.138391715299
7.916667,-0.00596130298477,-0.0074022546542,-0.00112335890783,0.000859771721307,0.0134657080791,-0.0114090185846,0.00183731728751,0.00926816476557,0.00186948241975,0.00311911169397,-0.0357195241604,-0.0141482720827,0.0911845296667,0.0144052340492,0.00587409316202,0.00615664472643,-0.0174177426309,0.136056632418
7.933333,-0.00591821313674,-0.007245569385,-0.00109136666378,0.000912649817298,0.0128672396453,-0.0116263782487,0.00330745944874,0.00949975014117,0.00196102788433,0.00321258596309,-0.0359604011243,-0.0118989356941,0.0849360275244,0.0133341493207,0.00509761687505,0.00504319391726,-0.0114545274936,0.133354263029
7.950000,-0.00585145116995,-0.00708516840575,-0.00105795303436,0.000966933747722,0.012265576411,-0.0118065793507,0.00467322940404,0.00971323524186,0.00203984210826,0.00328756250984,-0.0361025432659,-0.00969764359125,0.078684741621,0.0122373380466,0.00434907104198,0.00394118937242,-0.0055926525045,0.130304285678
7.966667,-0.00576275880702,-0.00692135733069,-0.00102332662014,0.00102231645627,0.0116623516604,-0.0119504714596,0.00593477889369,0.0099082168532,0.00210640005611,0.00334426089521,-0.0361478073607,-0.00755002825628,0.0724542817344,0.0111179709312,0.00362947390819,0.00285403158692,0.000148267157944,0.126927287593
7.983333,-0.00565387198606,-0.00675444805754,-0.000987687956536,0.0010784950229,0.011059164988,-0.0120589952681,0.00709264677896,0.0100843457883,0.00216119261038,0.00338295689112,-0.036098370148,-0.00546137163001,0.0662674028193,0.0099793471881,0.00293971425968,0.00178505183202,0.00574952549908,0.123244658549
8.000000,-0.00552651452044,-0.00658475784833,-0.000951229266074,0.00113517159198,0.0104575770861,-0.0121331766341,0.00814774416758,0.0102413289018,0.00220472441475,0.00340398121024,-0.0359567126413,-0.00343659261148,0.0601459336178,0.00882487865858,0.0022805520422,0.000737498486322,0.0111933861039,0.119278483112
8.016667,-0.00538239201648,-0.0064126083789,-0.00091413424655,0.00119205427731,0.00985910480334,-0.0121741204278,0.00910133839449,0.0103789308324,0.00223751173174,0.00340771801039,-0.0357256034732,-0.00148023636634,0.0541107109349,0.00765807322841,0.00165261947315,-0.00028547628373,0.0164631374042,0.115051431766
8.033333,-0.00522318606751,-0.00623832476163,-0.000876577894801,0.00124885804035,0.00926521648789,-0.0121830042163,0.0099550359539,0.0104969754637,0.00226008032295,0.00339460318006,-0.0354080813613,0.000403534541542,0.0481815197643,0.00648251764346,0.00105642262983,-0.0012808294277,0.021543142642,0.110586651453
8.050000,-0.00505054874094,-0.00606223454619,-0.00083872636561,0.00130530553804,0.00867732763059,-0.0121610718145,0.0107107644817,0.0105953470939,0.00227296335969,0.00336512241229,-0.0350074367858,0.00221094718974,0.0423770394164,0.00530185982734,0.000492343495748,-0.00224563943498,0.0264188843762,0.105907656039
8.066667,-0.00486609737332,-0.00588466670329,-0.000800736865187,0.0013611279368,0.00809679681973,-0.0121096267343,0.0113707538897,0.0106739913064,0.00227669937145,0.00331980907567,-0.0345271929705,0.0039386235111,0.0367147957752,0.0041197908069,-3.93575548208e-05,-0.00317711821649,0.0310770034113,0.101038217202
8.083333,-0.00467140968671,-0.00570595059636,-0.000762757578529,0.00141606568928,0.0075249220185,-0.0120300255619,0.011937516754,0.0107329155369,0.00227183023932,0.00325924189194,-0.0339710862604,0.00558358369324,0.0312111197765,0.00294002635315,-0.00053853885548,-0.00407262238492,0.0355053320477,0.0960022562545
8.100000,-0.00446801923802,-0.00552641494639,-0.000724927629867,0.00146986927088,0.00696293717445,-0.0119236712933,0.0124138280636,0.0107721893314,0.00225889924122,0.00318404243059,-0.0333430459933,0.00714324778311,0.0258811121725,0.00176628844684,-0.00100517415228,-0.00492966387685,0.0396929215844,0.090823737383
8.116667,-0.00425741121096,-0.00534638679502,-0.00068737707526,0.00152229987293,0.00641200916853,-0.0117920066577,0.0128027044325,0.0107919442951,0.00223844915524,0.00309487243207,-0.0326471739594,0.00861543552441,0.0207386146173,0.000602286678286,-0.00143934893834,-0.00574591986364,0.0436300640277,0.0855265627794
8.133333,-0.00404101855885,-0.00516619047111,-0.000650226926328,0.00157313004987,0.00587323510975,-0.011636507458,0.0131073828828,0.0107923737304,0.00221102042708,0.00299243097183,-0.0318877235479,0.00999836446338,0.0157961870773,-0.000548300308686,-0.0018412564437,-0.00651924190137,0.0473083079911,0.0801344701243
8.150000,-0.00382021850444,-0.00498614656587,-0.000613589204009,0.00162214431787,0.00534763997998,-0.0114586759578,0.0133312993023,0.0107737319661,0.00217714940718,0.00287745147826,-0.0310690786762,0.0112906463657,0.0110650915418,-0.00168184321962,-0.00221119330655,-0.00724766427377,0.0507204687924,0.0746709328659
8.166667,-0.00359632940136,-0.00480657092177,-0.000577567021124,0.00166913970245,0.00483617463165,-0.0112600343408,0.0134780666834,0.010736333382,0.00213736666252,0.00275069861836,-0.0301957325985,0.012491281995,0.00655528198033,-0.00279478025121,-0.00254955495295,-0.00792941148655,0.0538606327865,0.069159063715
8.183333,-0.00337060795999,-0.00462777364033,-0.000542254692474,0.00171392623325,0.00433971413953,-0.0110421182717,0.0135514532456,0.0106805511332,0.00209219536783,0.00261296506568,-0.0292722666905,0.01359965431,0.00227540046409,-0.00388363486591,-0.00285683071263,-0.00856290487533,0.0567241559936,0.0636215217606
8.200000,-0.0031442468388,-0.00445005811348,-0.000507737871098,0.0017563273838,0.00385905650627,-0.0108064705832,0.0135553605432,0.0106068155811,0.00204214978038,0.00246506816555,-0.0283033293031,0.0146155201434,-0.00176722065751,-0.00494503309595,-0.00313359869928,-0.00914676829432,0.059307657111,0.058080423583
8.216667,-0.0029183726006,-0.00427372008372,-0.00047409370927,0.001796180455,0.00339492171971,-0.0105546351134,0.0134938016603,0.0105156124409,0.00198773380192,0.00230784651325,-0.0272936147798,0.0155390004335,-0.00556655066176,-0.00597572027624,-0.00338052048389,-0.00967983285724,0.0616090050195,0.052557258719
8.233333,-0.00269404403141,-0.00409904673728,-0.000441391042764,0.00183333690081,0.00294795115853,-0.010288150719,0.0133708795882,0.0104074806546,0.00192943963116,0.00214215646105,-0.0262478427267,0.0163705690824,-0.00911784660076,-0.00697257710951,-0.00359833559024,-0.0101611407071,0.0636273009224,0.0470728098076
8.250000,-0.00247225081813,-0.00392631583522,-0.000409690596823,0.00186766259509,0.0025187073412,-0.0100085454841,0.0131907658813,0.0102830100025,0.00186774650939,0.00196886857062,-0.0251707376257,0.0171110405229,-0.0124176338792,-0.00793263497103,-0.00378785584133,-0.0105899477961,0.0653628552743,0.0416470777169
8.266667,-0.00225391257957,-0.00375579488632,-0.000379045212288,0.00189903803902,0.00210767401186,-0.00971733114831,0.0129576796822,0.0101428384654,0.00180311956149,0.00178886402734,-0.0240670088736,0.0177615560782,-0.0154636814714,-0.00885309036534,-0.00394995958616,-0.0109657256625,0.066817159685,0.0362992119241
8.283333,-0.00203987824395,-0.00358774036606,-0.000349500090267,0.00192735850828,0.00171525655526,-0.00941599777038,0.0126758672032,0.00998764935413,0.00173600873422,0.00160303103342,-0.022941331332,0.0183235692057,-0.0182549720098,-0.00973131845236,-0.00408558583527,-0.011288162196,0.0679928539979,0.0310474463913
8.300000,-0.00183092576457,-0.00342239698535,-0.000321093053699,0.0019525341401,0.00134178273164,-0.00910600864807,0.0123495817495,0.00981816822065,0.00166684783286,0.00141226119668,-0.0217983264651,0.0187988297169,-0.0207916669965,-0.0105648855663,-0.00419572833402,-0.0115571613888,0.0688936887703,0.0259090411492
8.316667,-0.00162776216385,-0.00325999701256,-0.000293854824181,0.00197448996002,0.000987503721065,-0.0087887955088,0.0119830643603,0.00963515956965,0.00159605365717,0.00121744593194,-0.0206425441402,0.0191893670718,-0.02307506741,-0.0113515606567,-0.00428142960145,-0.0117728420737,0.069524483396,0.0209002297694
8.333333,-0.00143102389496,-0.00310075965188,-0.000267809312389,0.00199316584883,0.000652595465548,-0.00846575398631,0.0115805251458,0.00943942338829,0.00152402523701,0.00101947289194,-0.0194784451627,0.0194974728457,-0.0251075699956,-0.0120893255878,-0.00434377496236,-0.0119355356586,0.0698910801306,0.0160361728737
8.350000,-0.0012412775087,-0.00294489048112,-0.000242973920418,0.0020085164503,0.000337160296157,-0.00813823939625,0.0111461253859,0.00923179151411,0.00145114316736,0.000819222444261,-0.0183103846102,0.0197256824716,-0.0268926195451,-0.012776384239,-0.00438388659953,-0.0120457828682,0.0700002942978,0.0113309177985
8.366667,-0.00105902061234,-0.00279258095127,-0.000219359854413,0.00202051102052,4.1228831254e-05,-0.00780756282193,0.0106839604588,0.00901312386122,0.00137776904238,0.000617564210938,-0.017142596028,0.0198767563613,-0.0284346574837,-0.013411170357,-0.00440291765208,-0.0121043295114,0.0698598609659,0.00679736449765
8.383333,-0.00088468310623,-0.00264400795017,-0.000196972445816,0.00202913322022,-0.000235237869008,-0.00747498751961,0.0101980436547,0.00878430452622,0.00130424498736,0.000415353686617,-0.0159791765425,0.0199536605096,-0.0297390670972,-0.0139923541177,-0.00440204638517,-0.0121121212982,0.069478378401,0.00244723773535
8.400000,-0.00071862868283,-0.00249933343194,-0.000175811479622,0.00203438085132,-0.000492345907679,-0.00714172565129,0.00969229093096,0.00854623779556,0.00123089328729,0.000213428951021,-0.0148240729426,0.0199595466866,-0.0308121157396,-0.014518847362,-0.0043824704551,-0.0120702977329,0.0688652486127,-0.0017089344102
8.416667,-0.000561156572022,-0.00235870411385,-0.000155871528043,0.00203626553948,-0.000730265932057,-0.0068089353508,0.00917050665381,0.00829984407673,0.00115801611022,1.2607490854e-05,-0.0136810687763,0.0198977323241,-0.031660894374,-0.0149898074815,-0.00434540129294,-0.011980185117,0.0680306153194,-0.0056618357461
8.433333,-0.00041250351596,-0.00222225124153,-0.000137142288016,0.00203481236465,-0.000949230308065,-0.00647771812753,0.00863637036986,0.00804605577603,0.00108589532315,-0.000186316854326,-0.012553772502,0.0197716802008,-0.0322932548041,-0.0154046399338,-0.00429205862847,-0.0118432886993,0.0669852996678,-0.00940337091085
8.450000,-0.000272845955913,-0.00209009042324,-0.000119608921024,0.00203005944178,-0.00114953010587,-0.00614911661028,0.00809342464185,0.00778581314579,0.00101479239817,-0.000382576808333,-0.0114456067289,0.019584978029,-0.0327177449582,-0.0157629993784,-0.00422366517489,-0.0116612840146,0.0657407340491,-0.0129266681428
8.466667,-0.000142302413081,-0.00196232153369,-0.000103252393751,0.00202205745399,-0.00133151191518,-0.00582411263195,0.00754506397874,0.00752006012423,0.000944948405738,-0.000575434423549,-0.0103597985766,0.0193413180468,-0.0329435425939,-0.016064789431,-0.00414144149358,-0.0114360074583,0.0643088943588,-0.0162260759767
8.483333,-2.09360449214e-05,-0.00183902868709,-8.80498181535e-05,0.00201086914106,-0.00149557450909,-0.00550362565427,0.00699452488306,0.00724974019089,0.000876584092104,-0.000764183682717,-0.00929937117501,0.0190444767148,-0.0329803877888,-0.016310161043,-0.00404660105667,-0.0111694461454,0.0627022310505,-0.0192971540038
8.500000,9.12426418164e-05,-0.00172028027918,-7.39747895432e-05,0.00199656874581,-0.0016421653757,-0.00518851152986,0.00644487703292,0.00697579226047,0.000809900037411,-0.000948152925851,-0.00826713632422,0.0186982946153,-0.0328385145862,-0.0164995095209,-0.00394034552362,-0.0108637271099,0.0609335993355,-0.0221366578588
8.516667,0.000194272940404,-0.00160612909727,-6.09977213986e-05,0.00197924142159,-0.0017717771369,-0.00487956159752,0.00589901560971,0.00669914663766,0.000745076890745,-0.00112670709172,-0.00726568832318,0.0183066566495,-0.0325285821591,-0.0166334702075,-0.00382386024669,-0.0105211059005,0.0590161888802,-0.0247425186255
8.533333,0.000288240974959,-0.00149661249724,-4.90861756289e-05,0.00195898260387,-0.00188494387398,-0.00457750210504,0.00535965477641,0.00642072105502,0.00068227567821,-0.00129924976432,-0.00629739897446,0.0178734726234,-0.0320616058528,-0.0167129128577,-0.0036983100184,-0.0101439546338,0.0569634533514,-0.0271138168765
8.550000,0.000373276631998,-0.00139175264571,-3.82051871162e-05,0.00193589734947,-0.00198223737964,-0.00428299395217,0.00482932230573,0.00614141681537,0.000621638179909,-0.00146522501581,-0.00536441376385,0.01740265831,-0.0314488884617,-0.0167389347451,-0.00356483507272,-0.00973474956874,0.0547890401564,-0.0292507515908
8.566667,0.000449550411866,-0.00129155682574,-2.83175814183e-05,0.00191009964664,-0.00206426335603,-0.00399663274531,0.00431035535114,0.0058621150596,0.000563287371483,-0.0016241190385,-0.00446864920896,0.0168981170714,-0.0307019520859,-0.0167128525473,-0.00342454734988,-0.0092960582676,0.0525067207179,-0.0311546042113
8.583333,0.000517270219012,-0.00119601780353,-1.93842845935e-05,0.00188171169984,-0.0021316575781,-0.00371894915366,0.00380489734832,0.00558367317967,0.000507327925755,-0.00177546155947,-0.00361179136502,0.0163637221202,-0.0298324709052,-0.0166361930623,-0.00327852703337,-0.00883052641223,0.0501303216199,-0.0328276981291
8.600000,0.000576678109868,-0.00110511425374,-1.13646241796e-05,0.00185086319264,-0.00218508204169,-0.00345040955576,0.003314896029,0.00530692139608,0.000453846769861,-0.00191882703272,-0.00279529547064,0.0158032994921,-0.0288522051972,-0.0165106828168,-0.00312781936569,-0.00834086434525,0.0476736569492,-0.0342733539011
8.616667,0.000628047016675,-0.00101881124038,-4.21662044216e-06,0.00181769053264,-0.00222522111494,-0.00319141696379,0.00284210252373,0.00503265951748,0.000402913693178,-0.00205383560488,-0.00202038671093,0.0152206118009,-0.0277729369135,-0.0163382366326,-0.00297343174831,-0.00782983340744,0.0451504621491,-0.0354958405211
8.633333,0.000671677465244,-0.000937060750254,2.10273291714e-06,0.00178233608224,-0.00225277771168,-0.00294231221215,0.0023880715251,0.00476165389943,0.000354582001273,-0.00218015385154,-0.00128806207006,0.0146193428363,-0.026606407113,-0.0161209452252,-0.0028163311292,-0.00730023214382,0.04257432969,-0.0365003230862
8.650000,0.000707894304051,-0.000859802275275,7.63719932047e-06,0.00174494737894,-0.00226846950456,-0.00270337539575,0.00195416247795,0.00449463461769,0.000308889211042,-0.00229749528277,-0.000599093240688,0.0140030830641,-0.0253642555388,-0.0158610619116,-0.00265744168003,-0.00675488245119,0.0399586468479,-0.037292807209
8.666667,0.000737043461519,-0.000786963440204,1.24310417888e-05,0.00170567634922,-0.00227302519529,-0.00247482754239,0.0015415417586,0.00423229287035,0.000265857782209,-0.00240562061743,4.59694474854e-05,0.0133753160783,-0.0240579626043,-0.0155609885127,-0.0024976427636,-0.00619661574046,0.0373165358689,-0.0378800805414
8.683333,0.000759488747644,-0.000718460671681,1.65287778984e-05,0.00166467851968,-0.00226718085878,-0.00225683250317,0.00115118580063,0.00397527862127,0.000225495880345,-0.00250433782698,0.000646792121955,0.0127394060512,-0.0226987940409,-0.0152232605385,-0.00233776719043,-0.00562825918673,0.0346607967809,-0.0382696517834
8.700000,0.000775608715386,-0.000654199904539,1.9974947706e-05,0.00162211222946,-0.00225167637689,-0.00204949904367,0.000783885121038,0.00372419849637,0.000187798166584,-0.00259350195114,0.00120325153074,0.0120985862204,-0.0212977484382,-0.0148505317481,-0.00217859976201,-0.00505262213952,0.0320038530987,-0.0384696875585
8.716667,0.000785793596445,-0.00059407732105,2.28138950464e-05,0.00157813784753,-0.00222725197719,-0.00185288311861,0.000440249196402,0.00347961394209,0.000152746609305,-0.00267301468834,0.00171542832501,0.0114559484441,-0.0198655078876,-0.0144455581817,-0.002020876097,-0.0044724827645,0.0293577006486,-0.0384889475429
8.733333,0.000790442325164,-0.000537980118665,2.50895625325e-05,0.00153291699872,-0.00219464489067,-0.00166699031161,0.000120712135901,0.00324203965423,0.000120311313071,-0.00274282376574,0.00218359951493,0.0108144338518,-0.0184123919211,-0.0140111817639,-0.00186528173517,-0.00389057498697,0.0267338597218,-0.0383367182383
8.750000,0.000789959663403,-0.000485787301691,2.68453005052e-05,0.00148661180205,-0.00215458614207,-0.00149177842189,-0.00017446090547,0.00301194228335,9.04513602598e-05,-0.00280292209416,0.00260823015573,0.0101768246088,-0.016948314915,-0.0135503135793,-0.00171245151259,-0.00330957580517,0.0241433307455,-0.0380227457796
8.766667,0.000784753438252,-0.000437370492233,2.81236901098e-05,0.0014393841249,-0.00210779748491,-0.00132716017897,-0.000445166632499,0.00278973942143,6.31156609127e-05,-0.0028533467148,0.00298996432445,0.0095457368082,-0.0154827471057,-0.0130659169249,-0.0015629692006,-0.00273209303964,0.0215965536406,-0.0375571681684
8.783333,0.000775231903433,-0.000392594755686,2.89663805972e-05,0.00139139485649,-0.00205498849267,-0.00117300606664,-0.000691455895584,0.00257579887255,3.82438064667e-05,-0.00289417754557,0.00332961544979,0.00892361449616,-0.0140246793435,-0.0125609902432,-0.00141736739965,-0.00216065358217,0.0191033710118,-0.0369504473171
8.800000,0.00076180123423,-0.000351319436021,2.94139408822e-05,0.00134280320389,-0.00199685381636,-0.00102914723714,-0.000913525420053,0.00237043820882,1.57669231987e-05,-0.00292553593572,0.00362815606048,0.0083127248303,-0.0125825916853,-0.0120385500418,-0.00127612767854,-0.00159769220508,0.0166729952969,-0.036213301287
8.816667,0.00074486316468,-0.000313398996113,2.95057253185e-05,0.00129376601364,-0.00193407061766,-0.000895378496833,-0.0011117090438,0.00217392461079,-4.39147862789e-06,-0.00294758303887,0.00388670701896,0.00771515436553,-0.0111644259078,-0.0115016139035,-0.00113968094815,-0.00104554098822,0.0143139799785,-0.0353566370931
8.833333,0.000724812774701,-0.000278683858362,2.92797535872e-05,0.00124443712206,-0.00186729618553,-0.000771461344496,-0.00128646852915,0.00198647499,-2.23146637346e-05,-0.00296051801495,0.00410652630887,0.00713280645421,-0.00977756199495,-0.0109531836921,-0.00100840805822,-0.000506419417637,0.0120341949387,-0.034391484441
8.850000,0.0007020364337,-0.000247021240958,2.87726045332e-05,0.00119496673685,-0.00179716574336,-0.000657127043855,-0.00143838401559,0.00180825638964,-3.80918425401e-05,-0.00296457607286,0.00428899744619,0.00656739974227,-0.00842879863395,-0.0103962290561,-0.000882640605012,1.75747941183e-05,0.0098408060135,-0.0333289307482
8.866667,0.000676909906093,-0.000218255985154,2.80193237237e-05,0.00114550085264,-0.00172429045213,-0.000552079712246,-0.00156814418051,0.00163938665733,-5.18173570252e-05,-0.00296002636619,0.00443561758434,0.00602046773708,-0.00712433772888,-0.00983367133119,-0.000762661936764,0.000524474120161,0.00774025878485,-0.0321800577905
8.883333,0.000649796623069,-0.000192231369108,2.70533444499e-05,0.00109618070282,-0.00164925561429,-0.000455999407747,-0.0016765361748,0.00147993538267,-6.35898849414e-05,-0.00294716975524,0.00454798538416,0.00549335941714,-0.00586977291945,-0.00926836793847,-0.000648708343559,0.00101244882259,0.00573826661964,-0.0309558802978
8.900000,0.000621046123779,-0.000168789903907,2.59064218398e-05,0.00104714224975,-0.00157261908162,-0.000368545197674,-0.00176443539997,0.00132992509043,-7.35116653274e-05,-0.00292633644909,0.00462778871961,0.00498724084841,-0.00467008206903,-0.00870309737433,-0.000540970417643,0.00147981371015,0.00383980294678,-0.0296672868084
8.916667,0.000590992668063,-0.000147774107621,2.46085797039e-05,0.000998515715164,-0.00149490986913,-0.000289358191967,-0.00183279519268,0.00118933267882,-8.16877480574e-05,-0.00289788354212,0.00467679228968,0.00450309776717,-0.00352962366491,-0.00814054488158,-0.00043959456986,0.0019250340185,0.00204909773888,-0.0283249830712
8.933333,0.000559954021704,-0.000129027253382,2.31880696907e-05,0.000950425152618,-0.00141662697617,-0.000218064525702,-0.00188263648122,0.00105809109056,-8.82252699081e-05,-0.00286219245993,0.00469682520634,0.00404173908465,-0.00245213705182,-0.00758328888809,-0.000344684687659,0.00234673038626,0.000369638143145,-0.0269394382661
8.950000,0.00052823041416,-0.000112394087711,2.16713422917e-05,0.00090298806309,-0.00133823841439,-0.00015427827573,-0.00191503747726,0.000936091203532,-9.32327593847e-05,-0.00281966632984,0.00468976862706,0.00360380126412,-0.0014407463997,-0.0070337882941,-0.000256303919913,0.00274368290554,-0.00119582681512,-0.0255208342925
8.966667,0.000496103667662,-9.77215155552e-05,2.00830291971e-05,0.000856315055077,-0.00126018044143,-9.7604297334e-05,-0.00193112346416,0.000823183925905,-9.6819472299e-05,-0.00277072729163,0.00465754349927,0.00318975351746,-0.000497968286446,-0.00649437068343,-0.000174476573758,0.00311483423062,-0.00264527755456,-0.0240790183527
8.983333,0.000463836495571,-8.4859248746e-05,1.84459364747e-05,0.000810509549957,-0.00118285699771,-4.76409676875e-05,-0.00193205674115,0.000719182479982,-9.9094759846e-05,-0.0027158137643,0.004602098482,0.00279990376432,0.0003742772421,-0.00596722152792,-9.91901086386e-05,0.00345929173453,-0.00397741140368,-0.0226234590338
9.000000,0.000431671966919,-7.36604148806e-05,1.67810480173e-05,0.000765667533232,-0.00110663934298,-3.98282386706e-06,-0.00191902678002,0.000623864857475,-0.00010016747068,-0.00265537768487,0.00452539810801,0.00243440529404,0.00117465229074,-0.00545437444796,-3.0397212909e-05,0.00377632870824,-0.00519162634866,-0.021163206068
9.016667,0.000399833133115,-6.39821239019e-05,1.51075386783e-05,0.000721877351999,-0.00103186588813,3.37769157765e-05,-0.00189324064855,0.000536976428187,-0.000100145388244,-0.00258988173507,0.00442941124725,0.00209326406758,0.00190238358435,-0.00495770258482,3.19820515088e-05,0.00406538460325,-0.00628800121974,-0.0197068539255
9.033333,0.000368522811961,-5.56859899812e-05,1.34427965006e-05,0.000679219558701,-0.000958842216575,6.60439570411e-05,-0.00185591375147,0.000458232683114,-9.91347043804e-05,-0.00251979657201,0.00431609992957,0.00177634659422,0.0025572419762,-0.00447891113343,8.80580505889e-05,0.00432606432381,-0.00726727249069,-0.0182625093695
9.050000,0.000337923523241,-4.86386066206e-05,1.18024534233e-05,0.00063776680098,-0.000887841288914,9.32206711296e-05,-0.00180826093695,0.000387322092212,-9.72395299845e-05,-0.00244559807842,0.00418740858174,0.00148338831629,0.00313951919704,-0.00401953107636,0.000137969339621,0.00455813658053,-0.00813080788245,-0.016837763075
9.066667,0.000308197569429,-4.27119732303e-05,1.02004238463e-05,0.000597583757147,-0.000819103823446,0.000115703979645,-0.00175148801273,0.000323909056534,-9.45614432848e-05,-0.00236776464821,0.00404525373037,0.00121400243309,0.00365000206016,-0.00358091415195,0.000181880397974,0.00476153132288,-0.00888057697743,-0.015439665389
9.083333,0.00027948725433,-3.77838717782e-05,8.6489504179e-06,0.000558727116586,-0.000752838844351,0.000133883390084,-0.00168678371258,0.000267636933868,-9.11990760641e-05,-0.00228677452234,0.00389151421883,0.000967689094614,0.00408994434865,-0.00316422908147,0.000219979350088,0.00493633627338,-0.00951911906553,-0.0140747062802
9.100000,0.000251915231812,-3.37381924623e-05,7.15865641367e-06,0.000521245604095,-0.0006892243886,0.000148139187407,-0.00161531214975,0.000218131116752,-8.72477379596e-05,-0.00220310318988,0.00372802198253,0.000743844894838,0.00446103662137,-0.00277045907148,0.000252475684999,0.00508279259173,-0.0100495084554,-0.0127487995027
9.116667,0.000225584976228,-3.04652077072e-05,5.73860406949e-06,0.000485180046985,-0.000628408361926,0.000158840786116,-0.00153820579026,0.000175002141468,-8.27990787643e-05,-0.00211722086849,0.00355655342264,0.00054177259423,0.00476537418248,-0.00240040059964,0.00027959798607,0.00520128970225,-0.0104753174966,-0.0114672709686
9.133333,0.000200581365616,-2.78617941496e-05,4.39635823682e-06,0.00045056348347,-0.000570509533552,0.000166345246056,-0.00145655897441,0.000137848806595,-7.79407884672e-05,-0.00202959007801,0.00337882141458,0.000360691001417,0.00500542346639,-0.00205466348293,0.000301591681935,0.00529235932308,-0.0108005775678,-0.0102348513009
9.150000,0.000176971368292,-2.58316026285e-05,3.13805473366e-06,0.000417421310711,-0.000515618658813,0.000170995954047,-0.00137142201099,0.000106261279775,-7.27563345914e-05,-0.00194066332002,0.00319646798287,0.000199744944659,0.00518398709533,-0.00173367221942,0.000318716828904,0.00535666874021,-0.0110297382956,-0.00905567251033
9.166667,0.00015480482312,-2.42851765562e-05,1.96847277321e-06,0.000385771470611,-0.000463799718312,0.000173121472244,-0.00128379586402,7.98241715701e-05,-6.73247362247e-05,-0.00185088087571,0.00301105766979,5.80152649257e-05,0.0053041678705,-0.00143766858546,0.000331245934335,0.00539501337431,-0.0111676252746,-0.00793326871567
9.183333,0.000134115303432,-2.31400193915e-05,8.91110863919e-07,0.000355624671325,-0.00041509126183,0.000173034553051,-0.00119462744782,5.81195556577e-05,-6.17203739849e-05,-0.0017606687334,0.00282407162028,-6.54712360965e-05,0.00536933195992,-0.00116671546218,0.000339461829653,0.00540830869223,-0.0112193965668,-0.00687058080208
9.200000,0.000114921054326,-2.23206122817e-05,-9.17344117321e-08,0.000326984642195,-0.000369507844879,0.000171031319283,-0.00110480554139,4.07299151142e-05,-5.60128350238e-05,-0.00167043665614,0.00263690240155,-0.000171731957749,0.0053830715467,-0.000920701856518,0.000343655600907,0.00539758151918,-0.0111904982596,-0.00586996488884
9.216667,9.72259929565e-05,-2.17583832718e-05,-9.78887316421e-07,0.000299848419727,-0.00032704154551,0.00016739060722,-0.00101515732916,2.72409952017e-05,-5.02667920506e-05,-0.00158057639896,0.00245084957026,-0.000261818834278,0.00534916720036,-0.000699349073966,0.000344124583858,0.00536396081139,-0.0110866193668,-0.00493320445501
9.233333,8.1020761328e-05,-2.13916297994e-05,-1.77021013361e-06,0.000274206662006,-0.000287663548819,0.000162373469173,-0.000926445570307,1.72445438344e-05,-4.45419152434e-05,-0.00149146008423,0.00226711599631,-0.000336808900482,0.00527155023129,-0.000502217992333,0.000341170429787,0.00530866795205,-0.0109136463568,-0.00406152595043
9.250000,6.62838211058e-05,-2.11653965021e-05,-2.4665191387e-06,0.00025004398887,-0.000251325786483,0.000156222831231,-0.000839366395015,1.03409218264e-05,-3.88928158235e-05,-0.00140343874254,0.0020868049468,-0.000397795145752,0.00515426528412,-0.00032871737803,0.000335097247323,0.00523300663657,-0.0106776175905,-0.00325561769919
9.266667,5.29825800243e-05,-2.1031310653e-05,-3.06949988339e-06,0.000227339345014,-0.000217962618632,0.000149163300909,-0.000754547721388,6.14156605096e-06,-3.33690199849e-05,-0.00131684102538,0.00191091792943,-0.000445877709711,0.00500143342022,-0.000178113179272,0.00032620982473,0.00513835241548,-0.01038467795,-0.00251565188418
9.283333,4.10745396115e-05,-2.0947377813e-05,-3.58162228872e-06,0.000206066383118,-0.000187492545425,0.000141401118579,-0.000672548282967,4.27128980124e-06,-2.80149718044e-05,-0.00123197209484,0.00174035328987,-0.00048215546902,0.00481721593227,-4.95387236076e-05,0.000314811936268,0.00502614196565,-0.0100410339362,-0.001841309384
9.300000,3.0508454148e-05,-2.08777405401e-05,-4.00605601866e-06,0.000186193863999,-0.000159819935811,0.00013312424578,-0.000593857252566,4.37040590515e-06,-2.28700637049e-05,-0.00114911269408,0.00157590555291,-0.000507718060937,0.00460577912526,5.79942592374e-05,0.000301204735393,0.00489786216199,-0.00965290950443,-0.00123180721813
9.316667,2.12254910504e-05,-2.07924032258e-05,-4.34658658209e-06,0.000167686070759,-0.000134836761177,0.000124502582738,-0.000518894444444,6.09665951696e-06,-1.79686930036e-05,-0.00106851840145,0.00141826549289,-0.000523638385058,0.00437126028828,0.000145583874159,0.000285685236754,0.00475503902316,-0.00922650290476,-0.000685928342226
9.333333,1.31603832013e-05,-2.0666926335e-05,-4.60753258618e-06,0.000150503233836,-0.00011242432187,0.000115688306832,-0.000448011073132,9.12695897392e-06,-1.33403430533e-05,-0.00099041906973,0.00126802091456,-0.000530965620204,0.00411773507014,0.000214425647513,0.000268544888179,0.00459922660568,-0.00876794478152,-0.000202053523414
9.350000,6.24256413613e-06,-2.04820935069e-05,-4.79366453922e-06,0.00013460196387,-9.24549549042e-05,0.000106816323096,-0.000381491043782,1.31588946553e-05,-9.00968746861e-06,-0.000915018450598,0.00112565812113,-0.000530718788881,0.0038491864594,0.000265799559229,0.000250068233079,0.00443199592095,-0.00828325777816,0.000221804984768
9.366667,3.97277447107e-07,-2.02235551291e-05,-4.9101255756e-06,0.0001199356893,-7.4793711606e-05,9.80048173993e-05,-0.000319552745677,1.79120374081e-05,-4.99671592918e-06,-0.000842494003499,0.000991564042565,-0.000523880896938,0.0035694755557,0.000301056619685,0.000230531663023,0.00425492394983,-0.00777831788231,0.000587968256468
9.383333,-4.45334773852e-06,-1.98814521224e-05,-4.96235445074e-06,0.000106455095629,-5.92999944398e-05,8.93559024995e-05,-0.000262351317541,2.31290097956e-05,-1.3168800614e-06,-0.000772996886526,0.000866028993072,-0.000511393671205,0.00328231430434,0.000321605094414,0.00021020225955,0.00406958282855,-0.00725881773267,0.000899054291693
9.400000,-8.38926280108e-06,-1.9450023775e-05,-4.95601112869e-06,9.41085633358e-05,-4.58291427761e-05,8.09563468263e-05,-0.00020998135054,2.85763251697e-05,2.01874207917e-06,-0.000706652125925,0.000749250023347,-0.000494152912904,0.00299124035073,0.000328896482664,0.000189336723707,0.00387752927886,-0.00673023209609,0.00115794069795
9.416667,-1.14915141971e-05,-1.89272035293e-05,-4.89690526087e-06,8.28426015111e-05,-3.42339579956e-05,7.28783756074e-05,-0.0001624799924,3.40449913603e-05,5.00326437282e-06,-0.000643558959514,0.000641334829703,-0.000473004479629,0.00269959415431,0.000324411358014,0.000168180391234,0.00368029435358,-0.00619778570784,0.00136772675707
9.433333,-1.38413129295e-05,-1.83142066675e-05,-4.79092783051e-06,7.26022743379e-05,-2.43661589659e-05,6.51805337683e-05,-0.000119830413869,3.93508775917e-05,7.63379525713e-06,-0.000583791348181,0.000542306179107,-0.000448740903624,0.00241049848451,0.000309645180806,0.000146966330841,0.00347937356682,-0.00566642365219,0.00153169517926
9.450000,-1.55191646315e-05,-1.7615113845e-05,-4.643986214e-06,6.3331617683e-05,-1.60777596412e-05,5.79085999544e-05,-8.19655968645e-05,4.43348450776e-05,9.91122596759e-06,-0.000527398648473,0.000452106806369,-0.00042209864909,0.00212684040305,0.000286094192858,0.000125914522574,0.00327621747556,-0.00514078444324,0.00165327384464
9.466667,-1.66040652838e-05,-1.68364544021e-05,-4.46194288848e-06,5.49740431686e-05,-9.22236128441e-06,5.10965410193e-05,-4.87724020467e-05,4.88626435918e-05,1.18400057071e-05,-0.000474406438215,0.000370604737199,-0.00039375600622,0.00185125581848,0.000255241504972,0.00010523111294,0.00307222277629,-0.00462517594815,0.00173599782884
9.483333,-1.71727668687e-05,-1.59867933286e-05,-4.25055799315e-06,4.74727272468e-05,-3.65635260584e-06,4.47674964032e-05,-2.00958723046e-05,5.282457815e-05,1.34279049955e-05,-0.000424817486035,0.00029759898861,-0.000364331614814,0.00158611667969,0.000218543486972,8.5107743133e-05,0.0028687239772,-0.00412355427624,0.00178347200333
9.500000,-1.72991165287e-05,-1.5076325671e-05,-4.01543593169e-06,4.07709829562e-05,7.59988064968e-07,3.8934781983e-05,4.2562723379e-06,5.61349517603e-05,1.46857683878e-05,-0.000378612854724,0.000232825596261,-0.000334383605479,0.001333520856,0.000177416568476,6.57209464978e-05,0.00266698570228,-0.00363950573783,0.00179933449368
9.516667,-1.70534720495e-05,-1.41164820602e-05,-3.76197618384e-06,3.48126122172e-05,4.16149359853e-06,3.3602903217e-05,2.45089934992e-05,5.87312919856e-05,1.5627257683e-05,-0.000335753127428,0.000175963916772,-0.000304409341807,0.00109528473152,0.000133224556332,4.72316112174e-05,0.00246819567976,-0.00317623195701,0.00178722126905
9.533333,-1.65021957318e-05,-1.31195488903e-05,-3.49532847595e-06,2.95422367132e-05,6.67721602463e-06,2.87685677212e-05,4.09151923138e-05,6.05733708084e-05,1.62685866797e-05,-0.000296179744856,0.00012664315178,-0.000274845742445,0.000872938522295,8.72665715653e-05,2.97845041215e-05,0.00227345846256,-0.00273653820221,0.00175073212482
9.550000,-1.57072279563e-05,-1.20983065093e-05,-3.22035244331e-06,2.49056056085e-05,8.42964488245e-06,2.44216878017e-05,5.37509117912e-05,6.1642028972e-05,1.66282484619e-05,-0.0002598164409,8.44490396474e-05,-0.000246070157692,0.000667724304931,4.07657048743e-05,1.35078515092e-05,0.00208378992329,-0.00232282497729,0.00169339830707
9.566667,-1.47257409933e-05,-1.10656885811e-05,-2.94158190124e-06,2.08498785686e-05,9.53403830472e-06,2.05463639258e-05,6.33105286953e-05,6.19378175892e-05,1.67267361366e-05,-0.000226570763436,4.89306601589e-05,-0.000218401771252,0.000480596725889,-5.14151483289e-06,-1.48702706273e-06,0.00190011256142,-0.00193708289552,0.00161865201259
9.583333,-1.36098728592e-05,-1.00344655521e-05,-2.66319382697e-06,1.73238827774e-05,1.00978682646e-05,1.71218406354e-05,6.99019793093e-05,6.14794713459e-05,1.65862578702e-05,-0.000196335666462,1.96072973735e-05,-0.000192103493987,0.000312226341763,-4.94147496621e-05,-1.51060359415e-05,0.00172325165407,-0.00158089083743,0.00152979798142
9.600000,-1.2406540291e-05,-9.01695490316e-06,-2.388982141e-06,1.42783428771e-05,1.0220380499e-05,1.41234269917e-05,7.38420624621e-05,6.03022290625e-05,1.62304470156e-05,-0.000168991159276,-4.02469405692e-06,-0.000167384313061,0.000163005521905,-9.11184964821e-05,-2.72725752088e-05,0.00155393227645,-0.00125541737259,0.001429987381
9.616667,-1.11573291961e-05,-8.02476059558e-06,-2.12233636348e-06,1.16660830032e-05,9.9922687134e-06,1.15233742752e-05,7.54518618929e-05,5.8456018718e-05,1.56840680536e-05,-0.000144405997991,-2.24850732807e-05,-0.000144402056672,3.30568266277e-05,-0.000129429668612,-3.79277706376e-05,0.00139277721141,-0.000961425404563,0.00132219416146
9.633333,-9.89846024385e-06,-7.06854382184e-06,-1.86622521014e-06,9.44220032972e-06,9.49546177453e-06,9.29170435492e-06,7.50523284356e-05,5.60035252526e-05,1.49727190238e-05,-0.00012243940443,-3.63030016783e-05,-0.000123266531786,-7.77562433843e-05,-0.000163644046138,-4.70306649059e-05,0.00124030576145,-0.000699279977816,0.00120919404083
9.650000,-8.6608266072e-06,-6.15782685739e-06,-1.62318518078e-06,7.56420979556e-06,8.80302171729e-06,7.39698287393e-06,7.29600606211e-05,5.3018160564e-05,1.4122531067e-05,-0.000102942797277,-4.60104874648e-05,-0.000104042989772,-0.000169816247691,-0.000193181533426,-5.45583728208e-05,0.00109693346984,-0.000468959164846,0.00109354625716
9.666667,-7.47010023274e-06,-5.30083147771e-06,-1.39531418387e-06,5.99215993362e-06,7.97914953392e-06,5.80703216757e-06,6.94833201339e-05,4.95819560624e-05,1.315986566e-05,-8.57615202804e-05,-5.21360370696e-05,-8.67558727735e-05,-0.000243736693971,-0.000217590170834,-6.05062028654e-05,0.000962972750802,-0.000270067932472,0.000977578201563
9.683333,-6.34690243243e-06,-4.50435305769e-06,-1.18427023109e-06,4.68871997809e-06,7.07929488351e-06,4.48957963323e-06,6.49183161452e-05,4.57833989644e-05,1.21110100895e-05,-7.07365524001e-05,-5.51985620501e-05,-7.1392791933e-05,-0.000300344965444,-0.000236548856551,-6.48877469038e-05,0.000838634421995,-0.000101854866889,0.000863373022605
9.700000,-5.30703404192e-06,-3.77367111112e-06,-9.91275226812e-07,3.6192386769e-06,6.15036506373e-06,3.41283809906e-06,5.95457898797e-05,4.17152341623e-05,1.10018716849e-05,-5.77061849222e-05,-5.57015881321e-05,-5.79086872701e-05,-0.000340663454158,-0.00024986874392,-6.77349393475e-05,0.000724030125532,3.67683811444e-05,0.000752760268
9.716667,-4.36175989138e-06,-3.11249665913e-06,-8.17123869105e-07,2.7517754834e-06,5.23102782898e-06,2.54601558406e-06,5.36279278916e-05,3.7472254001e-05,9.85767131205e-06,-4.65076508815e-05,-5.41278105092e-05,-4.62301181409e-05,-0.000365889079341,-0.000257493289357,-6.90980865268e-05,0.000619175617007,0.000147205087166,0.000647309604678
9.733333,-3.51814188515e-06,-2.52295644056e-06,-6.62197670417e-07,2.05710504356e-06,4.35210192476e-06,1.85975269972e-06,4.74056294305e-05,3.31490986287e-05,8.70263662444e-06,-3.69786925143e-05,-5.09340367849e-05,-3.62596327121e-05,-0.000377371381659,-0.000259496936192,-6.90458664136e-05,0.000523994895063,0.000231149052647,0.000548327632963
9.750000,-2.77941458943e-06,-2.00561359742e-06,-5.26484097826e-07,1.50869612856e-06,3.53702854228e-06,1.3264868051e-06,4.10961500076e-05,2.88380897437e-05,7.55969556941e-06,-2.89590529883e-05,-4.65465559272e-05,-2.78801648436e-05,-0.000376589394653,-0.000256082430113,-6.76652982233e-05,0.000438325137291,0.000290558001684,0.000456857785111
9.766667,-2.14539688684e-06,-1.55952408734e-06,-4.09600824387e-07,1.08266638774e-06,2.80241628335e-06,9.20742886193e-07,3.48911398309e-05,2.46271205436e-05,6.45017066012e-06,-2.22918792789e-05,-4.13569683398e-05,-2.09594071472e-05,-0.000365127503581,-0.00024757677263,-6.50616807903e-05,0.000361922401523,0.00032762497743,0.00037368327293
9.783333,-1.61293297481e-06,-1.1823276956e-06,-3.10825074365e-07,7.57714509536e-07,2.15865166867e-06,6.19351979767e-07,2.89550922066e-05,2.05976244865e-05,5.39347454904e-06,-1.6825023802e-05,-3.57185086593e-05,-1.53541097894e-05,-0.000344650509524,-0.000234425829719,-6.13584979622e-05,0.000294468045097,0.000344747954091,0.000299333023793
9.800000,-1.17635576292e-06,-8.70372144829e-07,-2.29128035904e-07,5.15031578476e-07,1.6105667255e-06,4.01598794e-07,2.34242133129e-05,1.68226450955e-05,4.40680747222e-06,-1.24122332578e-05,-2.99428891838e-05,-1.09142558296e-05,-0.000316878122715,-0.000217187623751,-5.66972886122e-05,0.000235575808294,0.00034449789222,0.000234090519283
9.816667,-8.27965565937e-07,-6.18868433652e-07,-1.63214304861e-07,3.3819360089e-07,1.15815475698e-06,2.49300986806e-07,1.84057209703e-05,1.3365028479e-05,3.5048571798e-06,-8.9142140876e-06,-2.42976879454e-05,-7.48706552396e-06,-0.000283559113647,-0.000196524347693,-5.12374782281e-05,0.000184799502117,0.000329585475526,0.0001780054261
9.833333,-5.58516893448e-07,-4.22075179817e-07,-1.11566312767e-07,2.13037340492e-07,7.97325028298e-07,1.46823340284e-07,1.39775761947e-05,1.0275759495e-05,2.69950202377e-06,-6.1995649959e-06,-1.90043013858e-05,-4.9207840671e-06,-0.000246445353555,-0.00017319315144,-4.51561684063e-05,0.000141641234715,0.000302826776451,0.000130907884925
9.850000,-3.57706106607e-07,-2.73509401234e-07,-7.2493680142e-08,1.27521754931e-07,5.20686806356e-07,8.10308100601e-08,1.01886474323e-05,7.59246156944e-06,1.99951794089e-06,-4.14556813139e-06,-1.4236477403e-05,-3.0682096814e-06,-0.000207265977322,-0.00014803576085,-3.86478799744e-05,0.00010556010533,0.000267108105338,9.24252998043e-05
9.866667,-2.14652746335e-07,-1.66180843387e-07,-4.41874234779e-08,7.15774545984e-08,3.1835296221e-07,4.1185124627e-08,7.05930349057e-06,5.33807907471e-06,1.41029014435e-06,-2.63883175133e-06,-1.01194402254e-05,-1.78992177792e-06,-0.000167701901734,-0.000121967000587,-3.19242448902e-05,7.59812895134e-05,0.000225350303968,6.20014484865e-05
9.883333,-1.1836743648e-07,-9.28466562408e-08,-2.47789298733e-08,3.69467139021e-08,1.78753190931e-07,1.87902562044e-08,4.58242729643e-06,3.51975990557e-06,9.33530423829e-07,-1.57577850701e-06,-6.7296141845e-06,-9.57172087195e-07,-0.000129360930228,-9.59623021095e-05,-2.52136415264e-05,5.23054346575e-05,0.000180472748673,3.89177131699e-05
9.900000,-5.81994287798e-08,-4.62829411596e-08,-1.24035975472e-08,1.70166516352e-08,8.94468224883e-08,7.39267513339e-09,2.72483878537e-06,2.12795444586e-06,5.67001047428e-07,-8.62974875144e-07,-4.0949489979e-06,-4.54405172912e-07,-9.3753671967e-05,-7.10442880339e-05,-1.87607674593e-05,3.39182806409e-05,0.000135357330951,2.23162114302e-05
9.916667,-2.42570832711e-08,-1.95694311668e-08,-5.26902301518e-09,6.64825969228e-09,3.79251911142e-08,2.3428289951e-09,1.42911145736e-06,1.13574551816e-06,3.04246360997e-07,-4.17298714945e-07,-2.19584469427e-06,-1.81378571806e-07,-6.22704981051e-05,-4.82685335642e-05,-1.28261434428e-05,2.02004166137e-05,9.2812684632e-05,1.12245888853e-05
9.933333,-7.79486678151e-09,-6.38333871054e-09,-1.72759652646e-09,2.00399727095e-09,1.23935992826e-08,5.24750394235e-10,6.15763468366e-07,4.98422151589e-07,1.34333289156e-07,-1.65943443808e-07,-9.66669821054e-07,-5.48569251937e-08,-3.61597515974e-05,-2.87086146462e-05,-7.68554187358e-06,1.05370816901e-05,5.55389280531e-05,4.58221852971e-06
9.950000,-1.56080126202e-09,-1.29820651225e-09,-3.53346309959e-10,3.76679863569e-10,2.52305591242e-09,6.10890457997e-11,1.85800578944e-07,1.53308101385e-07,4.16020565708e-08,-4.62588876102e-08,-2.97862110531e-07,-9.85885245514e-09,-1.65074188733e-05,-1.34405608904e-05,-3.62933274755e-06,4.32791461673e-06,2.60931874494e-05,1.26753677592e-06
9.966667,-9.87009613346e-11,-8.34313547771e-11,-2.28491752e-11,2.23780757377e-11,1.62186052659e-10,1.1803103347e-12,2.35848815946e-08,1.98540175696e-08,5.42856704829e-09,-5.43046513455e-09,-3.85963665503e-08,-4.39935139192e-10,-4.21846212778e-06,-3.52683906449e-06,-9.61739877965e-07,9.96555355064e-07,6.85616382906e-06,1.26233209717e-07
9.983333,0,0,0,0,0,0,0,0,0,0,0,0,0,0,0,0,0,0
