# WaveFront *.obj file (generated by Autodesk ATF)

mtllib loaded_dice.mtl

g Solid1

v 1.500000 1.500000 -31.500000
v 1.500000 1.500000 -1.500000
v 1.500000 31.500000 -31.500000
v 1.500000 31.500000 -1.500000
v 31.500000 1.500000 -31.500000
v 31.500000 1.500000 -1.500000
v 31.500000 31.500000 -31.500000
v 31.500000 31.500000 -1.500000
vt -1.500000 1.500000 0.000000
vt -1.500000 -1.500000 0.000000
vt 1.500000 -1.500000 0.000000
vt 1.500000 1.500000 0.000000
vt 3.000000 -1.500000 0.000000
vt 3.000000 1.500000 0.000000
vt 0.000000 1.500000 0.000000
vt 0.000000 -1.500000 0.000000
vt 3.000000 -1.500000 0.000000
vt 3.000000 1.500000 0.000000
vt 0.000000 1.500000 0.000000
vt 0.000000 -1.500000 0.000000
vt 3.000000 -1.500000 0.000000
vt 3.000000 1.500000 0.000000
vt 0.000000 1.500000 0.000000
vt 0.000000 -1.500000 0.000000
vt 3.000000 -1.500000 0.000000
vt 3.000000 1.500000 0.000000
vt 0.000000 1.500000 0.000000
vt 0.000000 -1.500000 0.000000
vt 1.500000 -1.500000 0.000000
vt 1.500000 1.500000 0.000000
vt -1.500000 1.500000 0.000000
vt -1.500000 -1.500000 0.000000
vn -0.000000 -0.000000 -0.100000
vn -0.000000 -0.000000 -0.100000
vn -0.000000 -0.000000 -0.100000
vn -0.000000 -0.000000 -0.100000
vn -0.000000 -0.100000 0.000000
vn -0.000000 -0.100000 0.000000
vn -0.000000 -0.100000 0.000000
vn -0.000000 -0.100000 0.000000
vn -0.100000 0.000000 0.000000
vn -0.100000 0.000000 0.000000
vn -0.100000 0.000000 0.000000
vn -0.100000 0.000000 0.000000
vn 0.000000 0.100000 -0.000000
vn 0.000000 0.100000 -0.000000
vn 0.000000 0.100000 -0.000000
vn 0.000000 0.100000 -0.000000
vn 0.100000 -0.000000 -0.000000
vn 0.100000 -0.000000 -0.000000
vn 0.100000 -0.000000 -0.000000
vn 0.100000 -0.000000 -0.000000
vn 0.000000 0.000000 0.100000
vn 0.000000 0.000000 0.100000
vn 0.000000 0.000000 0.100000
vn 0.000000 0.000000 0.100000
usemtl 203,154,59
f 5/2/2 1/3/3 7/1/1
f 7/1/1 1/3/3 3/4/4
f 6/6/6 2/7/7 5/5/5
f 5/5/5 2/7/7 1/8/8
f 2/10/10 4/11/11 1/9/9
f 1/9/9 4/11/11 3/12/12
f 4/14/14 8/15/15 3/13/13
f 3/13/13 8/15/15 7/16/16
f 8/18/18 6/19/19 7/17/17
f 7/17/17 6/19/19 5/20/20
f 8/22/22 4/23/23 6/21/21
f 6/21/21 4/23/23 2/24/24
g Solid1:1

v -34.500000 31.500001 31.500000
v -34.500000 31.500001 1.000000
v -34.500000 -31.500001 31.500000
v -34.500000 -31.500001 1.000000
v -31.600001 31.600001 31.599999
v -31.600001 31.600001 1.000000
v -31.600001 1.400000 31.599999
v -31.600001 1.400000 1.000000
v -31.600001 -1.400000 31.599999
v -31.600001 -1.400000 1.000000
v -31.600001 -31.600001 31.599999
v -31.600001 -31.600001 1.000000
v -31.500001 34.500000 31.500000
v -31.500001 34.500000 1.000000
v -31.500001 31.500001 34.499999
v -31.500001 -31.500001 34.499999
v -31.500001 -34.500000 31.500000
v -31.500001 -34.500000 1.000000
v -1.400000 31.600001 31.599999
v -1.400000 31.600001 1.000000
v -1.400000 1.400000 31.599999
v -1.400000 1.400000 1.000000
v -1.400000 -1.400000 31.599999
v -1.400000 -1.400000 1.000000
v -1.400000 -31.600001 31.599999
v -1.400000 -31.600001 1.000000
v 1.400000 31.600001 31.599999
v 1.400000 31.600001 1.000000
v 1.400000 1.400000 31.599999
v 1.400000 1.400000 1.000000
v 1.400000 -1.400000 31.599999
v 1.400000 -1.400000 1.000000
v 1.400000 -31.600001 31.599999
v 1.400000 -31.600001 1.000000
v 31.500001 34.500000 31.500000
v 31.500001 34.500000 1.000000
v 31.500001 31.500001 34.499999
v 31.500001 -31.500001 34.499999
v 31.500001 -34.500000 31.500000
v 31.500001 -34.500000 1.000000
v 31.600001 31.600001 31.599999
v 31.600001 31.600001 1.000000
v 31.600001 1.400000 31.599999
v 31.600001 1.400000 1.000000
v 31.600001 -1.400000 31.599999
v 31.600001 -1.400000 1.000000
v 31.600001 -31.600001 31.599999
v 31.600001 -31.600001 1.000000
v 34.500000 31.500001 31.500000
v 34.500000 31.500001 1.000000
v 34.500000 -31.500001 31.500000
v 34.500000 -31.500001 1.000000
vt 3.160000 3.160000 0.000000
vt 0.140000 3.160000 0.000000
vt 0.140000 0.140000 0.000000
vt 3.160000 0.140000 0.000000
vt -0.010000 0.000000 0.000000
vt 3.010000 0.000000 0.000000
vt 3.010000 3.060000 0.000000
vt -0.010000 3.060000 0.000000
vt -0.010000 0.000000 0.000000
vt 3.010000 0.000000 0.000000
vt 3.010000 3.060000 0.000000
vt -0.010000 3.060000 0.000000
vt -0.010000 0.000000 0.000000
vt 3.010000 0.000000 0.000000
vt 3.010000 3.060000 0.000000
vt -0.010000 3.060000 0.000000
vt -0.010000 0.000000 0.000000
vt 3.010000 0.000000 0.000000
vt 3.010000 3.060000 0.000000
vt -0.010000 3.060000 0.000000
vt -0.140000 0.140000 0.000000
vt -0.140000 3.160000 0.000000
vt -3.160000 3.160000 0.000000
vt -3.160000 0.140000 0.000000
vt -0.010000 0.000000 0.000000
vt 3.010000 0.000000 0.000000
vt 3.010000 3.060000 0.000000
vt -0.010000 3.060000 0.000000
vt -0.010000 0.000000 0.000000
vt 3.010000 0.000000 0.000000
vt 3.010000 3.060000 0.000000
vt -0.010000 3.060000 0.000000
vt -0.010000 0.000000 0.000000
vt 3.010000 0.000000 0.000000
vt 3.010000 3.060000 0.000000
vt -0.010000 3.060000 0.000000
vt -0.010000 0.000000 0.000000
vt 3.010000 0.000000 0.000000
vt 3.010000 3.060000 0.000000
vt -0.010000 3.060000 0.000000
vt -3.160000 -3.160000 0.000000
vt -0.140000 -3.160000 0.000000
vt -0.140000 -0.140000 0.000000
vt -3.160000 -0.140000 0.000000
vt -0.010000 0.000000 0.000000
vt 3.010000 0.000000 0.000000
vt 3.010000 3.060000 0.000000
vt -0.010000 3.060000 0.000000
vt -0.010000 0.000000 0.000000
vt 3.010000 0.000000 0.000000
vt 3.010000 3.060000 0.000000
vt -0.010000 3.060000 0.000000
vt -0.010000 0.000000 0.000000
vt 3.010000 0.000000 0.000000
vt 3.010000 3.060000 0.000000
vt -0.010000 3.060000 0.000000
vt -0.010000 0.000000 0.000000
vt 3.010000 0.000000 0.000000
vt 3.010000 3.060000 0.000000
vt -0.010000 3.060000 0.000000
vt 3.160000 -3.160000 0.000000
vt 3.160000 -0.140000 0.000000
vt 0.140000 -0.140000 0.000000
vt 0.140000 -3.160000 0.000000
vt -0.010000 0.000000 0.000000
vt 3.010000 0.000000 0.000000
vt 3.010000 3.060000 0.000000
vt -0.010000 3.060000 0.000000
vt -0.010000 0.000000 0.000000
vt 3.010000 0.000000 0.000000
vt 3.010000 3.060000 0.000000
vt -0.010000 3.060000 0.000000
vt -0.010000 0.000000 0.000000
vt 3.010000 0.000000 0.000000
vt 3.010000 3.060000 0.000000
vt -0.010000 3.060000 0.000000
vt -0.010000 0.000000 0.000000
vt 3.010000 0.000000 0.000000
vt 3.010000 3.060000 0.000000
vt -0.010000 3.060000 0.000000
vt -0.424264 0.000000 0.000000
vt -0.212132 -0.367423 0.000000
vt 0.000000 0.000000 0.000000
vt 0.000000 -0.212132 0.000000
vt 0.000000 0.212132 0.000000
vt -3.050000 0.212132 0.000000
vt -3.050000 -0.212132 0.000000
vt -0.212132 -0.367423 0.000000
vt 0.212132 -0.367423 0.000000
vt 0.000000 0.000000 0.000000
vt 0.000000 -0.212132 0.000000
vt 0.000000 0.212132 0.000000
vt -3.050000 0.212132 0.000000
vt -3.050000 -0.212132 0.000000
vt 0.212132 0.367423 0.000000
vt -0.212132 0.367423 0.000000
vt 0.000000 0.000000 0.000000
vt 0.000000 0.212132 0.000000
vt 0.000000 -0.212132 0.000000
vt 3.050000 -0.212132 0.000000
vt 3.050000 0.212132 0.000000
vt 4.875000 -0.212132 0.000000
vt 4.875000 0.212132 0.000000
vt -1.425000 0.212132 0.000000
vt -1.425000 -0.212132 0.000000
vt 0.424264 0.000000 0.000000
vt 0.212132 0.367423 0.000000
vt 0.000000 0.000000 0.000000
vt 0.000000 0.212132 0.000000
vt 0.000000 -0.212132 0.000000
vt 3.050000 -0.212132 0.000000
vt 3.050000 0.212132 0.000000
vt -0.212132 -4.875000 0.000000
vt 0.212132 -4.875000 0.000000
vt 0.212132 1.425000 0.000000
vt -0.212132 1.425000 0.000000
vt -4.875000 0.212132 0.000000
vt -4.875000 -0.212132 0.000000
vt 1.425000 -0.212132 0.000000
vt 1.425000 0.212132 0.000000
vt 0.212132 4.875000 0.000000
vt -0.212132 4.875000 0.000000
vt -0.212132 -1.425000 0.000000
vt 0.212132 -1.425000 0.000000
vt 6.600000 0.000000 0.000000
vt 6.600000 3.050000 0.000000
vt 0.300000 3.050000 0.000000
vt 0.300000 0.000000 0.000000
vt 6.600000 0.000000 0.000000
vt 6.600000 3.050000 0.000000
vt 0.300000 3.050000 0.000000
vt 0.300000 0.000000 0.000000
vt -3.150000 -3.150000 0.000000
vt 3.150000 -3.150000 0.000000
vt 3.150000 3.150000 0.000000
vt -3.150000 3.150000 0.000000
vt 0.300000 3.050000 0.000000
vt 0.300000 0.000000 0.000000
vt 6.600000 0.000000 0.000000
vt 6.600000 3.050000 0.000000
vt 0.300000 3.050000 0.000000
vt 0.300000 0.000000 0.000000
vt 6.600000 0.000000 0.000000
vt 6.600000 3.050000 0.000000
vt 0.140000 3.160000 0.000000
vt 3.160000 3.160000 0.000000
vt 3.160000 0.140000 0.000000
vt 0.140000 0.140000 0.000000
vt -0.140000 3.160000 0.000000
vt -0.140000 0.140000 0.000000
vt -3.160000 0.140000 0.000000
vt -3.160000 3.160000 0.000000
vt -0.140000 -3.160000 0.000000
vt -3.160000 -3.160000 0.000000
vt -3.160000 -0.140000 0.000000
vt -0.140000 -0.140000 0.000000
vt 3.160000 -0.140000 0.000000
vt 3.160000 -3.160000 0.000000
vt 0.140000 -3.160000 0.000000
vt 0.140000 -0.140000 0.000000
vt -3.450000 -3.150000 0.000000
vt -3.150000 -3.450000 0.000000
vt 3.150000 -3.450000 0.000000
vt 3.450000 -3.150000 0.000000
vt 3.450000 3.150000 0.000000
vt 3.150000 3.450000 0.000000
vt -3.150000 3.450000 0.000000
vt -3.450000 3.150000 0.000000
vn -0.000000 -0.000000 -0.100000
vn -0.000000 -0.000000 -0.100000
vn -0.000000 -0.000000 -0.100000
vn -0.000000 -0.000000 -0.100000
vn 0.000000 0.100000 -0.000000
vn 0.000000 0.100000 -0.000000
vn 0.000000 0.100000 -0.000000
vn 0.000000 0.100000 -0.000000
vn -0.100000 0.000000 0.000000
vn -0.100000 0.000000 0.000000
vn -0.100000 0.000000 0.000000
vn -0.100000 0.000000 0.000000
vn -0.000000 -0.100000 0.000000
vn -0.000000 -0.100000 0.000000
vn -0.000000 -0.100000 0.000000
vn -0.000000 -0.100000 0.000000
vn 0.100000 -0.000000 -0.000000
vn 0.100000 -0.000000 -0.000000
vn 0.100000 -0.000000 -0.000000
vn 0.100000 -0.000000 -0.000000
vn -0.000000 -0.000000 -0.100000
vn -0.000000 -0.000000 -0.100000
vn -0.000000 -0.000000 -0.100000
vn -0.000000 -0.000000 -0.100000
vn -0.100000 0.000000 0.000000
vn -0.100000 0.000000 0.000000
vn -0.100000 0.000000 0.000000
vn -0.100000 0.000000 0.000000
vn -0.000000 -0.100000 0.000000
vn -0.000000 -0.100000 0.000000
vn -0.000000 -0.100000 0.000000
vn -0.000000 -0.100000 0.000000
vn 0.100000 -0.000000 -0.000000
vn 0.100000 -0.000000 -0.000000
vn 0.100000 -0.000000 -0.000000
vn 0.100000 -0.000000 -0.000000
vn 0.000000 0.100000 -0.000000
vn 0.000000 0.100000 -0.000000
vn 0.000000 0.100000 -0.000000
vn 0.000000 0.100000 -0.000000
vn -0.000000 -0.000000 -0.100000
vn -0.000000 -0.000000 -0.100000
vn -0.000000 -0.000000 -0.100000
vn -0.000000 -0.000000 -0.100000
vn -0.000000 -0.100000 0.000000
vn -0.000000 -0.100000 0.000000
vn -0.000000 -0.100000 0.000000
vn -0.000000 -0.100000 0.000000
vn 0.100000 -0.000000 -0.000000
vn 0.100000 -0.000000 -0.000000
vn 0.100000 -0.000000 -0.000000
vn 0.100000 -0.000000 -0.000000
vn 0.000000 0.100000 -0.000000
vn 0.000000 0.100000 -0.000000
vn 0.000000 0.100000 -0.000000
vn 0.000000 0.100000 -0.000000
vn -0.100000 0.000000 0.000000
vn -0.100000 0.000000 0.000000
vn -0.100000 0.000000 0.000000
vn -0.100000 0.000000 0.000000
vn -0.000000 -0.000000 -0.100000
vn -0.000000 -0.000000 -0.100000
vn -0.000000 -0.000000 -0.100000
vn -0.000000 -0.000000 -0.100000
vn -0.100000 0.000000 0.000000
vn -0.100000 0.000000 0.000000
vn -0.100000 0.000000 0.000000
vn -0.100000 0.000000 0.000000
vn -0.000000 -0.100000 0.000000
vn -0.000000 -0.100000 0.000000
vn -0.000000 -0.100000 0.000000
vn -0.000000 -0.100000 0.000000
vn 0.100000 -0.000000 -0.000000
vn 0.100000 -0.000000 -0.000000
vn 0.100000 -0.000000 -0.000000
vn 0.100000 -0.000000 -0.000000
vn 0.000000 0.100000 -0.000000
vn 0.000000 0.100000 -0.000000
vn 0.000000 0.100000 -0.000000
vn 0.000000 0.100000 -0.000000
vn -0.057735 0.057735 0.057735
vn -0.057735 0.057735 0.057735
vn -0.057735 0.057735 0.057735
vn -0.070711 0.070711 -0.000000
vn -0.070711 0.070711 -0.000000
vn -0.070711 0.070711 -0.000000
vn -0.070711 0.070711 -0.000000
vn -0.057735 -0.057735 0.057735
vn -0.057735 -0.057735 0.057735
vn -0.057735 -0.057735 0.057735
vn -0.070711 -0.070711 0.000000
vn -0.070711 -0.070711 0.000000
vn -0.070711 -0.070711 0.000000
vn -0.070711 -0.070711 0.000000
vn 0.057735 0.057735 0.057735
vn 0.057735 0.057735 0.057735
vn 0.057735 0.057735 0.057735
vn 0.070711 0.070711 -0.000000
vn 0.070711 0.070711 -0.000000
vn 0.070711 0.070711 -0.000000
vn 0.070711 0.070711 -0.000000
vn 0.000000 0.070711 0.070711
vn 0.000000 0.070711 0.070711
vn 0.000000 0.070711 0.070711
vn 0.000000 0.070711 0.070711
vn 0.057735 -0.057735 0.057735
vn 0.057735 -0.057735 0.057735
vn 0.057735 -0.057735 0.057735
vn 0.070711 -0.070711 0.000000
vn 0.070711 -0.070711 0.000000
vn 0.070711 -0.070711 0.000000
vn 0.070711 -0.070711 0.000000
vn 0.070711 -0.000000 0.070711
vn 0.070711 -0.000000 0.070711
vn 0.070711 -0.000000 0.070711
vn 0.070711 -0.000000 0.070711
vn -0.000000 -0.070711 0.070711
vn -0.000000 -0.070711 0.070711
vn -0.000000 -0.070711 0.070711
vn -0.000000 -0.070711 0.070711
vn -0.070711 0.000000 0.070711
vn -0.070711 0.000000 0.070711
vn -0.070711 0.000000 0.070711
vn -0.070711 0.000000 0.070711
vn 0.000000 0.100000 -0.000000
vn 0.000000 0.100000 -0.000000
vn 0.000000 0.100000 -0.000000
vn 0.000000 0.100000 -0.000000
vn 0.100000 -0.000000 -0.000000
vn 0.100000 -0.000000 -0.000000
vn 0.100000 -0.000000 -0.000000
vn 0.100000 -0.000000 -0.000000
vn 0.000000 0.000000 0.100000
vn 0.000000 0.000000 0.100000
vn 0.000000 0.000000 0.100000
vn 0.000000 0.000000 0.100000
vn -0.100000 0.000000 0.000000
vn -0.100000 0.000000 0.000000
vn -0.100000 0.000000 0.000000
vn -0.100000 0.000000 0.000000
vn -0.000000 -0.100000 0.000000
vn -0.000000 -0.100000 0.000000
vn -0.000000 -0.100000 0.000000
vn -0.000000 -0.100000 0.000000
vn -0.000000 -0.000000 -0.100000
vn -0.000000 -0.000000 -0.100000
vn -0.000000 -0.000000 -0.100000
vn -0.000000 -0.000000 -0.100000
vn -0.000000 -0.000000 -0.100000
vn -0.000000 -0.000000 -0.100000
vn -0.000000 -0.000000 -0.100000
vn -0.000000 -0.000000 -0.100000
vn -0.000000 -0.000000 -0.100000
vn -0.000000 -0.000000 -0.100000
vn -0.000000 -0.000000 -0.100000
vn -0.000000 -0.000000 -0.100000
vn -0.000000 -0.000000 -0.100000
vn -0.000000 -0.000000 -0.100000
vn -0.000000 -0.000000 -0.100000
vn -0.000000 -0.000000 -0.100000
vn -0.000000 -0.000000 -0.100000
vn -0.000000 -0.000000 -0.100000
vn -0.000000 -0.000000 -0.100000
vn -0.000000 -0.000000 -0.100000
vn -0.000000 -0.000000 -0.100000
vn -0.000000 -0.000000 -0.100000
vn -0.000000 -0.000000 -0.100000
vn -0.000000 -0.000000 -0.100000
usemtl 204,0,0
f 55/25/25 41/26/26 53/28/28
f 53/28/28 41/26/26 39/27/27
f 56/29/29 42/30/30 55/32/32
f 55/32/32 42/30/30 41/31/31
f 54/33/33 56/34/34 53/36/36
f 53/36/36 56/34/34 55/35/35
f 40/37/37 54/38/38 39/40/40
f 39/40/40 54/38/38 53/39/39
f 42/41/41 40/42/42 41/44/44
f 41/44/44 40/42/42 39/43/43
f 33/46/46 19/47/47 31/45/45
f 31/45/45 19/47/47 17/48/48
f 32/49/49 34/50/50 31/52/52
f 31/52/52 34/50/50 33/51/51
f 18/53/53 32/54/54 17/56/56
f 17/56/56 32/54/54 31/55/55
f 20/57/57 18/58/58 19/60/60
f 19/60/60 18/58/58 17/59/59
f 34/61/61 20/62/62 33/64/64
f 33/64/64 20/62/62 19/63/63
f 13/65/65 27/66/66 15/68/68
f 15/68/68 27/66/66 29/67/67
f 14/69/69 28/70/70 13/72/72
f 13/72/72 28/70/70 27/71/71
f 16/73/73 14/74/74 15/76/76
f 15/76/76 14/74/74 13/75/75
f 30/77/77 16/78/78 29/80/80
f 29/80/80 16/78/78 15/79/79
f 28/81/81 30/82/82 27/84/84
f 27/84/84 30/82/82 29/83/83
f 51/86/86 37/87/87 49/85/85
f 49/85/85 37/87/87 35/88/88
f 50/89/89 52/90/90 49/92/92
f 49/92/92 52/90/90 51/91/91
f 36/93/93 50/94/94 35/96/96
f 35/96/96 50/94/94 49/95/95
f 38/97/97 36/98/98 37/100/100
f 37/100/100 36/98/98 35/99/99
f 52/101/101 38/102/102 51/104/104
f 51/104/104 38/102/102 37/103/103
f 23/105/105 21/106/106 9/107/107
f 10/109/109 9/110/110 22/108/108
f 22/108/108 9/110/110 21/111/111
f 24/112/112 11/113/113 25/114/114
f 26/116/116 25/117/117 12/115/115
f 12/115/115 25/117/117 11/118/118
f 45/119/119 57/120/120 43/121/121
f 44/123/123 43/124/124 58/122/122
f 58/122/122 43/124/124 57/125/125
f 23/127/127 45/128/128 21/126/126
f 21/126/126 45/128/128 43/129/129
f 46/130/130 47/131/131 59/132/132
f 60/134/134 59/135/135 48/133/133
f 48/133/133 59/135/135 47/136/136
f 57/137/137 45/138/138 59/140/140
f 59/140/140 45/138/138 46/139/139
f 46/142/142 24/143/143 47/141/141
f 47/141/141 24/143/143 25/144/144
f 11/145/145 24/146/146 9/148/148
f 9/148/148 24/146/146 23/147/147
f 21/150/150 43/151/151 22/149/149
f 22/149/149 43/151/151 44/152/152
f 57/154/154 59/155/155 58/153/153
f 58/153/153 59/155/155 60/156/156
f 45/157/157 23/158/158 46/160/160
f 46/160/160 23/158/158 24/159/159
f 10/162/162 12/163/163 9/161/161
f 9/161/161 12/163/163 11/164/164
f 26/166/166 48/167/167 25/165/165
f 25/165/165 48/167/167 47/168/168
f 56/170/170 48/190/190 42/169/169
f 42/169/169 48/190/190 26/191/191
f 42/169/169 26/191/191 34/173/173
f 34/173/173 26/191/191 20/176/176
f 20/176/176 26/191/191 12/192/192
f 20/176/176 12/192/192 18/175/175
f 18/175/175 12/192/192 10/185/185
f 18/175/175 10/185/185 16/179/179
f 16/179/179 10/185/185 14/178/178
f 14/178/178 10/185/185 22/186/186
f 14/178/178 22/186/186 28/177/177
f 28/177/177 22/186/186 44/187/187
f 28/177/177 44/187/187 36/183/183
f 36/183/183 44/187/187 50/182/182
f 50/182/182 44/187/187 58/188/188
f 50/182/182 58/188/188 52/181/181
f 52/181/181 58/188/188 54/171/171
f 52/181/181 54/171/171 40/172/172
f 48/190/190 56/170/170 60/189/189
f 60/189/189 56/170/170 54/171/171
f 60/189/189 54/171/171 58/188/188
f 42/169/169 34/173/173 40/172/172
f 40/172/172 34/173/173 32/174/174
f 40/172/172 32/174/174 38/184/184
f 38/184/184 32/174/174 30/180/180
f 38/184/184 30/180/180 36/183/183
f 36/183/183 30/180/180 28/177/177
f 32/174/174 18/175/175 30/180/180
f 30/180/180 18/175/175 16/179/179
f 38/184/184 52/181/181 40/172/172
g Solid1:2

v -34.500000 -31.500001 -31.500000
v -34.500000 -31.500001 -1.000000
v -34.500000 31.500001 -31.500000
v -34.500000 31.500001 -1.000000
v -31.600001 -31.600001 -31.599999
v -31.600001 -31.600001 -1.000000
v -31.600001 -1.400000 -31.599999
v -31.600001 -1.400000 -1.000000
v -31.600001 1.400000 -31.599999
v -31.600001 1.400000 -1.000000
v -31.600001 31.600001 -31.599999
v -31.600001 31.600001 -1.000000
v -31.500001 -34.500000 -31.500000
v -31.500001 -34.500000 -1.000000
v -31.500001 -31.500001 -34.499999
v -31.500001 31.500001 -34.499999
v -31.500001 34.500000 -31.500000
v -31.500001 34.500000 -1.000000
v -1.400000 -31.600001 -31.599999
v -1.400000 -31.600001 -1.000000
v -1.400000 -1.400000 -31.599999
v -1.400000 -1.400000 -1.000000
v -1.400000 1.400000 -31.599999
v -1.400000 1.400000 -1.000000
v -1.400000 31.600001 -31.599999
v -1.400000 31.600001 -1.000000
v 1.400000 -31.600001 -31.599999
v 1.400000 -31.600001 -1.000000
v 1.400000 -1.400000 -31.599999
v 1.400000 -1.400000 -1.000000
v 1.400000 1.400000 -31.599999
v 1.400000 1.400000 -1.000000
v 1.400000 31.600001 -31.599999
v 1.400000 31.600001 -1.000000
v 31.500001 -34.500000 -31.500000
v 31.500001 -34.500000 -1.000000
v 31.500001 -31.500001 -34.499999
v 31.500001 31.500001 -34.499999
v 31.500001 34.500000 -31.500000
v 31.500001 34.500000 -1.000000
v 31.600001 -31.600001 -31.599999
v 31.600001 -31.600001 -1.000000
v 31.600001 -1.400000 -31.599999
v 31.600001 -1.400000 -1.000000
v 31.600001 1.400000 -31.599999
v 31.600001 1.400000 -1.000000
v 31.600001 31.600001 -31.599999
v 31.600001 31.600001 -1.000000
v 34.500000 -31.500001 -31.500000
v 34.500000 -31.500001 -1.000000
v 34.500000 31.500001 -31.500000
v 34.500000 31.500001 -1.000000
vt 3.160000 3.160000 0.000000
vt 0.140000 3.160000 0.000000
vt 0.140000 0.140000 0.000000
vt 3.160000 0.140000 0.000000
vt -0.010000 0.000000 0.000000
vt 3.010000 0.000000 0.000000
vt 3.010000 3.060000 0.000000
vt -0.010000 3.060000 0.000000
vt -0.010000 0.000000 0.000000
vt 3.010000 0.000000 0.000000
vt 3.010000 3.060000 0.000000
vt -0.010000 3.060000 0.000000
vt -0.010000 0.000000 0.000000
vt 3.010000 0.000000 0.000000
vt 3.010000 3.060000 0.000000
vt -0.010000 3.060000 0.000000
vt -0.010000 0.000000 0.000000
vt 3.010000 0.000000 0.000000
vt 3.010000 3.060000 0.000000
vt -0.010000 3.060000 0.000000
vt -0.140000 0.140000 0.000000
vt -0.140000 3.160000 0.000000
vt -3.160000 3.160000 0.000000
vt -3.160000 0.140000 0.000000
vt -0.010000 0.000000 0.000000
vt 3.010000 0.000000 0.000000
vt 3.010000 3.060000 0.000000
vt -0.010000 3.060000 0.000000
vt -0.010000 0.000000 0.000000
vt 3.010000 0.000000 0.000000
vt 3.010000 3.060000 0.000000
vt -0.010000 3.060000 0.000000
vt -0.010000 0.000000 0.000000
vt 3.010000 0.000000 0.000000
vt 3.010000 3.060000 0.000000
vt -0.010000 3.060000 0.000000
vt -0.010000 0.000000 0.000000
vt 3.010000 0.000000 0.000000
vt 3.010000 3.060000 0.000000
vt -0.010000 3.060000 0.000000
vt -3.160000 -3.160000 0.000000
vt -0.140000 -3.160000 0.000000
vt -0.140000 -0.140000 0.000000
vt -3.160000 -0.140000 0.000000
vt -0.010000 0.000000 0.000000
vt 3.010000 0.000000 0.000000
vt 3.010000 3.060000 0.000000
vt -0.010000 3.060000 0.000000
vt -0.010000 0.000000 0.000000
vt 3.010000 0.000000 0.000000
vt 3.010000 3.060000 0.000000
vt -0.010000 3.060000 0.000000
vt -0.010000 0.000000 0.000000
vt 3.010000 0.000000 0.000000
vt 3.010000 3.060000 0.000000
vt -0.010000 3.060000 0.000000
vt -0.010000 0.000000 0.000000
vt 3.010000 0.000000 0.000000
vt 3.010000 3.060000 0.000000
vt -0.010000 3.060000 0.000000
vt 3.160000 -3.160000 0.000000
vt 3.160000 -0.140000 0.000000
vt 0.140000 -0.140000 0.000000
vt 0.140000 -3.160000 0.000000
vt -0.010000 0.000000 0.000000
vt 3.010000 0.000000 0.000000
vt 3.010000 3.060000 0.000000
vt -0.010000 3.060000 0.000000
vt -0.010000 0.000000 0.000000
vt 3.010000 0.000000 0.000000
vt 3.010000 3.060000 0.000000
vt -0.010000 3.060000 0.000000
vt -0.010000 0.000000 0.000000
vt 3.010000 0.000000 0.000000
vt 3.010000 3.060000 0.000000
vt -0.010000 3.060000 0.000000
vt -0.010000 0.000000 0.000000
vt 3.010000 0.000000 0.000000
vt 3.010000 3.060000 0.000000
vt -0.010000 3.060000 0.000000
vt -0.424264 0.000000 0.000000
vt -0.212132 -0.367423 0.000000
vt 0.000000 0.000000 0.000000
vt 0.000000 -0.212132 0.000000
vt 0.000000 0.212132 0.000000
vt -3.050000 0.212132 0.000000
vt -3.050000 -0.212132 0.000000
vt -0.212132 -0.367423 0.000000
vt 0.212132 -0.367423 0.000000
vt 0.000000 0.000000 0.000000
vt 0.000000 -0.212132 0.000000
vt 0.000000 0.212132 0.000000
vt -3.050000 0.212132 0.000000
vt -3.050000 -0.212132 0.000000
vt 0.212132 0.367423 0.000000
vt -0.212132 0.367423 0.000000
vt 0.000000 0.000000 0.000000
vt 0.000000 0.212132 0.000000
vt 0.000000 -0.212132 0.000000
vt 3.050000 -0.212132 0.000000
vt 3.050000 0.212132 0.000000
vt 4.875000 -0.212132 0.000000
vt 4.875000 0.212132 0.000000
vt -1.425000 0.212132 0.000000
vt -1.425000 -0.212132 0.000000
vt 0.424264 0.000000 0.000000
vt 0.212132 0.367423 0.000000
vt 0.000000 0.000000 0.000000
vt 0.000000 0.212132 0.000000
vt 0.000000 -0.212132 0.000000
vt 3.050000 -0.212132 0.000000
vt 3.050000 0.212132 0.000000
vt -0.212132 -4.875000 0.000000
vt 0.212132 -4.875000 0.000000
vt 0.212132 1.425000 0.000000
vt -0.212132 1.425000 0.000000
vt -4.875000 0.212132 0.000000
vt -4.875000 -0.212132 0.000000
vt 1.425000 -0.212132 0.000000
vt 1.425000 0.212132 0.000000
vt 0.212132 4.875000 0.000000
vt -0.212132 4.875000 0.000000
vt -0.212132 -1.425000 0.000000
vt 0.212132 -1.425000 0.000000
vt 6.600000 0.000000 0.000000
vt 6.600000 3.050000 0.000000
vt 0.300000 3.050000 0.000000
vt 0.300000 0.000000 0.000000
vt 6.600000 0.000000 0.000000
vt 6.600000 3.050000 0.000000
vt 0.300000 3.050000 0.000000
vt 0.300000 0.000000 0.000000
vt -3.150000 -3.150000 0.000000
vt 3.150000 -3.150000 0.000000
vt 3.150000 3.150000 0.000000
vt -3.150000 3.150000 0.000000
vt 0.300000 3.050000 0.000000
vt 0.300000 0.000000 0.000000
vt 6.600000 0.000000 0.000000
vt 6.600000 3.050000 0.000000
vt 0.300000 3.050000 0.000000
vt 0.300000 0.000000 0.000000
vt 6.600000 0.000000 0.000000
vt 6.600000 3.050000 0.000000
vt 0.140000 3.160000 0.000000
vt 3.160000 3.160000 0.000000
vt 3.160000 0.140000 0.000000
vt 0.140000 0.140000 0.000000
vt -0.140000 3.160000 0.000000
vt -0.140000 0.140000 0.000000
vt -3.160000 0.140000 0.000000
vt -3.160000 3.160000 0.000000
vt -0.140000 -3.160000 0.000000
vt -3.160000 -3.160000 0.000000
vt -3.160000 -0.140000 0.000000
vt -0.140000 -0.140000 0.000000
vt 3.160000 -0.140000 0.000000
vt 3.160000 -3.160000 0.000000
vt 0.140000 -3.160000 0.000000
vt 0.140000 -0.140000 0.000000
vt -3.450000 -3.150000 0.000000
vt -3.150000 -3.450000 0.000000
vt 3.150000 -3.450000 0.000000
vt 3.450000 -3.150000 0.000000
vt 3.450000 3.150000 0.000000
vt 3.150000 3.450000 0.000000
vt -3.150000 3.450000 0.000000
vt -3.450000 3.150000 0.000000
vn -0.000000 -0.000000 0.100000
vn -0.000000 -0.000000 0.100000
vn -0.000000 -0.000000 0.100000
vn -0.000000 -0.000000 0.100000
vn -0.000000 -0.100000 -0.000000
vn -0.000000 -0.100000 -0.000000
vn -0.000000 -0.100000 -0.000000
vn -0.000000 -0.100000 -0.000000
vn -0.100000 0.000000 -0.000000
vn -0.100000 0.000000 -0.000000
vn -0.100000 0.000000 -0.000000
vn -0.100000 0.000000 -0.000000
vn 0.000000 0.100000 0.000000
vn 0.000000 0.100000 0.000000
vn 0.000000 0.100000 0.000000
vn 0.000000 0.100000 0.000000
vn 0.100000 -0.000000 0.000000
vn 0.100000 -0.000000 0.000000
vn 0.100000 -0.000000 0.000000
vn 0.100000 -0.000000 0.000000
vn -0.000000 -0.000000 0.100000
vn -0.000000 -0.000000 0.100000
vn -0.000000 -0.000000 0.100000
vn -0.000000 -0.000000 0.100000
vn -0.100000 0.000000 -0.000000
vn -0.100000 0.000000 -0.000000
vn -0.100000 0.000000 -0.000000
vn -0.100000 0.000000 -0.000000
vn 0.000000 0.100000 0.000000
vn 0.000000 0.100000 0.000000
vn 0.000000 0.100000 0.000000
vn 0.000000 0.100000 0.000000
vn 0.100000 -0.000000 0.000000
vn 0.100000 -0.000000 0.000000
vn 0.100000 -0.000000 0.000000
vn 0.100000 -0.000000 0.000000
vn -0.000000 -0.100000 -0.000000
vn -0.000000 -0.100000 -0.000000
vn -0.000000 -0.100000 -0.000000
vn -0.000000 -0.100000 -0.000000
vn -0.000000 -0.000000 0.100000
vn -0.000000 -0.000000 0.100000
vn -0.000000 -0.000000 0.100000
vn -0.000000 -0.000000 0.100000
vn 0.000000 0.100000 0.000000
vn 0.000000 0.100000 0.000000
vn 0.000000 0.100000 0.000000
vn 0.000000 0.100000 0.000000
vn 0.100000 -0.000000 0.000000
vn 0.100000 -0.000000 0.000000
vn 0.100000 -0.000000 0.000000
vn 0.100000 -0.000000 0.000000
vn -0.000000 -0.100000 -0.000000
vn -0.000000 -0.100000 -0.000000
vn -0.000000 -0.100000 -0.000000
vn -0.000000 -0.100000 -0.000000
vn -0.100000 0.000000 -0.000000
vn -0.100000 0.000000 -0.000000
vn -0.100000 0.000000 -0.000000
vn -0.100000 0.000000 -0.000000
vn -0.000000 -0.000000 0.100000
vn -0.000000 -0.000000 0.100000
vn -0.000000 -0.000000 0.100000
vn -0.000000 -0.000000 0.100000
vn -0.100000 0.000000 -0.000000
vn -0.100000 0.000000 -0.000000
vn -0.100000 0.000000 -0.000000
vn -0.100000 0.000000 -0.000000
vn 0.000000 0.100000 0.000000
vn 0.000000 0.100000 0.000000
vn 0.000000 0.100000 0.000000
vn 0.000000 0.100000 0.000000
vn 0.100000 -0.000000 0.000000
vn 0.100000 -0.000000 0.000000
vn 0.100000 -0.000000 0.000000
vn 0.100000 -0.000000 0.000000
vn -0.000000 -0.100000 -0.000000
vn -0.000000 -0.100000 -0.000000
vn -0.000000 -0.100000 -0.000000
vn -0.000000 -0.100000 -0.000000
vn -0.057735 -0.057735 -0.057735
vn -0.057735 -0.057735 -0.057735
vn -0.057735 -0.057735 -0.057735
vn -0.070711 -0.070711 -0.000000
vn -0.070711 -0.070711 -0.000000
vn -0.070711 -0.070711 -0.000000
vn -0.070711 -0.070711 -0.000000
vn -0.057735 0.057735 -0.057735
vn -0.057735 0.057735 -0.057735
vn -0.057735 0.057735 -0.057735
vn -0.070711 0.070711 -0.000000
vn -0.070711 0.070711 -0.000000
vn -0.070711 0.070711 -0.000000
vn -0.070711 0.070711 -0.000000
vn 0.057735 -0.057735 -0.057735
vn 0.057735 -0.057735 -0.057735
vn 0.057735 -0.057735 -0.057735
vn 0.070711 -0.070711 0.000000
vn 0.070711 -0.070711 0.000000
vn 0.070711 -0.070711 0.000000
vn 0.070711 -0.070711 0.000000
vn -0.000000 -0.070711 -0.070711
vn -0.000000 -0.070711 -0.070711
vn -0.000000 -0.070711 -0.070711
vn -0.000000 -0.070711 -0.070711
vn 0.057735 0.057735 -0.057735
vn 0.057735 0.057735 -0.057735
vn 0.057735 0.057735 -0.057735
vn 0.070711 0.070711 0.000000
vn 0.070711 0.070711 0.000000
vn 0.070711 0.070711 0.000000
vn 0.070711 0.070711 0.000000
vn 0.070711 -0.000000 -0.070711
vn 0.070711 -0.000000 -0.070711
vn 0.070711 -0.000000 -0.070711
vn 0.070711 -0.000000 -0.070711
vn 0.000000 0.070711 -0.070711
vn 0.000000 0.070711 -0.070711
vn 0.000000 0.070711 -0.070711
vn 0.000000 0.070711 -0.070711
vn -0.070711 0.000000 -0.070711
vn -0.070711 0.000000 -0.070711
vn -0.070711 0.000000 -0.070711
vn -0.070711 0.000000 -0.070711
vn -0.000000 -0.100000 -0.000000
vn -0.000000 -0.100000 -0.000000
vn -0.000000 -0.100000 -0.000000
vn -0.000000 -0.100000 -0.000000
vn 0.100000 -0.000000 0.000000
vn 0.100000 -0.000000 0.000000
vn 0.100000 -0.000000 0.000000
vn 0.100000 -0.000000 0.000000
vn 0.000000 0.000000 -0.100000
vn 0.000000 0.000000 -0.100000
vn 0.000000 0.000000 -0.100000
vn 0.000000 0.000000 -0.100000
vn -0.100000 0.000000 -0.000000
vn -0.100000 0.000000 -0.000000
vn -0.100000 0.000000 -0.000000
vn -0.100000 0.000000 -0.000000
vn 0.000000 0.100000 0.000000
vn 0.000000 0.100000 0.000000
vn 0.000000 0.100000 0.000000
vn 0.000000 0.100000 0.000000
vn -0.000000 -0.000000 0.100000
vn -0.000000 -0.000000 0.100000
vn -0.000000 -0.000000 0.100000
vn -0.000000 -0.000000 0.100000
vn -0.000000 -0.000000 0.100000
vn -0.000000 -0.000000 0.100000
vn -0.000000 -0.000000 0.100000
vn -0.000000 -0.000000 0.100000
vn -0.000000 -0.000000 0.100000
vn -0.000000 -0.000000 0.100000
vn -0.000000 -0.000000 0.100000
vn -0.000000 -0.000000 0.100000
vn -0.000000 -0.000000 0.100000
vn -0.000000 -0.000000 0.100000
vn -0.000000 -0.000000 0.100000
vn -0.000000 -0.000000 0.100000
vn -0.000000 -0.000000 0.100000
vn -0.000000 -0.000000 0.100000
vn -0.000000 -0.000000 0.100000
vn -0.000000 -0.000000 0.100000
vn -0.000000 -0.000000 0.100000
vn -0.000000 -0.000000 0.100000
vn -0.000000 -0.000000 0.100000
vn -0.000000 -0.000000 0.100000
f 107/193/193 93/194/194 105/196/196
f 105/196/196 93/194/194 91/195/195
f 108/197/197 94/198/198 107/200/200
f 107/200/200 94/198/198 93/199/199
f 106/201/201 108/202/202 105/204/204
f 105/204/204 108/202/202 107/203/203
f 92/205/205 106/206/206 91/208/208
f 91/208/208 106/206/206 105/207/207
f 94/209/209 92/210/210 93/212/212
f 93/212/212 92/210/210 91/211/211
f 85/214/214 71/215/215 83/213/213
f 83/213/213 71/215/215 69/216/216
f 84/217/217 86/218/218 83/220/220
f 83/220/220 86/218/218 85/219/219
f 70/221/221 84/222/222 69/224/224
f 69/224/224 84/222/222 83/223/223
f 72/225/225 70/226/226 71/228/228
f 71/228/228 70/226/226 69/227/227
f 86/229/229 72/230/230 85/232/232
f 85/232/232 72/230/230 71/231/231
f 65/233/233 79/234/234 67/236/236
f 67/236/236 79/234/234 81/235/235
f 66/237/237 80/238/238 65/240/240
f 65/240/240 80/238/238 79/239/239
f 68/241/241 66/242/242 67/244/244
f 67/244/244 66/242/242 65/243/243
f 82/245/245 68/246/246 81/248/248
f 81/248/248 68/246/246 67/247/247
f 80/249/249 82/250/250 79/252/252
f 79/252/252 82/250/250 81/251/251
f 103/254/254 89/255/255 101/253/253
f 101/253/253 89/255/255 87/256/256
f 102/257/257 104/258/258 101/260/260
f 101/260/260 104/258/258 103/259/259
f 88/261/261 102/262/262 87/264/264
f 87/264/264 102/262/262 101/263/263
f 90/265/265 88/266/266 89/268/268
f 89/268/268 88/266/266 87/267/267
f 104/269/269 90/270/270 103/272/272
f 103/272/272 90/270/270 89/271/271
f 75/273/273 73/274/274 61/275/275
f 62/277/277 61/278/278 74/276/276
f 74/276/276 61/278/278 73/279/279
f 76/280/280 63/281/281 77/282/282
f 78/284/284 77/285/285 64/283/283
f 64/283/283 77/285/285 63/286/286
f 97/287/287 109/288/288 95/289/289
f 96/291/291 95/292/292 110/290/290
f 110/290/290 95/292/292 109/293/293
f 75/295/295 97/296/296 73/294/294
f 73/294/294 97/296/296 95/297/297
f 98/298/298 99/299/299 111/300/300
f 112/302/302 111/303/303 100/301/301
f 100/301/301 111/303/303 99/304/304
f 109/305/305 97/306/306 111/308/308
f 111/308/308 97/306/306 98/307/307
f 98/310/310 76/311/311 99/309/309
f 99/309/309 76/311/311 77/312/312
f 63/313/313 76/314/314 61/316/316
f 61/316/316 76/314/314 75/315/315
f 73/318/318 95/319/319 74/317/317
f 74/317/317 95/319/319 96/320/320
f 109/322/322 111/323/323 110/321/321
f 110/321/321 111/323/323 112/324/324
f 97/325/325 75/326/326 98/328/328
f 98/328/328 75/326/326 76/327/327
f 62/330/330 64/331/331 61/329/329
f 61/329/329 64/331/331 63/332/332
f 78/334/334 100/335/335 77/333/333
f 77/333/333 100/335/335 99/336/336
f 108/338/338 100/358/358 94/337/337
f 94/337/337 100/358/358 78/359/359
f 94/337/337 78/359/359 86/341/341
f 86/341/341 78/359/359 72/344/344
f 72/344/344 78/359/359 64/360/360
f 72/344/344 64/360/360 70/343/343
f 70/343/343 64/360/360 62/353/353
f 70/343/343 62/353/353 68/347/347
f 68/347/347 62/353/353 66/346/346
f 66/346/346 62/353/353 74/354/354
f 66/346/346 74/354/354 80/345/345
f 80/345/345 74/354/354 96/355/355
f 80/345/345 96/355/355 88/351/351
f 88/351/351 96/355/355 102/350/350
f 102/350/350 96/355/355 110/356/356
f 102/350/350 110/356/356 104/349/349
f 104/349/349 110/356/356 106/339/339
f 104/349/349 106/339/339 92/340/340
f 100/358/358 108/338/338 112/357/357
f 112/357/357 108/338/338 106/339/339
f 112/357/357 106/339/339 110/356/356
f 94/337/337 86/341/341 92/340/340
f 92/340/340 86/341/341 84/342/342
f 92/340/340 84/342/342 90/352/352
f 90/352/352 84/342/342 82/348/348
f 90/352/352 82/348/348 88/351/351
f 88/351/351 82/348/348 80/345/345
f 84/342/342 70/343/343 82/348/348
f 82/348/348 70/343/343 68/347/347
f 90/352/352 104/349/349 92/340/340
g Solid1:3

v -34.500000 -31.500001 0.000000
v -34.500000 -31.500001 1.000000
v -34.500000 31.500001 0.000000
v -34.500000 31.500001 1.000000
v -31.500001 -34.500000 0.000000
v -31.500001 -34.500000 1.000000
v -31.500001 -30.500000 1.000000
v -31.500001 -30.500000 1.500000
v -31.500001 -2.500000 1.000000
v -31.500001 -2.500000 1.500000
v -31.500001 2.500000 1.000000
v -31.500001 2.500000 1.500000
v -31.500001 30.500000 1.000000
v -31.500001 30.500000 1.500000
v -31.500001 34.500000 0.000000
v -31.500001 34.500000 1.000000
v -31.366026 -30.999999 1.000000
v -31.366026 -30.999999 1.500000
v -31.366026 -2.000000 1.000000
v -31.366026 -2.000000 1.500000
v -31.366026 2.000000 1.000000
v -31.366026 2.000000 1.500000
v -31.366026 30.999999 1.000000
v -31.366026 30.999999 1.500000
v -30.999999 -31.366026 1.000000
v -30.999999 -31.366026 1.500000
v -30.999999 -1.633975 1.000000
v -30.999999 -1.633975 1.500000
v -30.999999 1.633975 1.000000
v -30.999999 1.633975 1.500000
v -30.999999 31.366026 1.000000
v -30.999999 31.366026 1.500000
v -30.500000 -31.500001 1.000000
v -30.500000 -31.500001 1.500000
v -30.500000 -1.500000 1.000000
v -30.500000 -1.500000 1.500000
v -30.500000 1.500000 1.000000
v -30.500000 1.500000 1.500000
v -30.500000 31.500001 1.000000
v -30.500000 31.500001 1.500000
v -2.500000 -31.500001 1.000000
v -2.500000 -31.500001 1.500000
v -2.500000 -1.500000 1.000000
v -2.500000 -1.500000 1.500000
v -2.500000 1.500000 1.000000
v -2.500000 1.500000 1.500000
v -2.500000 31.500001 1.000000
v -2.500000 31.500001 1.500000
v -2.000000 -31.366026 1.000000
v -2.000000 -31.366026 1.500000
v -2.000000 -1.633975 1.000000
v -2.000000 -1.633975 1.500000
v -2.000000 1.633975 1.000000
v -2.000000 1.633975 1.500000
v -2.000000 31.366026 1.000000
v -2.000000 31.366026 1.500000
v -1.633975 -30.999999 1.000000
v -1.633975 -30.999999 1.500000
v -1.633975 -2.000000 1.000000
v -1.633975 -2.000000 1.500000
v -1.633975 2.000000 1.000000
v -1.633975 2.000000 1.500000
v -1.633975 30.999999 1.000000
v -1.633975 30.999999 1.500000
v -1.500000 -30.500000 1.000000
v -1.500000 -30.500000 1.500000
v -1.500000 -2.500000 1.000000
v -1.500000 -2.500000 1.500000
v -1.500000 2.500000 1.000000
v -1.500000 2.500000 1.500000
v -1.500000 30.500000 1.000000
v -1.500000 30.500000 1.500000
v 1.500000 -30.500000 1.000000
v 1.500000 -30.500000 1.500000
v 1.500000 -2.500000 1.000000
v 1.500000 -2.500000 1.500000
v 1.500000 2.500000 1.000000
v 1.500000 2.500000 1.500000
v 1.500000 30.500000 1.000000
v 1.500000 30.500000 1.500000
v 1.633975 -30.999999 1.000000
v 1.633975 -30.999999 1.500000
v 1.633975 -2.000000 1.000000
v 1.633975 -2.000000 1.500000
v 1.633975 2.000000 1.000000
v 1.633975 2.000000 1.500000
v 1.633975 30.999999 1.000000
v 1.633975 30.999999 1.500000
v 2.000000 -31.366026 1.000000
v 2.000000 -31.366026 1.500000
v 2.000000 -1.633975 1.000000
v 2.000000 -1.633975 1.500000
v 2.000000 1.633975 1.000000
v 2.000000 1.633975 1.500000
v 2.000000 31.366026 1.000000
v 2.000000 31.366026 1.500000
v 2.500000 -31.500001 1.000000
v 2.500000 -31.500001 1.500000
v 2.500000 -1.500000 1.000000
v 2.500000 -1.500000 1.500000
v 2.500000 1.500000 1.000000
v 2.500000 1.500000 1.500000
v 2.500000 31.500001 1.000000
v 2.500000 31.500001 1.500000
v 30.500000 -31.500001 1.000000
v 30.500000 -31.500001 1.500000
v 30.500000 -1.500000 1.000000
v 30.500000 -1.500000 1.500000
v 30.500000 1.500000 1.000000
v 30.500000 1.500000 1.500000
v 30.500000 31.500001 1.000000
v 30.500000 31.500001 1.500000
v 30.999999 -31.366026 1.000000
v 30.999999 -31.366026 1.500000
v 30.999999 -1.633975 1.000000
v 30.999999 -1.633975 1.500000
v 30.999999 1.633975 1.000000
v 30.999999 1.633975 1.500000
v 30.999999 31.366026 1.000000
v 30.999999 31.366026 1.500000
v 31.366026 -30.999999 1.000000
v 31.366026 -30.999999 1.500000
v 31.366026 -2.000000 1.000000
v 31.366026 -2.000000 1.500000
v 31.366026 2.000000 1.000000
v 31.366026 2.000000 1.500000
v 31.366026 30.999999 1.000000
v 31.366026 30.999999 1.500000
v 31.500001 -34.500000 0.000000
v 31.500001 -34.500000 1.000000
v 31.500001 -30.500000 1.000000
v 31.500001 -30.500000 1.500000
v 31.500001 -2.500000 1.000000
v 31.500001 -2.500000 1.500000
v 31.500001 2.500000 1.000000
v 31.500001 2.500000 1.500000
v 31.500001 30.500000 1.000000
v 31.500001 30.500000 1.500000
v 31.500001 34.500000 0.000000
v 31.500001 34.500000 1.000000
v 34.500000 -31.500001 0.000000
v 34.500000 -31.500001 1.000000
v 34.500000 31.500001 0.000000
v 34.500000 31.500001 1.000000
vt -0.150000 0.157080 0.000000
vt -0.150000 0.104720 0.000000
vt -0.150000 0.052360 0.000000
vt -0.150000 0.000000 0.000000
vt -0.100000 0.000000 0.000000
vt -0.100000 0.052360 0.000000
vt -0.100000 0.104720 0.000000
vt -0.100000 0.157080 0.000000
vt 2.800000 0.150000 0.000000
vt 0.000000 0.150000 0.000000
vt 0.000000 0.100000 0.000000
vt 2.800000 0.100000 0.000000
vt -0.150000 0.157080 0.000000
vt -0.150000 0.104720 0.000000
vt -0.150000 0.052360 0.000000
vt -0.150000 0.000000 0.000000
vt -0.100000 0.000000 0.000000
vt -0.100000 0.052360 0.000000
vt -0.100000 0.104720 0.000000
vt -0.100000 0.157080 0.000000
vt 2.800000 0.150000 0.000000
vt 0.000000 0.150000 0.000000
vt 0.000000 0.100000 0.000000
vt 2.800000 0.100000 0.000000
vt -0.150000 0.157080 0.000000
vt -0.150000 0.104720 0.000000
vt -0.150000 0.052360 0.000000
vt -0.150000 0.000000 0.000000
vt -0.100000 0.000000 0.000000
vt -0.100000 0.052360 0.000000
vt -0.100000 0.104720 0.000000
vt -0.100000 0.157080 0.000000
vt 2.800000 0.150000 0.000000
vt 0.000000 0.150000 0.000000
vt 0.000000 0.100000 0.000000
vt 2.800000 0.100000 0.000000
vt -0.150000 0.157080 0.000000
vt -0.150000 0.104720 0.000000
vt -0.150000 0.052360 0.000000
vt -0.150000 0.000000 0.000000
vt -0.100000 0.000000 0.000000
vt -0.100000 0.052360 0.000000
vt -0.100000 0.104720 0.000000
vt -0.100000 0.157080 0.000000
vt 2.800000 0.150000 0.000000
vt 0.000000 0.150000 0.000000
vt 0.000000 0.100000 0.000000
vt 2.800000 0.100000 0.000000
vt -0.150000 0.157080 0.000000
vt -0.150000 0.104720 0.000000
vt -0.150000 0.052360 0.000000
vt -0.150000 0.000000 0.000000
vt -0.100000 0.000000 0.000000
vt -0.100000 0.052360 0.000000
vt -0.100000 0.104720 0.000000
vt -0.100000 0.157080 0.000000
vt 2.800000 0.150000 0.000000
vt 0.000000 0.150000 0.000000
vt 0.000000 0.100000 0.000000
vt 2.800000 0.100000 0.000000
vt -0.150000 0.157080 0.000000
vt -0.150000 0.104720 0.000000
vt -0.150000 0.052360 0.000000
vt -0.150000 0.000000 0.000000
vt -0.100000 0.000000 0.000000
vt -0.100000 0.052360 0.000000
vt -0.100000 0.104720 0.000000
vt -0.100000 0.157080 0.000000
vt 2.800000 0.150000 0.000000
vt 0.000000 0.150000 0.000000
vt 0.000000 0.100000 0.000000
vt 2.800000 0.100000 0.000000
vt -0.150000 0.157080 0.000000
vt -0.150000 0.104720 0.000000
vt -0.150000 0.052360 0.000000
vt -0.150000 0.000000 0.000000
vt -0.100000 0.000000 0.000000
vt -0.100000 0.052360 0.000000
vt -0.100000 0.104720 0.000000
vt -0.100000 0.157080 0.000000
vt 2.800000 0.150000 0.000000
vt 0.000000 0.150000 0.000000
vt 0.000000 0.100000 0.000000
vt 2.800000 0.100000 0.000000
vt -0.150000 0.157080 0.000000
vt -0.150000 0.104720 0.000000
vt -0.150000 0.052360 0.000000
vt -0.150000 0.000000 0.000000
vt -0.100000 0.000000 0.000000
vt -0.100000 0.052360 0.000000
vt -0.100000 0.104720 0.000000
vt -0.100000 0.157080 0.000000
vt 2.800000 0.150000 0.000000
vt 0.000000 0.150000 0.000000
vt 0.000000 0.100000 0.000000
vt 2.800000 0.100000 0.000000
vt -0.150000 0.157080 0.000000
vt -0.150000 0.104720 0.000000
vt -0.150000 0.052360 0.000000
vt -0.150000 0.000000 0.000000
vt -0.100000 0.000000 0.000000
vt -0.100000 0.052360 0.000000
vt -0.100000 0.104720 0.000000
vt -0.100000 0.157080 0.000000
vt 2.800000 0.150000 0.000000
vt 0.000000 0.150000 0.000000
vt 0.000000 0.100000 0.000000
vt 2.800000 0.100000 0.000000
vt -0.150000 0.157080 0.000000
vt -0.150000 0.104720 0.000000
vt -0.150000 0.052360 0.000000
vt -0.150000 0.000000 0.000000
vt -0.100000 0.000000 0.000000
vt -0.100000 0.052360 0.000000
vt -0.100000 0.104720 0.000000
vt -0.100000 0.157080 0.000000
vt 2.800000 0.150000 0.000000
vt 0.000000 0.150000 0.000000
vt 0.000000 0.100000 0.000000
vt 2.800000 0.100000 0.000000
vt -0.150000 0.157080 0.000000
vt -0.150000 0.104720 0.000000
vt -0.150000 0.052360 0.000000
vt -0.150000 0.000000 0.000000
vt -0.100000 0.000000 0.000000
vt -0.100000 0.052360 0.000000
vt -0.100000 0.104720 0.000000
vt -0.100000 0.157080 0.000000
vt 2.800000 0.150000 0.000000
vt 0.000000 0.150000 0.000000
vt 0.000000 0.100000 0.000000
vt 2.800000 0.100000 0.000000
vt -0.150000 0.157080 0.000000
vt -0.150000 0.104720 0.000000
vt -0.150000 0.052360 0.000000
vt -0.150000 0.000000 0.000000
vt -0.100000 0.000000 0.000000
vt -0.100000 0.052360 0.000000
vt -0.100000 0.104720 0.000000
vt -0.100000 0.157080 0.000000
vt 2.800000 0.150000 0.000000
vt 0.000000 0.150000 0.000000
vt 0.000000 0.100000 0.000000
vt 2.800000 0.100000 0.000000
vt -0.150000 0.157080 0.000000
vt -0.150000 0.104720 0.000000
vt -0.150000 0.052360 0.000000
vt -0.150000 0.000000 0.000000
vt -0.100000 0.000000 0.000000
vt -0.100000 0.052360 0.000000
vt -0.100000 0.104720 0.000000
vt -0.100000 0.157080 0.000000
vt 2.800000 0.150000 0.000000
vt 0.000000 0.150000 0.000000
vt 0.000000 0.100000 0.000000
vt 2.800000 0.100000 0.000000
vt -0.150000 0.157080 0.000000
vt -0.150000 0.104720 0.000000
vt -0.150000 0.052360 0.000000
vt -0.150000 0.000000 0.000000
vt -0.100000 0.000000 0.000000
vt -0.100000 0.052360 0.000000
vt -0.100000 0.104720 0.000000
vt -0.100000 0.157080 0.000000
vt 2.800000 0.150000 0.000000
vt 0.000000 0.150000 0.000000
vt 0.000000 0.100000 0.000000
vt 2.800000 0.100000 0.000000
vt -0.150000 0.157080 0.000000
vt -0.150000 0.104720 0.000000
vt -0.150000 0.052360 0.000000
vt -0.150000 0.000000 0.000000
vt -0.100000 0.000000 0.000000
vt -0.100000 0.052360 0.000000
vt -0.100000 0.104720 0.000000
vt -0.100000 0.157080 0.000000
vt 2.800000 0.150000 0.000000
vt 0.000000 0.150000 0.000000
vt 0.000000 0.100000 0.000000
vt 2.800000 0.100000 0.000000
vt -0.150000 0.157080 0.000000
vt -0.150000 0.104720 0.000000
vt -0.150000 0.052360 0.000000
vt -0.150000 0.000000 0.000000
vt -0.100000 0.000000 0.000000
vt -0.100000 0.052360 0.000000
vt -0.100000 0.104720 0.000000
vt -0.100000 0.157080 0.000000
vt 2.800000 0.150000 0.000000
vt 0.000000 0.150000 0.000000
vt 0.000000 0.100000 0.000000
vt 2.800000 0.100000 0.000000
vt 3.150000 3.450000 0.000000
vt -3.150000 3.450000 0.000000
vt -3.450000 3.150000 0.000000
vt -3.450000 -3.150000 0.000000
vt -3.150000 -3.450000 0.000000
vt 3.150000 -3.450000 0.000000
vt 3.450000 -3.150000 0.000000
vt 3.450000 3.150000 0.000000
vt 0.000000 0.000000 0.000000
vt 0.424264 0.000000 0.000000
vt 0.424264 0.100000 0.000000
vt 0.000000 0.100000 0.000000
vt 0.000000 0.000000 0.000000
vt 6.300000 0.000000 0.000000
vt 6.300000 0.100000 0.000000
vt 0.000000 0.100000 0.000000
vt 0.000000 0.000000 0.000000
vt 0.424264 0.000000 0.000000
vt 0.424264 0.100000 0.000000
vt 0.000000 0.100000 0.000000
vt 0.000000 0.000000 0.000000
vt 6.300000 0.000000 0.000000
vt 6.300000 0.100000 0.000000
vt 0.000000 0.100000 0.000000
vt 0.000000 0.000000 0.000000
vt 0.424264 0.000000 0.000000
vt 0.424264 0.100000 0.000000
vt 0.000000 0.100000 0.000000
vt 0.000000 0.000000 0.000000
vt 6.300000 0.000000 0.000000
vt 6.300000 0.100000 0.000000
vt 0.000000 0.100000 0.000000
vt 0.000000 0.000000 0.000000
vt 0.424264 0.000000 0.000000
vt 0.424264 0.100000 0.000000
vt 0.000000 0.100000 0.000000
vt 0.000000 0.000000 0.000000
vt 6.300000 0.000000 0.000000
vt 6.300000 0.100000 0.000000
vt 0.000000 0.100000 0.000000
vt 0.150000 -0.250000 0.000000
vt 0.163397 -0.200000 0.000000
vt 0.200000 -0.163397 0.000000
vt 0.250000 -0.150000 0.000000
vt 3.050000 -0.150000 0.000000
vt 3.100000 -0.163397 0.000000
vt 3.136603 -0.200000 0.000000
vt 3.150000 -0.250000 0.000000
vt 3.150000 -3.050000 0.000000
vt 3.136603 -3.100000 0.000000
vt 3.100000 -3.136603 0.000000
vt 3.050000 -3.150000 0.000000
vt 0.250000 -3.150000 0.000000
vt 0.200000 -3.136603 0.000000
vt 0.163397 -3.100000 0.000000
vt 0.150000 -3.050000 0.000000
vt 0.250000 0.150000 0.000000
vt 0.200000 0.163397 0.000000
vt 0.163397 0.200000 0.000000
vt 0.150000 0.250000 0.000000
vt 0.150000 3.050000 0.000000
vt 0.163397 3.100000 0.000000
vt 0.200000 3.136603 0.000000
vt 0.250000 3.150000 0.000000
vt 3.050000 3.150000 0.000000
vt 3.100000 3.136603 0.000000
vt 3.136603 3.100000 0.000000
vt 3.150000 3.050000 0.000000
vt 3.150000 0.250000 0.000000
vt 3.136603 0.200000 0.000000
vt 3.100000 0.163397 0.000000
vt 3.050000 0.150000 0.000000
vt -0.250000 -0.150000 0.000000
vt -0.200000 -0.163397 0.000000
vt -0.163397 -0.200000 0.000000
vt -0.150000 -0.250000 0.000000
vt -0.150000 -3.050000 0.000000
vt -0.163397 -3.100000 0.000000
vt -0.200000 -3.136603 0.000000
vt -0.250000 -3.150000 0.000000
vt -3.050000 -3.150000 0.000000
vt -3.100000 -3.136603 0.000000
vt -3.136603 -3.100000 0.000000
vt -3.150000 -3.050000 0.000000
vt -3.150000 -0.250000 0.000000
vt -3.136603 -0.200000 0.000000
vt -3.100000 -0.163397 0.000000
vt -3.050000 -0.150000 0.000000
vt -3.050000 0.150000 0.000000
vt -3.100000 0.163397 0.000000
vt -3.136603 0.200000 0.000000
vt -3.150000 0.250000 0.000000
vt -3.150000 3.050000 0.000000
vt -3.136603 3.100000 0.000000
vt -3.100000 3.136603 0.000000
vt -3.050000 3.150000 0.000000
vt -0.250000 3.150000 0.000000
vt -0.200000 3.136603 0.000000
vt -0.163397 3.100000 0.000000
vt -0.150000 3.050000 0.000000
vt -0.150000 0.250000 0.000000
vt -0.163397 0.200000 0.000000
vt -0.200000 0.163397 0.000000
vt -0.250000 0.150000 0.000000
vt 3.150000 3.450000 0.000000
vt -3.150000 3.450000 0.000000
vt -3.450000 3.150000 0.000000
vt -3.450000 -3.150000 0.000000
vt -3.150000 -3.450000 0.000000
vt 3.150000 -3.450000 0.000000
vt 3.450000 -3.150000 0.000000
vt 3.450000 3.150000 0.000000
vt -3.150000 0.250000 0.000000
vt -3.136603 0.200000 0.000000
vt -3.100000 0.163397 0.000000
vt -3.050000 0.150000 0.000000
vt -0.250000 0.150000 0.000000
vt -0.200000 0.163397 0.000000
vt -0.163397 0.200000 0.000000
vt -0.150000 0.250000 0.000000
vt -0.150000 3.050000 0.000000
vt -0.163397 3.100000 0.000000
vt -0.200000 3.136603 0.000000
vt -0.250000 3.150000 0.000000
vt -3.050000 3.150000 0.000000
vt -3.100000 3.136603 0.000000
vt -3.136603 3.100000 0.000000
vt -3.150000 3.050000 0.000000
vt -0.150000 -0.250000 0.000000
vt -0.163397 -0.200000 0.000000
vt -0.200000 -0.163397 0.000000
vt -0.250000 -0.150000 0.000000
vt -3.050000 -0.150000 0.000000
vt -3.100000 -0.163397 0.000000
vt -3.136603 -0.200000 0.000000
vt -3.150000 -0.250000 0.000000
vt -3.150000 -3.050000 0.000000
vt -3.136603 -3.100000 0.000000
vt -3.100000 -3.136603 0.000000
vt -3.050000 -3.150000 0.000000
vt -0.250000 -3.150000 0.000000
vt -0.200000 -3.136603 0.000000
vt -0.163397 -3.100000 0.000000
vt -0.150000 -3.050000 0.000000
vt 0.150000 0.250000 0.000000
vt 0.163397 0.200000 0.000000
vt 0.200000 0.163397 0.000000
vt 0.250000 0.150000 0.000000
vt 3.050000 0.150000 0.000000
vt 3.100000 0.163397 0.000000
vt 3.136603 0.200000 0.000000
vt 3.150000 0.250000 0.000000
vt 3.150000 3.050000 0.000000
vt 3.136603 3.100000 0.000000
vt 3.100000 3.136603 0.000000
vt 3.050000 3.150000 0.000000
vt 0.250000 3.150000 0.000000
vt 0.200000 3.136603 0.000000
vt 0.163397 3.100000 0.000000
vt 0.150000 3.050000 0.000000
vt 0.250000 -0.150000 0.000000
vt 0.200000 -0.163397 0.000000
vt 0.163397 -0.200000 0.000000
vt 0.150000 -0.250000 0.000000
vt 0.150000 -3.050000 0.000000
vt 0.163397 -3.100000 0.000000
vt 0.200000 -3.136603 0.000000
vt 0.250000 -3.150000 0.000000
vt 3.050000 -3.150000 0.000000
vt 3.100000 -3.136603 0.000000
vt 3.136603 -3.100000 0.000000
vt 3.150000 -3.050000 0.000000
vt 3.150000 -0.250000 0.000000
vt 3.136603 -0.200000 0.000000
vt 3.100000 -0.163397 0.000000
vt 3.050000 -0.150000 0.000000
vn 0.100000 0.000000 0.000000
vn 0.086603 -0.050000 0.000000
vn 0.050000 -0.086603 0.000000
vn 0.000000 -0.100000 0.000000
vn 0.000000 -0.100000 0.000000
vn 0.050000 -0.086603 0.000000
vn 0.086603 -0.050000 0.000000
vn 0.100000 0.000000 0.000000
vn 0.000000 -0.100000 0.000000
vn 0.000000 -0.100000 0.000000
vn 0.000000 -0.100000 0.000000
vn 0.000000 -0.100000 0.000000
vn 0.000000 -0.100000 0.000000
vn -0.050000 -0.086603 0.000000
vn -0.086603 -0.050000 0.000000
vn -0.100000 0.000000 0.000000
vn -0.100000 0.000000 0.000000
vn -0.086603 -0.050000 0.000000
vn -0.050000 -0.086603 0.000000
vn 0.000000 -0.100000 0.000000
vn -0.100000 0.000000 0.000000
vn -0.100000 0.000000 0.000000
vn -0.100000 0.000000 0.000000
vn -0.100000 0.000000 0.000000
vn -0.100000 0.000000 0.000000
vn -0.086603 0.050000 0.000000
vn -0.050000 0.086603 0.000000
vn 0.000000 0.100000 0.000000
vn 0.000000 0.100000 0.000000
vn -0.050000 0.086603 0.000000
vn -0.086603 0.050000 0.000000
vn -0.100000 0.000000 0.000000
vn 0.000000 0.100000 0.000000
vn 0.000000 0.100000 0.000000
vn 0.000000 0.100000 0.000000
vn 0.000000 0.100000 0.000000
vn 0.000000 0.100000 0.000000
vn 0.050000 0.086603 0.000000
vn 0.086603 0.050000 0.000000
vn 0.100000 0.000000 0.000000
vn 0.100000 0.000000 0.000000
vn 0.086603 0.050000 0.000000
vn 0.050000 0.086603 0.000000
vn 0.000000 0.100000 0.000000
vn 0.100000 0.000000 0.000000
vn 0.100000 0.000000 0.000000
vn 0.100000 0.000000 0.000000
vn 0.100000 0.000000 0.000000
vn 0.000000 0.100000 0.000000
vn 0.050000 0.086603 0.000000
vn 0.086603 0.050000 0.000000
vn 0.100000 0.000000 0.000000
vn 0.100000 0.000000 0.000000
vn 0.086603 0.050000 0.000000
vn 0.050000 0.086603 0.000000
vn 0.000000 0.100000 0.000000
vn 0.100000 0.000000 0.000000
vn 0.100000 0.000000 0.000000
vn 0.100000 0.000000 0.000000
vn 0.100000 0.000000 0.000000
vn 0.100000 0.000000 0.000000
vn 0.086603 -0.050000 0.000000
vn 0.050000 -0.086603 0.000000
vn 0.000000 -0.100000 0.000000
vn 0.000000 -0.100000 0.000000
vn 0.050000 -0.086603 0.000000
vn 0.086603 -0.050000 0.000000
vn 0.100000 0.000000 0.000000
vn 0.000000 -0.100000 0.000000
vn 0.000000 -0.100000 0.000000
vn 0.000000 -0.100000 0.000000
vn 0.000000 -0.100000 0.000000
vn 0.000000 -0.100000 0.000000
vn -0.050000 -0.086603 0.000000
vn -0.086603 -0.050000 0.000000
vn -0.100000 0.000000 0.000000
vn -0.100000 0.000000 0.000000
vn -0.086603 -0.050000 0.000000
vn -0.050000 -0.086603 0.000000
vn 0.000000 -0.100000 0.000000
vn -0.100000 0.000000 0.000000
vn -0.100000 0.000000 0.000000
vn -0.100000 0.000000 0.000000
vn -0.100000 0.000000 0.000000
vn -0.100000 0.000000 0.000000
vn -0.086603 0.050000 0.000000
vn -0.050000 0.086603 0.000000
vn 0.000000 0.100000 0.000000
vn 0.000000 0.100000 0.000000
vn -0.050000 0.086603 0.000000
vn -0.086603 0.050000 0.000000
vn -0.100000 0.000000 0.000000
vn 0.000000 0.100000 0.000000
vn 0.000000 0.100000 0.000000
vn 0.000000 0.100000 0.000000
vn 0.000000 0.100000 0.000000
vn 0.000000 -0.100000 0.000000
vn -0.050000 -0.086603 0.000000
vn -0.086603 -0.050000 0.000000
vn -0.100000 0.000000 0.000000
vn -0.100000 0.000000 0.000000
vn -0.086603 -0.050000 0.000000
vn -0.050000 -0.086603 0.000000
vn 0.000000 -0.100000 0.000000
vn -0.100000 0.000000 0.000000
vn -0.100000 0.000000 0.000000
vn -0.100000 0.000000 0.000000
vn -0.100000 0.000000 0.000000
vn -0.100000 0.000000 0.000000
vn -0.086603 0.050000 0.000000
vn -0.050000 0.086603 0.000000
vn 0.000000 0.100000 0.000000
vn 0.000000 0.100000 0.000000
vn -0.050000 0.086603 0.000000
vn -0.086603 0.050000 0.000000
vn -0.100000 0.000000 0.000000
vn 0.000000 0.100000 0.000000
vn 0.000000 0.100000 0.000000
vn 0.000000 0.100000 0.000000
vn 0.000000 0.100000 0.000000
vn 0.000000 0.100000 0.000000
vn 0.050000 0.086603 0.000000
vn 0.086603 0.050000 0.000000
vn 0.100000 0.000000 0.000000
vn 0.100000 0.000000 0.000000
vn 0.086603 0.050000 0.000000
vn 0.050000 0.086603 0.000000
vn 0.000000 0.100000 0.000000
vn 0.100000 0.000000 0.000000
vn 0.100000 0.000000 0.000000
vn 0.100000 0.000000 0.000000
vn 0.100000 0.000000 0.000000
vn 0.100000 0.000000 0.000000
vn 0.086603 -0.050000 0.000000
vn 0.050000 -0.086603 0.000000
vn 0.000000 -0.100000 0.000000
vn 0.000000 -0.100000 0.000000
vn 0.050000 -0.086603 0.000000
vn 0.086603 -0.050000 0.000000
vn 0.100000 0.000000 0.000000
vn 0.000000 -0.100000 0.000000
vn 0.000000 -0.100000 0.000000
vn 0.000000 -0.100000 0.000000
vn 0.000000 -0.100000 0.000000
vn 0.000000 0.100000 0.000000
vn 0.050000 0.086603 0.000000
vn 0.086603 0.050000 0.000000
vn 0.100000 0.000000 0.000000
vn 0.100000 0.000000 0.000000
vn 0.086603 0.050000 0.000000
vn 0.050000 0.086603 0.000000
vn 0.000000 0.100000 0.000000
vn 0.100000 0.000000 0.000000
vn 0.100000 0.000000 0.000000
vn 0.100000 0.000000 0.000000
vn 0.100000 0.000000 0.000000
vn 0.100000 0.000000 0.000000
vn 0.086603 -0.050000 0.000000
vn 0.050000 -0.086603 0.000000
vn 0.000000 -0.100000 0.000000
vn 0.000000 -0.100000 0.000000
vn 0.050000 -0.086603 0.000000
vn 0.086603 -0.050000 0.000000
vn 0.100000 0.000000 0.000000
vn 0.000000 -0.100000 0.000000
vn 0.000000 -0.100000 0.000000
vn 0.000000 -0.100000 0.000000
vn 0.000000 -0.100000 0.000000
vn 0.000000 -0.100000 0.000000
vn -0.050000 -0.086603 0.000000
vn -0.086603 -0.050000 0.000000
vn -0.100000 0.000000 0.000000
vn -0.100000 0.000000 0.000000
vn -0.086603 -0.050000 0.000000
vn -0.050000 -0.086603 0.000000
vn 0.000000 -0.100000 0.000000
vn -0.100000 0.000000 0.000000
vn -0.100000 0.000000 0.000000
vn -0.100000 0.000000 0.000000
vn -0.100000 0.000000 0.000000
vn -0.100000 0.000000 0.000000
vn -0.086603 0.050000 0.000000
vn -0.050000 0.086603 0.000000
vn 0.000000 0.100000 0.000000
vn 0.000000 0.100000 0.000000
vn -0.050000 0.086603 0.000000
vn -0.086603 0.050000 0.000000
vn -0.100000 0.000000 0.000000
vn 0.000000 0.100000 0.000000
vn 0.000000 0.100000 0.000000
vn 0.000000 0.100000 0.000000
vn 0.000000 0.100000 0.000000
vn 0.000000 0.000000 -0.100000
vn 0.000000 0.000000 -0.100000
vn 0.000000 0.000000 -0.100000
vn 0.000000 0.000000 -0.100000
vn 0.000000 0.000000 -0.100000
vn 0.000000 0.000000 -0.100000
vn 0.000000 0.000000 -0.100000
vn 0.000000 0.000000 -0.100000
vn 0.070711 0.070711 0.000000
vn 0.070711 0.070711 0.000000
vn 0.070711 0.070711 0.000000
vn 0.070711 0.070711 0.000000
vn 0.100000 0.000000 0.000000
vn 0.100000 0.000000 0.000000
vn 0.100000 0.000000 0.000000
vn 0.100000 0.000000 0.000000
vn 0.070711 -0.070711 0.000000
vn 0.070711 -0.070711 0.000000
vn 0.070711 -0.070711 0.000000
vn 0.070711 -0.070711 0.000000
vn 0.000000 -0.100000 0.000000
vn 0.000000 -0.100000 0.000000
vn 0.000000 -0.100000 0.000000
vn 0.000000 -0.100000 0.000000
vn -0.070711 -0.070711 0.000000
vn -0.070711 -0.070711 0.000000
vn -0.070711 -0.070711 0.000000
vn -0.070711 -0.070711 0.000000
vn -0.100000 0.000000 0.000000
vn -0.100000 0.000000 0.000000
vn -0.100000 0.000000 0.000000
vn -0.100000 0.000000 0.000000
vn -0.070711 0.070711 0.000000
vn -0.070711 0.070711 0.000000
vn -0.070711 0.070711 0.000000
vn -0.070711 0.070711 0.000000
vn 0.000000 0.100000 0.000000
vn 0.000000 0.100000 0.000000
vn 0.000000 0.100000 0.000000
vn 0.000000 0.100000 0.000000
vn 0.000000 0.000000 0.100000
vn 0.000000 0.000000 0.100000
vn 0.000000 0.000000 0.100000
vn 0.000000 0.000000 0.100000
vn 0.000000 0.000000 0.100000
vn 0.000000 0.000000 0.100000
vn 0.000000 0.000000 0.100000
vn 0.000000 0.000000 0.100000
vn 0.000000 0.000000 0.100000
vn 0.000000 0.000000 0.100000
vn 0.000000 0.000000 0.100000
vn 0.000000 0.000000 0.100000
vn 0.000000 0.000000 0.100000
vn 0.000000 0.000000 0.100000
vn 0.000000 0.000000 0.100000
vn 0.000000 0.000000 0.100000
vn 0.000000 0.000000 0.100000
vn 0.000000 0.000000 0.100000
vn 0.000000 0.000000 0.100000
vn 0.000000 0.000000 0.100000
vn 0.000000 0.000000 0.100000
vn 0.000000 0.000000 0.100000
vn 0.000000 0.000000 0.100000
vn 0.000000 0.000000 0.100000
vn 0.000000 0.000000 0.100000
vn 0.000000 0.000000 0.100000
vn 0.000000 0.000000 0.100000
vn 0.000000 0.000000 0.100000
vn 0.000000 0.000000 0.100000
vn 0.000000 0.000000 0.100000
vn 0.000000 0.000000 0.100000
vn 0.000000 0.000000 0.100000
vn 0.000000 0.000000 0.100000
vn 0.000000 0.000000 0.100000
vn 0.000000 0.000000 0.100000
vn 0.000000 0.000000 0.100000
vn 0.000000 0.000000 0.100000
vn 0.000000 0.000000 0.100000
vn 0.000000 0.000000 0.100000
vn 0.000000 0.000000 0.100000
vn 0.000000 0.000000 0.100000
vn 0.000000 0.000000 0.100000
vn 0.000000 0.000000 0.100000
vn 0.000000 0.000000 0.100000
vn 0.000000 0.000000 0.100000
vn 0.000000 0.000000 0.100000
vn 0.000000 0.000000 0.100000
vn 0.000000 0.000000 0.100000
vn 0.000000 0.000000 0.100000
vn 0.000000 0.000000 0.100000
vn 0.000000 0.000000 0.100000
vn 0.000000 0.000000 0.100000
vn 0.000000 0.000000 0.100000
vn 0.000000 0.000000 0.100000
vn 0.000000 0.000000 0.100000
vn 0.000000 0.000000 0.100000
vn 0.000000 0.000000 0.100000
vn 0.000000 0.000000 0.100000
vn 0.000000 0.000000 0.100000
vn 0.000000 0.000000 0.100000
vn 0.000000 0.000000 0.100000
vn 0.000000 0.000000 0.100000
vn 0.000000 0.000000 0.100000
vn 0.000000 0.000000 0.100000
vn 0.000000 0.000000 0.100000
vn 0.000000 0.000000 0.100000
vn 0.000000 0.000000 0.100000
vn 0.000000 0.000000 0.100000
vn 0.000000 0.000000 0.100000
vn 0.000000 0.000000 0.100000
vn 0.000000 0.000000 0.100000
vn 0.000000 0.000000 0.100000
vn 0.000000 0.000000 0.100000
vn 0.000000 0.000000 0.100000
vn 0.000000 0.000000 0.100000
vn 0.000000 0.000000 0.100000
vn 0.000000 0.000000 0.100000
vn 0.000000 0.000000 0.100000
vn 0.000000 0.000000 0.100000
vn 0.000000 0.000000 0.100000
vn 0.000000 0.000000 0.100000
vn 0.000000 0.000000 0.100000
vn 0.000000 0.000000 0.100000
vn 0.000000 0.000000 0.100000
vn 0.000000 0.000000 0.100000
vn 0.000000 0.000000 0.100000
vn 0.000000 0.000000 0.100000
vn 0.000000 0.000000 0.100000
vn 0.000000 0.000000 0.100000
vn 0.000000 0.000000 0.100000
vn 0.000000 0.000000 0.100000
vn 0.000000 0.000000 0.100000
vn 0.000000 0.000000 0.100000
vn 0.000000 0.000000 0.100000
vn 0.000000 0.000000 0.100000
vn 0.000000 0.000000 0.100000
vn 0.000000 0.000000 0.100000
vn 0.000000 0.000000 0.100000
vn 0.000000 0.000000 0.100000
vn 0.000000 0.000000 0.100000
vn 0.000000 0.000000 0.100000
vn 0.000000 0.000000 0.100000
vn 0.000000 0.000000 0.100000
vn 0.000000 0.000000 0.100000
vn 0.000000 0.000000 0.100000
vn 0.000000 0.000000 0.100000
vn 0.000000 0.000000 0.100000
vn 0.000000 0.000000 0.100000
vn 0.000000 0.000000 0.100000
vn 0.000000 0.000000 0.100000
vn 0.000000 0.000000 0.100000
vn 0.000000 0.000000 0.100000
vn 0.000000 0.000000 0.100000
vn 0.000000 0.000000 0.100000
vn 0.000000 0.000000 0.100000
vn 0.000000 0.000000 0.100000
vn 0.000000 0.000000 0.100000
vn 0.000000 0.000000 0.100000
vn 0.000000 0.000000 0.100000
vn 0.000000 0.000000 0.100000
vn 0.000000 0.000000 0.100000
vn 0.000000 0.000000 0.100000
vn 0.000000 0.000000 0.100000
vn 0.000000 0.000000 0.100000
vn 0.000000 0.000000 0.100000
vn 0.000000 0.000000 0.100000
vn 0.000000 0.000000 0.100000
vn 0.000000 0.000000 0.100000
vn 0.000000 0.000000 0.100000
vn 0.000000 0.000000 0.100000
vn 0.000000 0.000000 0.100000
vn 0.000000 0.000000 0.100000
vn 0.000000 0.000000 0.100000
vn 0.000000 0.000000 0.100000
vn 0.000000 0.000000 0.100000
vn 0.000000 0.000000 0.100000
f 243/368/368 244/361/361 233/367/367
f 233/367/367 244/361/361 234/362/362
f 233/367/367 234/362/362 225/366/366
f 225/366/366 234/362/362 226/363/363
f 225/366/366 226/363/363 217/365/365
f 217/365/365 226/363/363 218/364/364
f 218/369/369 210/370/370 217/372/372
f 217/372/372 210/370/370 209/371/371
f 209/380/380 210/373/373 201/379/379
f 201/379/379 210/373/373 202/374/374
f 201/379/379 202/374/374 193/378/378
f 193/378/378 202/374/374 194/375/375
f 193/378/378 194/375/375 185/377/377
f 185/377/377 194/375/375 186/376/376
f 186/381/381 188/382/382 185/384/384
f 185/384/384 188/382/382 187/383/383
f 187/392/392 188/385/385 195/391/391
f 195/391/391 188/385/385 196/386/386
f 195/391/391 196/386/386 203/390/390
f 203/390/390 196/386/386 204/387/387
f 203/390/390 204/387/387 211/389/389
f 211/389/389 204/387/387 212/388/388
f 212/393/393 220/394/394 211/396/396
f 211/396/396 220/394/394 219/395/395
f 219/404/404 220/397/397 227/403/403
f 227/403/403 220/397/397 228/398/398
f 227/403/403 228/398/398 235/402/402
f 235/402/402 228/398/398 236/399/399
f 235/402/402 236/399/399 245/401/401
f 245/401/401 236/399/399 246/400/400
f 246/405/405 244/406/406 245/408/408
f 245/408/408 244/406/406 243/407/407
f 223/416/416 224/409/409 231/415/415
f 231/415/415 224/409/409 232/410/410
f 231/415/415 232/410/410 239/414/414
f 239/414/414 232/410/410 240/411/411
f 239/414/414 240/411/411 249/413/413
f 249/413/413 240/411/411 250/412/412
f 250/417/417 248/418/418 249/420/420
f 249/420/420 248/418/418 247/419/419
f 247/428/428 248/421/421 237/427/427
f 237/427/427 248/421/421 238/422/422
f 237/427/427 238/422/422 229/426/426
f 229/426/426 238/422/422 230/423/423
f 229/426/426 230/423/423 221/425/425
f 221/425/425 230/423/423 222/424/424
f 222/429/429 214/430/430 221/432/432
f 221/432/432 214/430/430 213/431/431
f 213/440/440 214/433/433 205/439/439
f 205/439/439 214/433/433 206/434/434
f 205/439/439 206/434/434 197/438/438
f 197/438/438 206/434/434 198/435/435
f 197/438/438 198/435/435 189/437/437
f 189/437/437 198/435/435 190/436/436
f 190/441/441 192/442/442 189/444/444
f 189/444/444 192/442/442 191/443/443
f 191/452/452 192/445/445 199/451/451
f 199/451/451 192/445/445 200/446/446
f 199/451/451 200/446/446 207/450/450
f 207/450/450 200/446/446 208/447/447
f 207/450/450 208/447/447 215/449/449
f 215/449/449 208/447/447 216/448/448
f 216/453/453 224/454/454 215/456/456
f 215/456/456 224/454/454 223/455/455
f 145/464/464 146/457/457 137/463/463
f 137/463/463 146/457/457 138/458/458
f 137/463/463 138/458/458 129/462/462
f 129/462/462 138/458/458 130/459/459
f 129/462/462 130/459/459 119/461/461
f 119/461/461 130/459/459 120/460/460
f 120/465/465 122/466/466 119/468/468
f 119/468/468 122/466/466 121/467/467
f 121/476/476 122/469/469 131/475/475
f 131/475/475 122/469/469 132/470/470
f 131/475/475 132/470/470 139/474/474
f 139/474/474 132/470/470 140/471/471
f 139/474/474 140/471/471 147/473/473
f 147/473/473 140/471/471 148/472/472
f 148/477/477 156/478/478 147/480/480
f 147/480/480 156/478/478 155/479/479
f 155/488/488 156/481/481 163/487/487
f 163/487/487 156/481/481 164/482/482
f 163/487/487 164/482/482 171/486/486
f 171/486/486 164/482/482 172/483/483
f 171/486/486 172/483/483 179/485/485
f 179/485/485 172/483/483 180/484/484
f 180/489/489 178/490/490 179/492/492
f 179/492/492 178/490/490 177/491/491
f 177/500/500 178/493/493 169/499/499
f 169/499/499 178/493/493 170/494/494
f 169/499/499 170/494/494 161/498/498
f 161/498/498 170/494/494 162/495/495
f 161/498/498 162/495/495 153/497/497
f 153/497/497 162/495/495 154/496/496
f 154/501/501 146/502/502 153/504/504
f 153/504/504 146/502/502 145/503/503
f 159/512/512 160/505/505 167/511/511
f 167/511/511 160/505/505 168/506/506
f 167/511/511 168/506/506 175/510/510
f 175/510/510 168/506/506 176/507/507
f 175/510/510 176/507/507 183/509/509
f 183/509/509 176/507/507 184/508/508
f 184/513/513 182/514/514 183/516/516
f 183/516/516 182/514/514 181/515/515
f 181/524/524 182/517/517 173/523/523
f 173/523/523 182/517/517 174/518/518
f 173/523/523 174/518/518 165/522/522
f 165/522/522 174/518/518 166/519/519
f 165/522/522 166/519/519 157/521/521
f 157/521/521 166/519/519 158/520/520
f 158/525/525 150/526/526 157/528/528
f 157/528/528 150/526/526 149/527/527
f 149/536/536 150/529/529 141/535/535
f 141/535/535 150/529/529 142/530/530
f 141/535/535 142/530/530 133/534/534
f 133/534/534 142/530/530 134/531/531
f 133/534/534 134/531/531 123/533/533
f 123/533/533 134/531/531 124/532/532
f 124/537/537 126/538/538 123/540/540
f 123/540/540 126/538/538 125/539/539
f 125/548/548 126/541/541 135/547/547
f 135/547/547 126/541/541 136/542/542
f 135/547/547 136/542/542 143/546/546
f 143/546/546 136/542/542 144/543/543
f 143/546/546 144/543/543 151/545/545
f 151/545/545 144/543/543 152/544/544
f 152/549/549 160/550/550 151/552/552
f 151/552/552 160/550/550 159/551/551
f 127/553/553 251/554/554 115/560/560
f 115/560/560 251/554/554 113/559/559
f 113/559/559 251/554/554 255/555/555
f 113/559/559 255/555/555 117/558/558
f 117/558/558 255/555/555 253/556/556
f 117/558/558 253/556/556 241/557/557
f 255/561/561 251/562/562 256/564/564
f 256/564/564 251/562/562 252/563/563
f 253/565/565 255/566/566 254/568/568
f 254/568/568 255/566/566 256/567/567
f 241/569/569 253/570/570 242/572/572
f 242/572/572 253/570/570 254/571/571
f 117/573/573 241/574/574 118/576/576
f 118/576/576 241/574/574 242/575/575
f 113/577/577 117/578/578 114/580/580
f 114/580/580 117/578/578 118/579/579
f 115/581/581 113/582/582 116/584/584
f 116/584/584 113/582/582 114/583/583
f 127/585/585 115/586/586 128/588/588
f 128/588/588 115/586/586 116/587/587
f 251/589/589 127/590/590 252/592/592
f 252/592/592 127/590/590 128/591/591
f 195/594/594 171/627/627 187/593/593
f 187/593/593 171/627/627 179/628/628
f 187/593/593 179/628/628 185/608/608
f 185/608/608 179/628/628 177/629/629
f 185/608/608 177/629/629 193/607/607
f 193/607/607 177/629/629 169/630/630
f 193/607/607 169/630/630 201/606/606
f 201/606/606 169/630/630 161/631/631
f 201/606/606 161/631/631 209/605/605
f 209/605/605 161/631/631 153/632/632
f 209/605/605 153/632/632 242/662/662
f 242/662/662 153/632/632 118/661/661
f 118/661/661 153/632/632 145/633/633
f 118/661/661 145/633/633 137/634/634
f 203/595/595 165/655/655 195/594/594
f 195/594/594 165/655/655 163/626/626
f 195/594/594 163/626/626 171/627/627
f 211/596/596 213/609/609 203/595/595
f 203/595/595 213/609/609 205/610/610
f 203/595/595 205/610/610 173/654/654
f 173/654/654 205/610/610 197/611/611
f 173/654/654 197/611/611 181/653/653
f 181/653/653 197/611/611 189/612/612
f 181/653/653 189/612/612 183/652/652
f 183/652/652 189/612/612 191/613/613
f 183/652/652 191/613/613 175/651/651
f 175/651/651 191/613/613 199/614/614
f 175/651/651 199/614/614 167/650/650
f 167/650/650 199/614/614 207/615/615
f 167/650/650 207/615/615 159/649/649
f 159/649/649 207/615/615 215/616/616
f 159/649/649 215/616/616 128/658/658
f 128/658/658 215/616/616 252/657/657
f 252/657/657 215/616/616 223/617/617
f 252/657/657 223/617/617 231/618/618
f 211/596/596 219/597/597 213/609/609
f 213/609/609 219/597/597 221/624/624
f 221/624/624 219/597/597 227/598/598
f 221/624/624 227/598/598 229/623/623
f 229/623/623 227/598/598 235/599/599
f 229/623/623 235/599/599 237/622/622
f 237/622/622 235/599/599 245/600/600
f 237/622/622 245/600/600 247/621/621
f 247/621/621 245/600/600 254/663/663
f 247/621/621 254/663/663 256/664/664
f 245/600/600 243/601/601 254/663/663
f 254/663/663 243/601/601 233/602/602
f 254/663/663 233/602/602 225/603/603
f 254/663/663 225/603/603 242/662/662
f 242/662/662 225/603/603 217/604/604
f 242/662/662 217/604/604 209/605/605
f 252/657/657 231/618/618 256/664/664
f 256/664/664 231/618/618 239/619/619
f 256/664/664 239/619/619 249/620/620
f 249/620/620 247/621/621 256/664/664
f 163/626/626 157/656/656 155/625/625
f 155/625/625 157/656/656 149/641/641
f 155/625/625 149/641/641 147/640/640
f 147/640/640 149/641/641 139/639/639
f 139/639/639 149/641/641 141/642/642
f 139/639/639 141/642/642 131/638/638
f 131/638/638 141/642/642 133/643/643
f 131/638/638 133/643/643 121/637/637
f 121/637/637 133/643/643 123/644/644
f 121/637/637 123/644/644 114/660/660
f 114/660/660 123/644/644 116/659/659
f 116/659/659 123/644/644 125/645/645
f 116/659/659 125/645/645 135/646/646
f 118/661/661 137/634/634 114/660/660
f 114/660/660 137/634/634 129/635/635
f 114/660/660 129/635/635 119/636/636
f 119/636/636 121/637/637 114/660/660
f 135/646/646 143/647/647 116/659/659
f 116/659/659 143/647/647 128/658/658
f 128/658/658 143/647/647 151/648/648
f 128/658/658 151/648/648 159/649/649
f 173/654/654 165/655/655 203/595/595
f 165/655/655 157/656/656 163/626/626
f 134/666/666 142/667/667 124/665/665
f 124/665/665 142/667/667 150/668/668
f 124/665/665 150/668/668 158/669/669
f 166/670/670 182/672/672 158/669/669
f 158/669/669 182/672/672 126/680/680
f 158/669/669 126/680/680 124/665/665
f 166/670/670 174/671/671 182/672/672
f 126/680/680 182/672/672 152/677/677
f 152/677/677 182/672/672 184/673/673
f 152/677/677 184/673/673 160/676/676
f 160/676/676 184/673/673 176/674/674
f 160/676/676 176/674/674 168/675/675
f 144/678/678 136/679/679 152/677/677
f 152/677/677 136/679/679 126/680/680
f 172/682/682 156/684/684 180/681/681
f 180/681/681 156/684/684 148/685/685
f 180/681/681 148/685/685 178/696/696
f 178/696/696 148/685/685 122/688/688
f 178/696/696 122/688/688 154/693/693
f 154/693/693 122/688/688 120/689/689
f 154/693/693 120/689/689 146/692/692
f 146/692/692 120/689/689 138/691/691
f 138/691/691 120/689/689 130/690/690
f 172/682/682 164/683/683 156/684/684
f 140/686/686 132/687/687 148/685/685
f 148/685/685 132/687/687 122/688/688
f 154/693/693 162/694/694 178/696/696
f 178/696/696 162/694/694 170/695/695
f 198/698/698 206/699/699 190/697/697
f 190/697/697 206/699/699 214/700/700
f 190/697/697 214/700/700 222/701/701
f 230/702/702 248/704/704 222/701/701
f 222/701/701 248/704/704 192/712/712
f 222/701/701 192/712/712 190/697/697
f 230/702/702 238/703/703 248/704/704
f 192/712/712 248/704/704 216/709/709
f 216/709/709 248/704/704 250/705/705
f 216/709/709 250/705/705 224/708/708
f 224/708/708 250/705/705 240/706/706
f 224/708/708 240/706/706 232/707/707
f 208/710/710 200/711/711 216/709/709
f 216/709/709 200/711/711 192/712/712
f 204/714/714 196/715/715 212/713/713
f 212/713/713 196/715/715 188/716/716
f 212/713/713 188/716/716 244/724/724
f 244/724/724 188/716/716 218/721/721
f 244/724/724 218/721/721 226/722/722
f 188/716/716 186/717/717 218/721/721
f 218/721/721 186/717/717 210/720/720
f 210/720/720 186/717/717 202/719/719
f 202/719/719 186/717/717 194/718/718
f 226/722/722 234/723/723 244/724/724
f 244/724/724 246/725/725 212/713/713
f 212/713/713 246/725/725 220/728/728
f 220/728/728 246/725/725 236/726/726
f 220/728/728 236/726/726 228/727/727
g Solid1:4

v 34.500000 -31.500001 0.000000
v 34.500000 -31.500001 -1.000000
v 34.500000 31.500001 0.000000
v 34.500000 31.500001 -1.000000
v 31.500001 -34.500000 0.000000
v 31.500001 -34.500000 -1.000000
v 31.500001 -30.500000 -1.000000
v 31.500001 -30.500000 -1.500000
v 31.500001 -2.500000 -1.000000
v 31.500001 -2.500000 -1.500000
v 31.500001 2.500000 -1.000000
v 31.500001 2.500000 -1.500000
v 31.500001 30.500000 -1.000000
v 31.500001 30.500000 -1.500000
v 31.500001 34.500000 0.000000
v 31.500001 34.500000 -1.000000
v 31.366026 -30.999999 -1.000000
v 31.366026 -30.999999 -1.500000
v 31.366026 -2.000000 -1.000000
v 31.366026 -2.000000 -1.500000
v 31.366026 2.000000 -1.000000
v 31.366026 2.000000 -1.500000
v 31.366026 30.999999 -1.000000
v 31.366026 30.999999 -1.500000
v 30.999999 -31.366026 -1.000000
v 30.999999 -31.366026 -1.500000
v 30.999999 -1.633975 -1.000000
v 30.999999 -1.633975 -1.500000
v 30.999999 1.633975 -1.000000
v 30.999999 1.633975 -1.500000
v 30.999999 31.366026 -1.000000
v 30.999999 31.366026 -1.500000
v 30.500000 -31.500001 -1.000000
v 30.500000 -31.500001 -1.500000
v 30.500000 -1.500000 -1.000000
v 30.500000 -1.500000 -1.500000
v 30.500000 1.500000 -1.000000
v 30.500000 1.500000 -1.500000
v 30.500000 31.500001 -1.000000
v 30.500000 31.500001 -1.500000
v 2.500000 -31.500001 -1.000000
v 2.500000 -31.500001 -1.500000
v 2.500000 -1.500000 -1.000000
v 2.500000 -1.500000 -1.500000
v 2.500000 1.500000 -1.000000
v 2.500000 1.500000 -1.500000
v 2.500000 31.500001 -1.000000
v 2.500000 31.500001 -1.500000
v 2.000000 -31.366026 -1.000000
v 2.000000 -31.366026 -1.500000
v 2.000000 -1.633975 -1.000000
v 2.000000 -1.633975 -1.500000
v 2.000000 1.633975 -1.000000
v 2.000000 1.633975 -1.500000
v 2.000000 31.366026 -1.000000
v 2.000000 31.366026 -1.500000
v 1.633975 -30.999999 -1.000000
v 1.633975 -30.999999 -1.500000
v 1.633975 -2.000000 -1.000000
v 1.633975 -2.000000 -1.500000
v 1.633975 2.000000 -1.000000
v 1.633975 2.000000 -1.500000
v 1.633975 30.999999 -1.000000
v 1.633975 30.999999 -1.500000
v 1.500000 -30.500000 -1.000000
v 1.500000 -30.500000 -1.500000
v 1.500000 -2.500000 -1.000000
v 1.500000 -2.500000 -1.500000
v 1.500000 2.500000 -1.000000
v 1.500000 2.500000 -1.500000
v 1.500000 30.500000 -1.000000
v 1.500000 30.500000 -1.500000
v -1.500000 -30.500000 -1.000000
v -1.500000 -30.500000 -1.500000
v -1.500000 -2.500000 -1.000000
v -1.500000 -2.500000 -1.500000
v -1.500000 2.500000 -1.000000
v -1.500000 2.500000 -1.500000
v -1.500000 30.500000 -1.000000
v -1.500000 30.500000 -1.500000
v -1.633975 -30.999999 -1.000000
v -1.633975 -30.999999 -1.500000
v -1.633975 -2.000000 -1.000000
v -1.633975 -2.000000 -1.500000
v -1.633975 2.000000 -1.000000
v -1.633975 2.000000 -1.500000
v -1.633975 30.999999 -1.000000
v -1.633975 30.999999 -1.500000
v -2.000000 -31.366026 -1.000000
v -2.000000 -31.366026 -1.500000
v -2.000000 -1.633975 -1.000000
v -2.000000 -1.633975 -1.500000
v -2.000000 1.633975 -1.000000
v -2.000000 1.633975 -1.500000
v -2.000000 31.366026 -1.000000
v -2.000000 31.366026 -1.500000
v -2.500000 -31.500001 -1.000000
v -2.500000 -31.500001 -1.500000
v -2.500000 -1.500000 -1.000000
v -2.500000 -1.500000 -1.500000
v -2.500000 1.500000 -1.000000
v -2.500000 1.500000 -1.500000
v -2.500000 31.500001 -1.000000
v -2.500000 31.500001 -1.500000
v -30.500000 -31.500001 -1.000000
v -30.500000 -31.500001 -1.500000
v -30.500000 -1.500000 -1.000000
v -30.500000 -1.500000 -1.500000
v -30.500000 1.500000 -1.000000
v -30.500000 1.500000 -1.500000
v -30.500000 31.500001 -1.000000
v -30.500000 31.500001 -1.500000
v -30.999999 -31.366026 -1.000000
v -30.999999 -31.366026 -1.500000
v -30.999999 -1.633975 -1.000000
v -30.999999 -1.633975 -1.500000
v -30.999999 1.633975 -1.000000
v -30.999999 1.633975 -1.500000
v -30.999999 31.366026 -1.000000
v -30.999999 31.366026 -1.500000
v -31.366026 -30.999999 -1.000000
v -31.366026 -30.999999 -1.500000
v -31.366026 -2.000000 -1.000000
v -31.366026 -2.000000 -1.500000
v -31.366026 2.000000 -1.000000
v -31.366026 2.000000 -1.500000
v -31.366026 30.999999 -1.000000
v -31.366026 30.999999 -1.500000
v -31.500001 -34.500000 0.000000
v -31.500001 -34.500000 -1.000000
v -31.500001 -30.500000 -1.000000
v -31.500001 -30.500000 -1.500000
v -31.500001 -2.500000 -1.000000
v -31.500001 -2.500000 -1.500000
v -31.500001 2.500000 -1.000000
v -31.500001 2.500000 -1.500000
v -31.500001 30.500000 -1.000000
v -31.500001 30.500000 -1.500000
v -31.500001 34.500000 0.000000
v -31.500001 34.500000 -1.000000
v -34.500000 -31.500001 0.000000
v -34.500000 -31.500001 -1.000000
v -34.500000 31.500001 0.000000
v -34.500000 31.500001 -1.000000
vt -0.150000 0.157080 0.000000
vt -0.150000 0.104720 0.000000
vt -0.150000 0.052360 0.000000
vt -0.150000 0.000000 0.000000
vt -0.100000 0.000000 0.000000
vt -0.100000 0.052360 0.000000
vt -0.100000 0.104720 0.000000
vt -0.100000 0.157080 0.000000
vt 2.800000 0.150000 0.000000
vt 0.000000 0.150000 0.000000
vt 0.000000 0.100000 0.000000
vt 2.800000 0.100000 0.000000
vt -0.150000 0.157080 0.000000
vt -0.150000 0.104720 0.000000
vt -0.150000 0.052360 0.000000
vt -0.150000 0.000000 0.000000
vt -0.100000 0.000000 0.000000
vt -0.100000 0.052360 0.000000
vt -0.100000 0.104720 0.000000
vt -0.100000 0.157080 0.000000
vt 2.800000 0.150000 0.000000
vt 0.000000 0.150000 0.000000
vt 0.000000 0.100000 0.000000
vt 2.800000 0.100000 0.000000
vt -0.150000 0.157080 0.000000
vt -0.150000 0.104720 0.000000
vt -0.150000 0.052360 0.000000
vt -0.150000 0.000000 0.000000
vt -0.100000 0.000000 0.000000
vt -0.100000 0.052360 0.000000
vt -0.100000 0.104720 0.000000
vt -0.100000 0.157080 0.000000
vt 2.800000 0.150000 0.000000
vt 0.000000 0.150000 0.000000
vt 0.000000 0.100000 0.000000
vt 2.800000 0.100000 0.000000
vt -0.150000 0.157080 0.000000
vt -0.150000 0.104720 0.000000
vt -0.150000 0.052360 0.000000
vt -0.150000 0.000000 0.000000
vt -0.100000 0.000000 0.000000
vt -0.100000 0.052360 0.000000
vt -0.100000 0.104720 0.000000
vt -0.100000 0.157080 0.000000
vt 2.800000 0.150000 0.000000
vt 0.000000 0.150000 0.000000
vt 0.000000 0.100000 0.000000
vt 2.800000 0.100000 0.000000
vt -0.150000 0.157080 0.000000
vt -0.150000 0.104720 0.000000
vt -0.150000 0.052360 0.000000
vt -0.150000 0.000000 0.000000
vt -0.100000 0.000000 0.000000
vt -0.100000 0.052360 0.000000
vt -0.100000 0.104720 0.000000
vt -0.100000 0.157080 0.000000
vt 2.800000 0.150000 0.000000
vt 0.000000 0.150000 0.000000
vt 0.000000 0.100000 0.000000
vt 2.800000 0.100000 0.000000
vt -0.150000 0.157080 0.000000
vt -0.150000 0.104720 0.000000
vt -0.150000 0.052360 0.000000
vt -0.150000 0.000000 0.000000
vt -0.100000 0.000000 0.000000
vt -0.100000 0.052360 0.000000
vt -0.100000 0.104720 0.000000
vt -0.100000 0.157080 0.000000
vt 2.800000 0.150000 0.000000
vt 0.000000 0.150000 0.000000
vt 0.000000 0.100000 0.000000
vt 2.800000 0.100000 0.000000
vt -0.150000 0.157080 0.000000
vt -0.150000 0.104720 0.000000
vt -0.150000 0.052360 0.000000
vt -0.150000 0.000000 0.000000
vt -0.100000 0.000000 0.000000
vt -0.100000 0.052360 0.000000
vt -0.100000 0.104720 0.000000
vt -0.100000 0.157080 0.000000
vt 2.800000 0.150000 0.000000
vt 0.000000 0.150000 0.000000
vt 0.000000 0.100000 0.000000
vt 2.800000 0.100000 0.000000
vt -0.150000 0.157080 0.000000
vt -0.150000 0.104720 0.000000
vt -0.150000 0.052360 0.000000
vt -0.150000 0.000000 0.000000
vt -0.100000 0.000000 0.000000
vt -0.100000 0.052360 0.000000
vt -0.100000 0.104720 0.000000
vt -0.100000 0.157080 0.000000
vt 2.800000 0.150000 0.000000
vt 0.000000 0.150000 0.000000
vt 0.000000 0.100000 0.000000
vt 2.800000 0.100000 0.000000
vt -0.150000 0.157080 0.000000
vt -0.150000 0.104720 0.000000
vt -0.150000 0.052360 0.000000
vt -0.150000 0.000000 0.000000
vt -0.100000 0.000000 0.000000
vt -0.100000 0.052360 0.000000
vt -0.100000 0.104720 0.000000
vt -0.100000 0.157080 0.000000
vt 2.800000 0.150000 0.000000
vt 0.000000 0.150000 0.000000
vt 0.000000 0.100000 0.000000
vt 2.800000 0.100000 0.000000
vt -0.150000 0.157080 0.000000
vt -0.150000 0.104720 0.000000
vt -0.150000 0.052360 0.000000
vt -0.150000 0.000000 0.000000
vt -0.100000 0.000000 0.000000
vt -0.100000 0.052360 0.000000
vt -0.100000 0.104720 0.000000
vt -0.100000 0.157080 0.000000
vt 2.800000 0.150000 0.000000
vt 0.000000 0.150000 0.000000
vt 0.000000 0.100000 0.000000
vt 2.800000 0.100000 0.000000
vt -0.150000 0.157080 0.000000
vt -0.150000 0.104720 0.000000
vt -0.150000 0.052360 0.000000
vt -0.150000 0.000000 0.000000
vt -0.100000 0.000000 0.000000
vt -0.100000 0.052360 0.000000
vt -0.100000 0.104720 0.000000
vt -0.100000 0.157080 0.000000
vt 2.800000 0.150000 0.000000
vt 0.000000 0.150000 0.000000
vt 0.000000 0.100000 0.000000
vt 2.800000 0.100000 0.000000
vt -0.150000 0.157080 0.000000
vt -0.150000 0.104720 0.000000
vt -0.150000 0.052360 0.000000
vt -0.150000 0.000000 0.000000
vt -0.100000 0.000000 0.000000
vt -0.100000 0.052360 0.000000
vt -0.100000 0.104720 0.000000
vt -0.100000 0.157080 0.000000
vt 2.800000 0.150000 0.000000
vt 0.000000 0.150000 0.000000
vt 0.000000 0.100000 0.000000
vt 2.800000 0.100000 0.000000
vt -0.150000 0.157080 0.000000
vt -0.150000 0.104720 0.000000
vt -0.150000 0.052360 0.000000
vt -0.150000 0.000000 0.000000
vt -0.100000 0.000000 0.000000
vt -0.100000 0.052360 0.000000
vt -0.100000 0.104720 0.000000
vt -0.100000 0.157080 0.000000
vt 2.800000 0.150000 0.000000
vt 0.000000 0.150000 0.000000
vt 0.000000 0.100000 0.000000
vt 2.800000 0.100000 0.000000
vt -0.150000 0.157080 0.000000
vt -0.150000 0.104720 0.000000
vt -0.150000 0.052360 0.000000
vt -0.150000 0.000000 0.000000
vt -0.100000 0.000000 0.000000
vt -0.100000 0.052360 0.000000
vt -0.100000 0.104720 0.000000
vt -0.100000 0.157080 0.000000
vt 2.800000 0.150000 0.000000
vt 0.000000 0.150000 0.000000
vt 0.000000 0.100000 0.000000
vt 2.800000 0.100000 0.000000
vt -0.150000 0.157080 0.000000
vt -0.150000 0.104720 0.000000
vt -0.150000 0.052360 0.000000
vt -0.150000 0.000000 0.000000
vt -0.100000 0.000000 0.000000
vt -0.100000 0.052360 0.000000
vt -0.100000 0.104720 0.000000
vt -0.100000 0.157080 0.000000
vt 2.800000 0.150000 0.000000
vt 0.000000 0.150000 0.000000
vt 0.000000 0.100000 0.000000
vt 2.800000 0.100000 0.000000
vt -0.150000 0.157080 0.000000
vt -0.150000 0.104720 0.000000
vt -0.150000 0.052360 0.000000
vt -0.150000 0.000000 0.000000
vt -0.100000 0.000000 0.000000
vt -0.100000 0.052360 0.000000
vt -0.100000 0.104720 0.000000
vt -0.100000 0.157080 0.000000
vt 2.800000 0.150000 0.000000
vt 0.000000 0.150000 0.000000
vt 0.000000 0.100000 0.000000
vt 2.800000 0.100000 0.000000
vt 3.150000 3.450000 0.000000
vt -3.150000 3.450000 0.000000
vt -3.450000 3.150000 0.000000
vt -3.450000 -3.150000 0.000000
vt -3.150000 -3.450000 0.000000
vt 3.150000 -3.450000 0.000000
vt 3.450000 -3.150000 0.000000
vt 3.450000 3.150000 0.000000
vt 0.000000 0.000000 0.000000
vt 0.424264 0.000000 0.000000
vt 0.424264 0.100000 0.000000
vt 0.000000 0.100000 0.000000
vt 0.000000 0.000000 0.000000
vt 6.300000 0.000000 0.000000
vt 6.300000 0.100000 0.000000
vt 0.000000 0.100000 0.000000
vt 0.000000 0.000000 0.000000
vt 0.424264 0.000000 0.000000
vt 0.424264 0.100000 0.000000
vt 0.000000 0.100000 0.000000
vt 0.000000 0.000000 0.000000
vt 6.300000 0.000000 0.000000
vt 6.300000 0.100000 0.000000
vt 0.000000 0.100000 0.000000
vt 0.000000 0.000000 0.000000
vt 0.424264 0.000000 0.000000
vt 0.424264 0.100000 0.000000
vt 0.000000 0.100000 0.000000
vt 0.000000 0.000000 0.000000
vt 6.300000 0.000000 0.000000
vt 6.300000 0.100000 0.000000
vt 0.000000 0.100000 0.000000
vt 0.000000 0.000000 0.000000
vt 0.424264 0.000000 0.000000
vt 0.424264 0.100000 0.000000
vt 0.000000 0.100000 0.000000
vt 0.000000 0.000000 0.000000
vt 6.300000 0.000000 0.000000
vt 6.300000 0.100000 0.000000
vt 0.000000 0.100000 0.000000
vt 0.150000 -0.250000 0.000000
vt 0.163397 -0.200000 0.000000
vt 0.200000 -0.163397 0.000000
vt 0.250000 -0.150000 0.000000
vt 3.050000 -0.150000 0.000000
vt 3.100000 -0.163397 0.000000
vt 3.136603 -0.200000 0.000000
vt 3.150000 -0.250000 0.000000
vt 3.150000 -3.050000 0.000000
vt 3.136603 -3.100000 0.000000
vt 3.100000 -3.136603 0.000000
vt 3.050000 -3.150000 0.000000
vt 0.250000 -3.150000 0.000000
vt 0.200000 -3.136603 0.000000
vt 0.163397 -3.100000 0.000000
vt 0.150000 -3.050000 0.000000
vt 0.250000 0.150000 0.000000
vt 0.200000 0.163397 0.000000
vt 0.163397 0.200000 0.000000
vt 0.150000 0.250000 0.000000
vt 0.150000 3.050000 0.000000
vt 0.163397 3.100000 0.000000
vt 0.200000 3.136603 0.000000
vt 0.250000 3.150000 0.000000
vt 3.050000 3.150000 0.000000
vt 3.100000 3.136603 0.000000
vt 3.136603 3.100000 0.000000
vt 3.150000 3.050000 0.000000
vt 3.150000 0.250000 0.000000
vt 3.136603 0.200000 0.000000
vt 3.100000 0.163397 0.000000
vt 3.050000 0.150000 0.000000
vt -0.250000 -0.150000 0.000000
vt -0.200000 -0.163397 0.000000
vt -0.163397 -0.200000 0.000000
vt -0.150000 -0.250000 0.000000
vt -0.150000 -3.050000 0.000000
vt -0.163397 -3.100000 0.000000
vt -0.200000 -3.136603 0.000000
vt -0.250000 -3.150000 0.000000
vt -3.050000 -3.150000 0.000000
vt -3.100000 -3.136603 0.000000
vt -3.136603 -3.100000 0.000000
vt -3.150000 -3.050000 0.000000
vt -3.150000 -0.250000 0.000000
vt -3.136603 -0.200000 0.000000
vt -3.100000 -0.163397 0.000000
vt -3.050000 -0.150000 0.000000
vt -3.050000 0.150000 0.000000
vt -3.100000 0.163397 0.000000
vt -3.136603 0.200000 0.000000
vt -3.150000 0.250000 0.000000
vt -3.150000 3.050000 0.000000
vt -3.136603 3.100000 0.000000
vt -3.100000 3.136603 0.000000
vt -3.050000 3.150000 0.000000
vt -0.250000 3.150000 0.000000
vt -0.200000 3.136603 0.000000
vt -0.163397 3.100000 0.000000
vt -0.150000 3.050000 0.000000
vt -0.150000 0.250000 0.000000
vt -0.163397 0.200000 0.000000
vt -0.200000 0.163397 0.000000
vt -0.250000 0.150000 0.000000
vt 3.150000 3.450000 0.000000
vt -3.150000 3.450000 0.000000
vt -3.450000 3.150000 0.000000
vt -3.450000 -3.150000 0.000000
vt -3.150000 -3.450000 0.000000
vt 3.150000 -3.450000 0.000000
vt 3.450000 -3.150000 0.000000
vt 3.450000 3.150000 0.000000
vt -3.150000 0.250000 0.000000
vt -3.136603 0.200000 0.000000
vt -3.100000 0.163397 0.000000
vt -3.050000 0.150000 0.000000
vt -0.250000 0.150000 0.000000
vt -0.200000 0.163397 0.000000
vt -0.163397 0.200000 0.000000
vt -0.150000 0.250000 0.000000
vt -0.150000 3.050000 0.000000
vt -0.163397 3.100000 0.000000
vt -0.200000 3.136603 0.000000
vt -0.250000 3.150000 0.000000
vt -3.050000 3.150000 0.000000
vt -3.100000 3.136603 0.000000
vt -3.136603 3.100000 0.000000
vt -3.150000 3.050000 0.000000
vt -0.150000 -0.250000 0.000000
vt -0.163397 -0.200000 0.000000
vt -0.200000 -0.163397 0.000000
vt -0.250000 -0.150000 0.000000
vt -3.050000 -0.150000 0.000000
vt -3.100000 -0.163397 0.000000
vt -3.136603 -0.200000 0.000000
vt -3.150000 -0.250000 0.000000
vt -3.150000 -3.050000 0.000000
vt -3.136603 -3.100000 0.000000
vt -3.100000 -3.136603 0.000000
vt -3.050000 -3.150000 0.000000
vt -0.250000 -3.150000 0.000000
vt -0.200000 -3.136603 0.000000
vt -0.163397 -3.100000 0.000000
vt -0.150000 -3.050000 0.000000
vt 0.150000 0.250000 0.000000
vt 0.163397 0.200000 0.000000
vt 0.200000 0.163397 0.000000
vt 0.250000 0.150000 0.000000
vt 3.050000 0.150000 0.000000
vt 3.100000 0.163397 0.000000
vt 3.136603 0.200000 0.000000
vt 3.150000 0.250000 0.000000
vt 3.150000 3.050000 0.000000
vt 3.136603 3.100000 0.000000
vt 3.100000 3.136603 0.000000
vt 3.050000 3.150000 0.000000
vt 0.250000 3.150000 0.000000
vt 0.200000 3.136603 0.000000
vt 0.163397 3.100000 0.000000
vt 0.150000 3.050000 0.000000
vt 0.250000 -0.150000 0.000000
vt 0.200000 -0.163397 0.000000
vt 0.163397 -0.200000 0.000000
vt 0.150000 -0.250000 0.000000
vt 0.150000 -3.050000 0.000000
vt 0.163397 -3.100000 0.000000
vt 0.200000 -3.136603 0.000000
vt 0.250000 -3.150000 0.000000
vt 3.050000 -3.150000 0.000000
vt 3.100000 -3.136603 0.000000
vt 3.136603 -3.100000 0.000000
vt 3.150000 -3.050000 0.000000
vt 3.150000 -0.250000 0.000000
vt 3.136603 -0.200000 0.000000
vt 3.100000 -0.163397 0.000000
vt 3.050000 -0.150000 0.000000
vn -0.100000 0.000000 0.000000
vn -0.086603 -0.050000 0.000000
vn -0.050000 -0.086603 0.000000
vn 0.000000 -0.100000 0.000000
vn 0.000000 -0.100000 0.000000
vn -0.050000 -0.086603 0.000000
vn -0.086603 -0.050000 0.000000
vn -0.100000 0.000000 0.000000
vn 0.000000 -0.100000 0.000000
vn 0.000000 -0.100000 0.000000
vn 0.000000 -0.100000 0.000000
vn 0.000000 -0.100000 0.000000
vn 0.000000 -0.100000 0.000000
vn 0.050000 -0.086603 -0.000000
vn 0.086603 -0.050000 -0.000000
vn 0.100000 0.000000 0.000000
vn 0.100000 0.000000 0.000000
vn 0.086603 -0.050000 -0.000000
vn 0.050000 -0.086603 -0.000000
vn 0.000000 -0.100000 0.000000
vn 0.100000 0.000000 0.000000
vn 0.100000 0.000000 0.000000
vn 0.100000 0.000000 0.000000
vn 0.100000 0.000000 0.000000
vn 0.100000 0.000000 0.000000
vn 0.086603 0.050000 0.000000
vn 0.050000 0.086603 0.000000
vn 0.000000 0.100000 0.000000
vn 0.000000 0.100000 0.000000
vn 0.050000 0.086603 0.000000
vn 0.086603 0.050000 0.000000
vn 0.100000 0.000000 0.000000
vn 0.000000 0.100000 0.000000
vn 0.000000 0.100000 0.000000
vn 0.000000 0.100000 0.000000
vn 0.000000 0.100000 0.000000
vn 0.000000 0.100000 0.000000
vn -0.050000 0.086603 0.000000
vn -0.086603 0.050000 0.000000
vn -0.100000 0.000000 0.000000
vn -0.100000 0.000000 0.000000
vn -0.086603 0.050000 0.000000
vn -0.050000 0.086603 0.000000
vn 0.000000 0.100000 0.000000
vn -0.100000 0.000000 0.000000
vn -0.100000 0.000000 0.000000
vn -0.100000 0.000000 0.000000
vn -0.100000 0.000000 0.000000
vn 0.000000 0.100000 0.000000
vn -0.050000 0.086603 0.000000
vn -0.086603 0.050000 0.000000
vn -0.100000 0.000000 0.000000
vn -0.100000 0.000000 0.000000
vn -0.086603 0.050000 0.000000
vn -0.050000 0.086603 0.000000
vn 0.000000 0.100000 0.000000
vn -0.100000 0.000000 0.000000
vn -0.100000 0.000000 0.000000
vn -0.100000 0.000000 0.000000
vn -0.100000 0.000000 0.000000
vn -0.100000 0.000000 0.000000
vn -0.086603 -0.050000 0.000000
vn -0.050000 -0.086603 0.000000
vn 0.000000 -0.100000 0.000000
vn 0.000000 -0.100000 0.000000
vn -0.050000 -0.086603 0.000000
vn -0.086603 -0.050000 0.000000
vn -0.100000 0.000000 0.000000
vn 0.000000 -0.100000 0.000000
vn 0.000000 -0.100000 0.000000
vn 0.000000 -0.100000 0.000000
vn 0.000000 -0.100000 0.000000
vn 0.000000 -0.100000 0.000000
vn 0.050000 -0.086603 -0.000000
vn 0.086603 -0.050000 -0.000000
vn 0.100000 0.000000 0.000000
vn 0.100000 0.000000 0.000000
vn 0.086603 -0.050000 -0.000000
vn 0.050000 -0.086603 -0.000000
vn 0.000000 -0.100000 0.000000
vn 0.100000 0.000000 0.000000
vn 0.100000 0.000000 0.000000
vn 0.100000 0.000000 0.000000
vn 0.100000 0.000000 0.000000
vn 0.100000 0.000000 0.000000
vn 0.086603 0.050000 0.000000
vn 0.050000 0.086603 0.000000
vn 0.000000 0.100000 0.000000
vn 0.000000 0.100000 0.000000
vn 0.050000 0.086603 0.000000
vn 0.086603 0.050000 0.000000
vn 0.100000 0.000000 0.000000
vn 0.000000 0.100000 0.000000
vn 0.000000 0.100000 0.000000
vn 0.000000 0.100000 0.000000
vn 0.000000 0.100000 0.000000
vn 0.000000 -0.100000 0.000000
vn 0.050000 -0.086603 -0.000000
vn 0.086603 -0.050000 -0.000000
vn 0.100000 0.000000 0.000000
vn 0.100000 0.000000 0.000000
vn 0.086603 -0.050000 -0.000000
vn 0.050000 -0.086603 -0.000000
vn 0.000000 -0.100000 0.000000
vn 0.100000 0.000000 0.000000
vn 0.100000 0.000000 0.000000
vn 0.100000 0.000000 0.000000
vn 0.100000 0.000000 0.000000
vn 0.100000 0.000000 0.000000
vn 0.086603 0.050000 0.000000
vn 0.050000 0.086603 0.000000
vn 0.000000 0.100000 0.000000
vn 0.000000 0.100000 0.000000
vn 0.050000 0.086603 0.000000
vn 0.086603 0.050000 0.000000
vn 0.100000 0.000000 0.000000
vn 0.000000 0.100000 0.000000
vn 0.000000 0.100000 0.000000
vn 0.000000 0.100000 0.000000
vn 0.000000 0.100000 0.000000
vn 0.000000 0.100000 0.000000
vn -0.050000 0.086603 0.000000
vn -0.086603 0.050000 0.000000
vn -0.100000 0.000000 0.000000
vn -0.100000 0.000000 0.000000
vn -0.086603 0.050000 0.000000
vn -0.050000 0.086603 0.000000
vn 0.000000 0.100000 0.000000
vn -0.100000 0.000000 0.000000
vn -0.100000 0.000000 0.000000
vn -0.100000 0.000000 0.000000
vn -0.100000 0.000000 0.000000
vn -0.100000 0.000000 0.000000
vn -0.086603 -0.050000 0.000000
vn -0.050000 -0.086603 0.000000
vn 0.000000 -0.100000 0.000000
vn 0.000000 -0.100000 0.000000
vn -0.050000 -0.086603 0.000000
vn -0.086603 -0.050000 0.000000
vn -0.100000 0.000000 0.000000
vn 0.000000 -0.100000 0.000000
vn 0.000000 -0.100000 0.000000
vn 0.000000 -0.100000 0.000000
vn 0.000000 -0.100000 0.000000
vn 0.000000 0.100000 0.000000
vn -0.050000 0.086603 0.000000
vn -0.086603 0.050000 0.000000
vn -0.100000 0.000000 0.000000
vn -0.100000 0.000000 0.000000
vn -0.086603 0.050000 0.000000
vn -0.050000 0.086603 0.000000
vn 0.000000 0.100000 0.000000
vn -0.100000 0.000000 0.000000
vn -0.100000 0.000000 0.000000
vn -0.100000 0.000000 0.000000
vn -0.100000 0.000000 0.000000
vn -0.100000 0.000000 0.000000
vn -0.086603 -0.050000 0.000000
vn -0.050000 -0.086603 0.000000
vn 0.000000 -0.100000 0.000000
vn 0.000000 -0.100000 0.000000
vn -0.050000 -0.086603 0.000000
vn -0.086603 -0.050000 0.000000
vn -0.100000 0.000000 0.000000
vn 0.000000 -0.100000 0.000000
vn 0.000000 -0.100000 0.000000
vn 0.000000 -0.100000 0.000000
vn 0.000000 -0.100000 0.000000
vn 0.000000 -0.100000 0.000000
vn 0.050000 -0.086603 -0.000000
vn 0.086603 -0.050000 -0.000000
vn 0.100000 0.000000 0.000000
vn 0.100000 0.000000 0.000000
vn 0.086603 -0.050000 -0.000000
vn 0.050000 -0.086603 -0.000000
vn 0.000000 -0.100000 0.000000
vn 0.100000 0.000000 0.000000
vn 0.100000 0.000000 0.000000
vn 0.100000 0.000000 0.000000
vn 0.100000 0.000000 0.000000
vn 0.100000 0.000000 0.000000
vn 0.086603 0.050000 0.000000
vn 0.050000 0.086603 0.000000
vn 0.000000 0.100000 0.000000
vn 0.000000 0.100000 0.000000
vn 0.050000 0.086603 0.000000
vn 0.086603 0.050000 0.000000
vn 0.100000 0.000000 0.000000
vn 0.000000 0.100000 0.000000
vn 0.000000 0.100000 0.000000
vn 0.000000 0.100000 0.000000
vn 0.000000 0.100000 0.000000
vn 0.000000 0.000000 0.100000
vn 0.000000 0.000000 0.100000
vn 0.000000 0.000000 0.100000
vn 0.000000 0.000000 0.100000
vn 0.000000 0.000000 0.100000
vn 0.000000 0.000000 0.100000
vn 0.000000 0.000000 0.100000
vn 0.000000 0.000000 0.100000
vn -0.070711 0.070711 0.000000
vn -0.070711 0.070711 0.000000
vn -0.070711 0.070711 0.000000
vn -0.070711 0.070711 0.000000
vn -0.100000 0.000000 0.000000
vn -0.100000 0.000000 0.000000
vn -0.100000 0.000000 0.000000
vn -0.100000 0.000000 0.000000
vn -0.070711 -0.070711 0.000000
vn -0.070711 -0.070711 0.000000
vn -0.070711 -0.070711 0.000000
vn -0.070711 -0.070711 0.000000
vn 0.000000 -0.100000 0.000000
vn 0.000000 -0.100000 0.000000
vn 0.000000 -0.100000 0.000000
vn 0.000000 -0.100000 0.000000
vn 0.070711 -0.070711 -0.000000
vn 0.070711 -0.070711 -0.000000
vn 0.070711 -0.070711 -0.000000
vn 0.070711 -0.070711 -0.000000
vn 0.100000 0.000000 0.000000
vn 0.100000 0.000000 0.000000
vn 0.100000 0.000000 0.000000
vn 0.100000 0.000000 0.000000
vn 0.070711 0.070711 0.000000
vn 0.070711 0.070711 0.000000
vn 0.070711 0.070711 0.000000
vn 0.070711 0.070711 0.000000
vn 0.000000 0.100000 0.000000
vn 0.000000 0.100000 0.000000
vn 0.000000 0.100000 0.000000
vn 0.000000 0.100000 0.000000
vn 0.000000 0.000000 -0.100000
vn 0.000000 0.000000 -0.100000
vn 0.000000 0.000000 -0.100000
vn 0.000000 0.000000 -0.100000
vn 0.000000 0.000000 -0.100000
vn 0.000000 0.000000 -0.100000
vn 0.000000 0.000000 -0.100000
vn 0.000000 0.000000 -0.100000
vn 0.000000 0.000000 -0.100000
vn 0.000000 0.000000 -0.100000
vn 0.000000 0.000000 -0.100000
vn 0.000000 0.000000 -0.100000
vn 0.000000 0.000000 -0.100000
vn 0.000000 0.000000 -0.100000
vn 0.000000 0.000000 -0.100000
vn 0.000000 0.000000 -0.100000
vn 0.000000 0.000000 -0.100000
vn 0.000000 0.000000 -0.100000
vn 0.000000 0.000000 -0.100000
vn 0.000000 0.000000 -0.100000
vn 0.000000 0.000000 -0.100000
vn 0.000000 0.000000 -0.100000
vn 0.000000 0.000000 -0.100000
vn 0.000000 0.000000 -0.100000
vn 0.000000 0.000000 -0.100000
vn 0.000000 0.000000 -0.100000
vn 0.000000 0.000000 -0.100000
vn 0.000000 0.000000 -0.100000
vn 0.000000 0.000000 -0.100000
vn 0.000000 0.000000 -0.100000
vn 0.000000 0.000000 -0.100000
vn 0.000000 0.000000 -0.100000
vn 0.000000 0.000000 -0.100000
vn 0.000000 0.000000 -0.100000
vn 0.000000 0.000000 -0.100000
vn 0.000000 0.000000 -0.100000
vn 0.000000 0.000000 -0.100000
vn 0.000000 0.000000 -0.100000
vn 0.000000 0.000000 -0.100000
vn 0.000000 0.000000 -0.100000
vn 0.000000 0.000000 -0.100000
vn 0.000000 0.000000 -0.100000
vn 0.000000 0.000000 -0.100000
vn 0.000000 0.000000 -0.100000
vn 0.000000 0.000000 -0.100000
vn 0.000000 0.000000 -0.100000
vn 0.000000 0.000000 -0.100000
vn 0.000000 0.000000 -0.100000
vn 0.000000 0.000000 -0.100000
vn 0.000000 0.000000 -0.100000
vn 0.000000 0.000000 -0.100000
vn 0.000000 0.000000 -0.100000
vn 0.000000 0.000000 -0.100000
vn 0.000000 0.000000 -0.100000
vn 0.000000 0.000000 -0.100000
vn 0.000000 0.000000 -0.100000
vn 0.000000 0.000000 -0.100000
vn 0.000000 0.000000 -0.100000
vn 0.000000 0.000000 -0.100000
vn 0.000000 0.000000 -0.100000
vn 0.000000 0.000000 -0.100000
vn 0.000000 0.000000 -0.100000
vn 0.000000 0.000000 -0.100000
vn 0.000000 0.000000 -0.100000
vn 0.000000 0.000000 -0.100000
vn 0.000000 0.000000 -0.100000
vn 0.000000 0.000000 -0.100000
vn 0.000000 0.000000 -0.100000
vn 0.000000 0.000000 -0.100000
vn 0.000000 0.000000 -0.100000
vn 0.000000 0.000000 -0.100000
vn 0.000000 0.000000 -0.100000
vn 0.000000 0.000000 -0.100000
vn 0.000000 0.000000 -0.100000
vn 0.000000 0.000000 -0.100000
vn 0.000000 0.000000 -0.100000
vn 0.000000 0.000000 -0.100000
vn 0.000000 0.000000 -0.100000
vn 0.000000 0.000000 -0.100000
vn 0.000000 0.000000 -0.100000
vn 0.000000 0.000000 -0.100000
vn 0.000000 0.000000 -0.100000
vn 0.000000 0.000000 -0.100000
vn 0.000000 0.000000 -0.100000
vn 0.000000 0.000000 -0.100000
vn 0.000000 0.000000 -0.100000
vn 0.000000 0.000000 -0.100000
vn 0.000000 0.000000 -0.100000
vn 0.000000 0.000000 -0.100000
vn 0.000000 0.000000 -0.100000
vn 0.000000 0.000000 -0.100000
vn 0.000000 0.000000 -0.100000
vn 0.000000 0.000000 -0.100000
vn 0.000000 0.000000 -0.100000
vn 0.000000 0.000000 -0.100000
vn 0.000000 0.000000 -0.100000
vn 0.000000 0.000000 -0.100000
vn 0.000000 0.000000 -0.100000
vn 0.000000 0.000000 -0.100000
vn 0.000000 0.000000 -0.100000
vn 0.000000 0.000000 -0.100000
vn 0.000000 0.000000 -0.100000
vn 0.000000 0.000000 -0.100000
vn 0.000000 0.000000 -0.100000
vn 0.000000 0.000000 -0.100000
vn 0.000000 0.000000 -0.100000
vn 0.000000 0.000000 -0.100000
vn 0.000000 0.000000 -0.100000
vn 0.000000 0.000000 -0.100000
vn 0.000000 0.000000 -0.100000
vn 0.000000 0.000000 -0.100000
vn 0.000000 0.000000 -0.100000
vn 0.000000 0.000000 -0.100000
vn 0.000000 0.000000 -0.100000
vn 0.000000 0.000000 -0.100000
vn 0.000000 0.000000 -0.100000
vn 0.000000 0.000000 -0.100000
vn 0.000000 0.000000 -0.100000
vn 0.000000 0.000000 -0.100000
vn 0.000000 0.000000 -0.100000
vn 0.000000 0.000000 -0.100000
vn 0.000000 0.000000 -0.100000
vn 0.000000 0.000000 -0.100000
vn 0.000000 0.000000 -0.100000
vn 0.000000 0.000000 -0.100000
vn 0.000000 0.000000 -0.100000
vn 0.000000 0.000000 -0.100000
vn 0.000000 0.000000 -0.100000
vn 0.000000 0.000000 -0.100000
vn 0.000000 0.000000 -0.100000
vn 0.000000 0.000000 -0.100000
vn 0.000000 0.000000 -0.100000
vn 0.000000 0.000000 -0.100000
vn 0.000000 0.000000 -0.100000
vn 0.000000 0.000000 -0.100000
vn 0.000000 0.000000 -0.100000
f 387/736/736 388/729/729 377/735/735
f 377/735/735 388/729/729 378/730/730
f 377/735/735 378/730/730 369/734/734
f 369/734/734 378/730/730 370/731/731
f 369/734/734 370/731/731 361/733/733
f 361/733/733 370/731/731 362/732/732
f 362/737/737 354/738/738 361/740/740
f 361/740/740 354/738/738 353/739/739
f 353/748/748 354/741/741 345/747/747
f 345/747/747 354/741/741 346/742/742
f 345/747/747 346/742/742 337/746/746
f 337/746/746 346/742/742 338/743/743
f 337/746/746 338/743/743 329/745/745
f 329/745/745 338/743/743 330/744/744
f 330/749/749 332/750/750 329/752/752
f 329/752/752 332/750/750 331/751/751
f 331/760/760 332/753/753 339/759/759
f 339/759/759 332/753/753 340/754/754
f 339/759/759 340/754/754 347/758/758
f 347/758/758 340/754/754 348/755/755
f 347/758/758 348/755/755 355/757/757
f 355/757/757 348/755/755 356/756/756
f 356/761/761 364/762/762 355/764/764
f 355/764/764 364/762/762 363/763/763
f 363/772/772 364/765/765 371/771/771
f 371/771/771 364/765/765 372/766/766
f 371/771/771 372/766/766 379/770/770
f 379/770/770 372/766/766 380/767/767
f 379/770/770 380/767/767 389/769/769
f 389/769/769 380/767/767 390/768/768
f 390/773/773 388/774/774 389/776/776
f 389/776/776 388/774/774 387/775/775
f 367/784/784 368/777/777 375/783/783
f 375/783/783 368/777/777 376/778/778
f 375/783/783 376/778/778 383/782/782
f 383/782/782 376/778/778 384/779/779
f 383/782/782 384/779/779 393/781/781
f 393/781/781 384/779/779 394/780/780
f 394/785/785 392/786/786 393/788/788
f 393/788/788 392/786/786 391/787/787
f 391/796/796 392/789/789 381/795/795
f 381/795/795 392/789/789 382/790/790
f 381/795/795 382/790/790 373/794/794
f 373/794/794 382/790/790 374/791/791
f 373/794/794 374/791/791 365/793/793
f 365/793/793 374/791/791 366/792/792
f 366/797/797 358/798/798 365/800/800
f 365/800/800 358/798/798 357/799/799
f 357/808/808 358/801/801 349/807/807
f 349/807/807 358/801/801 350/802/802
f 349/807/807 350/802/802 341/806/806
f 341/806/806 350/802/802 342/803/803
f 341/806/806 342/803/803 333/805/805
f 333/805/805 342/803/803 334/804/804
f 334/809/809 336/810/810 333/812/812
f 333/812/812 336/810/810 335/811/811
f 335/820/820 336/813/813 343/819/819
f 343/819/819 336/813/813 344/814/814
f 343/819/819 344/814/814 351/818/818
f 351/818/818 344/814/814 352/815/815
f 351/818/818 352/815/815 359/817/817
f 359/817/817 352/815/815 360/816/816
f 360/821/821 368/822/822 359/824/824
f 359/824/824 368/822/822 367/823/823
f 289/832/832 290/825/825 281/831/831
f 281/831/831 290/825/825 282/826/826
f 281/831/831 282/826/826 273/830/830
f 273/830/830 282/826/826 274/827/827
f 273/830/830 274/827/827 263/829/829
f 263/829/829 274/827/827 264/828/828
f 264/833/833 266/834/834 263/836/836
f 263/836/836 266/834/834 265/835/835
f 265/844/844 266/837/837 275/843/843
f 275/843/843 266/837/837 276/838/838
f 275/843/843 276/838/838 283/842/842
f 283/842/842 276/838/838 284/839/839
f 283/842/842 284/839/839 291/841/841
f 291/841/841 284/839/839 292/840/840
f 292/845/845 300/846/846 291/848/848
f 291/848/848 300/846/846 299/847/847
f 299/856/856 300/849/849 307/855/855
f 307/855/855 300/849/849 308/850/850
f 307/855/855 308/850/850 315/854/854
f 315/854/854 308/850/850 316/851/851
f 315/854/854 316/851/851 323/853/853
f 323/853/853 316/851/851 324/852/852
f 324/857/857 322/858/858 323/860/860
f 323/860/860 322/858/858 321/859/859
f 321/868/868 322/861/861 313/867/867
f 313/867/867 322/861/861 314/862/862
f 313/867/867 314/862/862 305/866/866
f 305/866/866 314/862/862 306/863/863
f 305/866/866 306/863/863 297/865/865
f 297/865/865 306/863/863 298/864/864
f 298/869/869 290/870/870 297/872/872
f 297/872/872 290/870/870 289/871/871
f 303/880/880 304/873/873 311/879/879
f 311/879/879 304/873/873 312/874/874
f 311/879/879 312/874/874 319/878/878
f 319/878/878 312/874/874 320/875/875
f 319/878/878 320/875/875 327/877/877
f 327/877/877 320/875/875 328/876/876
f 328/881/881 326/882/882 327/884/884
f 327/884/884 326/882/882 325/883/883
f 325/892/892 326/885/885 317/891/891
f 317/891/891 326/885/885 318/886/886
f 317/891/891 318/886/886 309/890/890
f 309/890/890 318/886/886 310/887/887
f 309/890/890 310/887/887 301/889/889
f 301/889/889 310/887/887 302/888/888
f 302/893/893 294/894/894 301/896/896
f 301/896/896 294/894/894 293/895/895
f 293/904/904 294/897/897 285/903/903
f 285/903/903 294/897/897 286/898/898
f 285/903/903 286/898/898 277/902/902
f 277/902/902 286/898/898 278/899/899
f 277/902/902 278/899/899 267/901/901
f 267/901/901 278/899/899 268/900/900
f 268/905/905 270/906/906 267/908/908
f 267/908/908 270/906/906 269/907/907
f 269/916/916 270/909/909 279/915/915
f 279/915/915 270/909/909 280/910/910
f 279/915/915 280/910/910 287/914/914
f 287/914/914 280/910/910 288/911/911
f 287/914/914 288/911/911 295/913/913
f 295/913/913 288/911/911 296/912/912
f 296/917/917 304/918/918 295/920/920
f 295/920/920 304/918/918 303/919/919
f 271/921/921 395/922/922 259/928/928
f 259/928/928 395/922/922 257/927/927
f 257/927/927 395/922/922 399/923/923
f 257/927/927 399/923/923 261/926/926
f 261/926/926 399/923/923 397/924/924
f 261/926/926 397/924/924 385/925/925
f 399/929/929 395/930/930 400/932/932
f 400/932/932 395/930/930 396/931/931
f 397/933/933 399/934/934 398/936/936
f 398/936/936 399/934/934 400/935/935
f 385/937/937 397/938/938 386/940/940
f 386/940/940 397/938/938 398/939/939
f 261/941/941 385/942/942 262/944/944
f 262/944/944 385/942/942 386/943/943
f 257/945/945 261/946/946 258/948/948
f 258/948/948 261/946/946 262/947/947
f 259/949/949 257/950/950 260/952/952
f 260/952/952 257/950/950 258/951/951
f 271/953/953 259/954/954 272/956/956
f 272/956/956 259/954/954 260/955/955
f 395/957/957 271/958/958 396/960/960
f 396/960/960 271/958/958 272/959/959
f 339/962/962 315/995/995 331/961/961
f 331/961/961 315/995/995 323/996/996
f 331/961/961 323/996/996 329/976/976
f 329/976/976 323/996/996 321/997/997
f 329/976/976 321/997/997 337/975/975
f 337/975/975 321/997/997 313/998/998
f 337/975/975 313/998/998 345/974/974
f 345/974/974 313/998/998 305/999/999
f 345/974/974 305/999/999 353/973/973
f 353/973/973 305/999/999 297/1000/1000
f 353/973/973 297/1000/1000 386/1030/1030
f 386/1030/1030 297/1000/1000 262/1029/1029
f 262/1029/1029 297/1000/1000 289/1001/1001
f 262/1029/1029 289/1001/1001 281/1002/1002
f 347/963/963 309/1023/1023 339/962/962
f 339/962/962 309/1023/1023 307/994/994
f 339/962/962 307/994/994 315/995/995
f 355/964/964 357/977/977 347/963/963
f 347/963/963 357/977/977 349/978/978
f 347/963/963 349/978/978 317/1022/1022
f 317/1022/1022 349/978/978 341/979/979
f 317/1022/1022 341/979/979 325/1021/1021
f 325/1021/1021 341/979/979 333/980/980
f 325/1021/1021 333/980/980 327/1020/1020
f 327/1020/1020 333/980/980 335/981/981
f 327/1020/1020 335/981/981 319/1019/1019
f 319/1019/1019 335/981/981 343/982/982
f 319/1019/1019 343/982/982 311/1018/1018
f 311/1018/1018 343/982/982 351/983/983
f 311/1018/1018 351/983/983 303/1017/1017
f 303/1017/1017 351/983/983 359/984/984
f 303/1017/1017 359/984/984 272/1026/1026
f 272/1026/1026 359/984/984 396/1025/1025
f 396/1025/1025 359/984/984 367/985/985
f 396/1025/1025 367/985/985 375/986/986
f 355/964/964 363/965/965 357/977/977
f 357/977/977 363/965/965 365/992/992
f 365/992/992 363/965/965 371/966/966
f 365/992/992 371/966/966 373/991/991
f 373/991/991 371/966/966 379/967/967
f 373/991/991 379/967/967 381/990/990
f 381/990/990 379/967/967 389/968/968
f 381/990/990 389/968/968 391/989/989
f 391/989/989 389/968/968 398/1031/1031
f 391/989/989 398/1031/1031 400/1032/1032
f 389/968/968 387/969/969 398/1031/1031
f 398/1031/1031 387/969/969 377/970/970
f 398/1031/1031 377/970/970 369/971/971
f 398/1031/1031 369/971/971 386/1030/1030
f 386/1030/1030 369/971/971 361/972/972
f 386/1030/1030 361/972/972 353/973/973
f 396/1025/1025 375/986/986 400/1032/1032
f 400/1032/1032 375/986/986 383/987/987
f 400/1032/1032 383/987/987 393/988/988
f 393/988/988 391/989/989 400/1032/1032
f 307/994/994 301/1024/1024 299/993/993
f 299/993/993 301/1024/1024 293/1009/1009
f 299/993/993 293/1009/1009 291/1008/1008
f 291/1008/1008 293/1009/1009 283/1007/1007
f 283/1007/1007 293/1009/1009 285/1010/1010
f 283/1007/1007 285/1010/1010 275/1006/1006
f 275/1006/1006 285/1010/1010 277/1011/1011
f 275/1006/1006 277/1011/1011 265/1005/1005
f 265/1005/1005 277/1011/1011 267/1012/1012
f 265/1005/1005 267/1012/1012 258/1028/1028
f 258/1028/1028 267/1012/1012 260/1027/1027
f 260/1027/1027 267/1012/1012 269/1013/1013
f 260/1027/1027 269/1013/1013 279/1014/1014
f 262/1029/1029 281/1002/1002 258/1028/1028
f 258/1028/1028 281/1002/1002 273/1003/1003
f 258/1028/1028 273/1003/1003 263/1004/1004
f 263/1004/1004 265/1005/1005 258/1028/1028
f 279/1014/1014 287/1015/1015 260/1027/1027
f 260/1027/1027 287/1015/1015 272/1026/1026
f 272/1026/1026 287/1015/1015 295/1016/1016
f 272/1026/1026 295/1016/1016 303/1017/1017
f 317/1022/1022 309/1023/1023 347/963/963
f 309/1023/1023 301/1024/1024 307/994/994
f 278/1034/1034 286/1035/1035 268/1033/1033
f 268/1033/1033 286/1035/1035 294/1036/1036
f 268/1033/1033 294/1036/1036 302/1037/1037
f 310/1038/1038 326/1040/1040 302/1037/1037
f 302/1037/1037 326/1040/1040 270/1048/1048
f 302/1037/1037 270/1048/1048 268/1033/1033
f 310/1038/1038 318/1039/1039 326/1040/1040
f 270/1048/1048 326/1040/1040 296/1045/1045
f 296/1045/1045 326/1040/1040 328/1041/1041
f 296/1045/1045 328/1041/1041 304/1044/1044
f 304/1044/1044 328/1041/1041 320/1042/1042
f 304/1044/1044 320/1042/1042 312/1043/1043
f 288/1046/1046 280/1047/1047 296/1045/1045
f 296/1045/1045 280/1047/1047 270/1048/1048
f 316/1050/1050 300/1052/1052 324/1049/1049
f 324/1049/1049 300/1052/1052 292/1053/1053
f 324/1049/1049 292/1053/1053 322/1064/1064
f 322/1064/1064 292/1053/1053 266/1056/1056
f 322/1064/1064 266/1056/1056 298/1061/1061
f 298/1061/1061 266/1056/1056 264/1057/1057
f 298/1061/1061 264/1057/1057 290/1060/1060
f 290/1060/1060 264/1057/1057 282/1059/1059
f 282/1059/1059 264/1057/1057 274/1058/1058
f 316/1050/1050 308/1051/1051 300/1052/1052
f 284/1054/1054 276/1055/1055 292/1053/1053
f 292/1053/1053 276/1055/1055 266/1056/1056
f 298/1061/1061 306/1062/1062 322/1064/1064
f 322/1064/1064 306/1062/1062 314/1063/1063
f 342/1066/1066 350/1067/1067 334/1065/1065
f 334/1065/1065 350/1067/1067 358/1068/1068
f 334/1065/1065 358/1068/1068 366/1069/1069
f 374/1070/1070 392/1072/1072 366/1069/1069
f 366/1069/1069 392/1072/1072 336/1080/1080
f 366/1069/1069 336/1080/1080 334/1065/1065
f 374/1070/1070 382/1071/1071 392/1072/1072
f 336/1080/1080 392/1072/1072 360/1077/1077
f 360/1077/1077 392/1072/1072 394/1073/1073
f 360/1077/1077 394/1073/1073 368/1076/1076
f 368/1076/1076 394/1073/1073 384/1074/1074
f 368/1076/1076 384/1074/1074 376/1075/1075
f 352/1078/1078 344/1079/1079 360/1077/1077
f 360/1077/1077 344/1079/1079 336/1080/1080
f 348/1082/1082 340/1083/1083 356/1081/1081
f 356/1081/1081 340/1083/1083 332/1084/1084
f 356/1081/1081 332/1084/1084 388/1092/1092
f 388/1092/1092 332/1084/1084 362/1089/1089
f 388/1092/1092 362/1089/1089 370/1090/1090
f 332/1084/1084 330/1085/1085 362/1089/1089
f 362/1089/1089 330/1085/1085 354/1088/1088
f 354/1088/1088 330/1085/1085 346/1087/1087
f 346/1087/1087 330/1085/1085 338/1086/1086
f 370/1090/1090 378/1091/1091 388/1092/1092
f 388/1092/1092 390/1093/1093 356/1081/1081
f 356/1081/1081 390/1093/1093 364/1096/1096
f 364/1096/1096 390/1093/1093 380/1094/1094
f 364/1096/1096 380/1094/1094 372/1095/1095
# 400 vertices
# 1096 texture params
# 1096 normals
# 780 facets

# 5 groups
