mtllib material.mtl
usemtl 204,0,0
v -34.50000000 31.50000100 31.50000000
v -34.50000000 31.50000100 31.50000000
v -34.50000000 31.50000100 31.50000000
v -34.50000000 31.50000100 31.50000000
v -34.50000000 31.50000100 1.00000000
v -34.50000000 31.50000100 1.00000000
v -34.50000000 31.50000100 1.00000000
v -34.50000000 -31.50000100 31.50000000
v -34.50000000 -31.50000100 31.50000000
v -34.50000000 -31.50000100 31.50000000
v -34.50000000 -31.50000100 31.50000000
v -34.50000000 -31.50000100 1.00000000
v -34.50000000 -31.50000100 1.00000000
v -34.50000000 -31.50000100 1.00000000
v -31.60000100 31.60000100 31.59999900
v -31.60000100 31.60000100 31.59999900
v -31.60000100 31.60000100 31.59999900
v -31.60000100 31.60000100 1.00000000
v -31.60000100 31.60000100 1.00000000
v -31.60000100 31.60000100 1.00000000
v -31.60000100 1.40000000 31.59999900
v -31.60000100 1.40000000 31.59999900
v -31.60000100 1.40000000 31.59999900
v -31.60000100 1.40000000 1.00000000
v -31.60000100 1.40000000 1.00000000
v -31.60000100 1.40000000 1.00000000
v -31.60000100 -1.40000000 31.59999900
v -31.60000100 -1.40000000 31.59999900
v -31.60000100 -1.40000000 31.59999900
v -31.60000100 -1.40000000 1.00000000
v -31.60000100 -1.40000000 1.00000000
v -31.60000100 -1.40000000 1.00000000
v -31.60000100 -31.60000100 31.59999900
v -31.60000100 -31.60000100 31.59999900
v -31.60000100 -31.60000100 31.59999900
v -31.60000100 -31.60000100 1.00000000
v -31.60000100 -31.60000100 1.00000000
v -31.60000100 -31.60000100 1.00000000
v -31.50000100 34.50000000 31.50000000
v -31.50000100 34.50000000 31.50000000
v -31.50000100 34.50000000 31.50000000
v -31.50000100 34.50000000 31.50000000
v -31.50000100 34.50000000 1.00000000
v -31.50000100 34.50000000 1.00000000
v -31.50000100 34.50000000 1.00000000
v -31.50000100 31.50000100 34.49999900
v -31.50000100 31.50000100 34.49999900
v -31.50000100 31.50000100 34.49999900
v -31.50000100 31.50000100 34.49999900
v -31.50000100 -31.50000100 34.49999900
v -31.50000100 -31.50000100 34.49999900
v -31.50000100 -31.50000100 34.49999900
v -31.50000100 -31.50000100 34.49999900
v -31.50000100 -34.50000000 31.50000000
v -31.50000100 -34.50000000 31.50000000
v -31.50000100 -34.50000000 31.50000000
v -31.50000100 -34.50000000 31.50000000
v -31.50000100 -34.50000000 1.00000000
v -31.50000100 -34.50000000 1.00000000
v -31.50000100 -34.50000000 1.00000000
v -1.40000000 31.60000100 31.59999900
v -1.40000000 31.60000100 31.59999900
v -1.40000000 31.60000100 31.59999900
v -1.40000000 31.60000100 1.00000000
v -1.40000000 31.60000100 1.00000000
v -1.40000000 31.60000100 1.00000000
v -1.40000000 1.40000000 31.59999900
v -1.40000000 1.40000000 31.59999900
v -1.40000000 1.40000000 31.59999900
v -1.40000000 1.40000000 1.00000000
v -1.40000000 1.40000000 1.00000000
v -1.40000000 1.40000000 1.00000000
v -1.40000000 -1.40000000 31.59999900
v -1.40000000 -1.40000000 31.59999900
v -1.40000000 -1.40000000 31.59999900
v -1.40000000 -1.40000000 1.00000000
v -1.40000000 -1.40000000 1.00000000
v -1.40000000 -1.40000000 1.00000000
v -1.40000000 -31.60000100 31.59999900
v -1.40000000 -31.60000100 31.59999900
v -1.40000000 -31.60000100 31.59999900
v -1.40000000 -31.60000100 1.00000000
v -1.40000000 -31.60000100 1.00000000
v -1.40000000 -31.60000100 1.00000000
v 1.40000000 31.60000100 31.59999900
v 1.40000000 31.60000100 31.59999900
v 1.40000000 31.60000100 31.59999900
v 1.40000000 31.60000100 1.00000000
v 1.40000000 31.60000100 1.00000000
v 1.40000000 31.60000100 1.00000000
v 1.40000000 1.40000000 31.59999900
v 1.40000000 1.40000000 31.59999900
v 1.40000000 1.40000000 31.59999900
v 1.40000000 1.40000000 1.00000000
v 1.40000000 1.40000000 1.00000000
v 1.40000000 1.40000000 1.00000000
v 1.40000000 -1.40000000 31.59999900
v 1.40000000 -1.40000000 31.59999900
v 1.40000000 -1.40000000 31.59999900
v 1.40000000 -1.40000000 1.00000000
v 1.40000000 -1.40000000 1.00000000
v 1.40000000 -1.40000000 1.00000000
v 1.40000000 -31.60000100 31.59999900
v 1.40000000 -31.60000100 31.59999900
v 1.40000000 -31.60000100 31.59999900
v 1.40000000 -31.60000100 1.00000000
v 1.40000000 -31.60000100 1.00000000
v 1.40000000 -31.60000100 1.00000000
v 31.50000100 34.50000000 31.50000000
v 31.50000100 34.50000000 31.50000000
v 31.50000100 34.50000000 31.50000000
v 31.50000100 34.50000000 31.50000000
v 31.50000100 34.50000000 1.00000000
v 31.50000100 34.50000000 1.00000000
v 31.50000100 34.50000000 1.00000000
v 31.50000100 31.50000100 34.49999900
v 31.50000100 31.50000100 34.49999900
v 31.50000100 31.50000100 34.49999900
v 31.50000100 31.50000100 34.49999900
v 31.50000100 -31.50000100 34.49999900
v 31.50000100 -31.50000100 34.49999900
v 31.50000100 -31.50000100 34.49999900
v 31.50000100 -31.50000100 34.49999900
v 31.50000100 -34.50000000 31.50000000
v 31.50000100 -34.50000000 31.50000000
v 31.50000100 -34.50000000 31.50000000
v 31.50000100 -34.50000000 31.50000000
v 31.50000100 -34.50000000 1.00000000
v 31.50000100 -34.50000000 1.00000000
v 31.50000100 -34.50000000 1.00000000
v 31.60000100 31.60000100 31.59999900
v 31.60000100 31.60000100 31.59999900
v 31.60000100 31.60000100 31.59999900
v 31.60000100 31.60000100 1.00000000
v 31.60000100 31.60000100 1.00000000
v 31.60000100 31.60000100 1.00000000
v 31.60000100 1.40000000 31.59999900
v 31.60000100 1.40000000 31.59999900
v 31.60000100 1.40000000 31.59999900
v 31.60000100 1.40000000 1.00000000
v 31.60000100 1.40000000 1.00000000
v 31.60000100 1.40000000 1.00000000
v 31.60000100 -1.40000000 31.59999900
v 31.60000100 -1.40000000 31.59999900
v 31.60000100 -1.40000000 31.59999900
v 31.60000100 -1.40000000 1.00000000
v 31.60000100 -1.40000000 1.00000000
v 31.60000100 -1.40000000 1.00000000
v 31.60000100 -31.60000100 31.59999900
v 31.60000100 -31.60000100 31.59999900
v 31.60000100 -31.60000100 31.59999900
v 31.60000100 -31.60000100 1.00000000
v 31.60000100 -31.60000100 1.00000000
v 31.60000100 -31.60000100 1.00000000
v 34.50000000 31.50000100 31.50000000
v 34.50000000 31.50000100 31.50000000
v 34.50000000 31.50000100 31.50000000
v 34.50000000 31.50000100 31.50000000
v 34.50000000 31.50000100 1.00000000
v 34.50000000 31.50000100 1.00000000
v 34.50000000 31.50000100 1.00000000
v 34.50000000 -31.50000100 31.50000000
v 34.50000000 -31.50000100 31.50000000
v 34.50000000 -31.50000100 31.50000000
v 34.50000000 -31.50000100 31.50000000
v 34.50000000 -31.50000100 1.00000000
v 34.50000000 -31.50000100 1.00000000
v 34.50000000 -31.50000100 1.00000000
v -34.50000000 -31.50000100 -31.50000000
v -34.50000000 -31.50000100 -31.50000000
v -34.50000000 -31.50000100 -31.50000000
v -34.50000000 -31.50000100 -31.50000000
v -34.50000000 -31.50000100 -1.00000000
v -34.50000000 -31.50000100 -1.00000000
v -34.50000000 -31.50000100 -1.00000000
v -34.50000000 31.50000100 -31.50000000
v -34.50000000 31.50000100 -31.50000000
v -34.50000000 31.50000100 -31.50000000
v -34.50000000 31.50000100 -31.50000000
v -34.50000000 31.50000100 -1.00000000
v -34.50000000 31.50000100 -1.00000000
v -34.50000000 31.50000100 -1.00000000
v -31.60000100 -31.60000100 -31.59999900
v -31.60000100 -31.60000100 -31.59999900
v -31.60000100 -31.60000100 -31.59999900
v -31.60000100 -31.60000100 -1.00000000
v -31.60000100 -31.60000100 -1.00000000
v -31.60000100 -31.60000100 -1.00000000
v -31.60000100 -1.40000000 -31.59999900
v -31.60000100 -1.40000000 -31.59999900
v -31.60000100 -1.40000000 -31.59999900
v -31.60000100 -1.40000000 -1.00000000
v -31.60000100 -1.40000000 -1.00000000
v -31.60000100 -1.40000000 -1.00000000
v -31.60000100 1.40000000 -31.59999900
v -31.60000100 1.40000000 -31.59999900
v -31.60000100 1.40000000 -31.59999900
v -31.60000100 1.40000000 -1.00000000
v -31.60000100 1.40000000 -1.00000000
v -31.60000100 1.40000000 -1.00000000
v -31.60000100 31.60000100 -31.59999900
v -31.60000100 31.60000100 -31.59999900
v -31.60000100 31.60000100 -31.59999900
v -31.60000100 31.60000100 -1.00000000
v -31.60000100 31.60000100 -1.00000000
v -31.60000100 31.60000100 -1.00000000
v -31.50000100 -34.50000000 -31.50000000
v -31.50000100 -34.50000000 -31.50000000
v -31.50000100 -34.50000000 -31.50000000
v -31.50000100 -34.50000000 -31.50000000
v -31.50000100 -34.50000000 -1.00000000
v -31.50000100 -34.50000000 -1.00000000
v -31.50000100 -34.50000000 -1.00000000
v -31.50000100 -31.50000100 -34.49999900
v -31.50000100 -31.50000100 -34.49999900
v -31.50000100 -31.50000100 -34.49999900
v -31.50000100 -31.50000100 -34.49999900
v -31.50000100 31.50000100 -34.49999900
v -31.50000100 31.50000100 -34.49999900
v -31.50000100 31.50000100 -34.49999900
v -31.50000100 31.50000100 -34.49999900
v -31.50000100 34.50000000 -31.50000000
v -31.50000100 34.50000000 -31.50000000
v -31.50000100 34.50000000 -31.50000000
v -31.50000100 34.50000000 -31.50000000
v -31.50000100 34.50000000 -1.00000000
v -31.50000100 34.50000000 -1.00000000
v -31.50000100 34.50000000 -1.00000000
v -1.40000000 -31.60000100 -31.59999900
v -1.40000000 -31.60000100 -31.59999900
v -1.40000000 -31.60000100 -31.59999900
v -1.40000000 -31.60000100 -1.00000000
v -1.40000000 -31.60000100 -1.00000000
v -1.40000000 -31.60000100 -1.00000000
v -1.40000000 -1.40000000 -31.59999900
v -1.40000000 -1.40000000 -31.59999900
v -1.40000000 -1.40000000 -31.59999900
v -1.40000000 -1.40000000 -1.00000000
v -1.40000000 -1.40000000 -1.00000000
v -1.40000000 -1.40000000 -1.00000000
v -1.40000000 1.40000000 -31.59999900
v -1.40000000 1.40000000 -31.59999900
v -1.40000000 1.40000000 -31.59999900
v -1.40000000 1.40000000 -1.00000000
v -1.40000000 1.40000000 -1.00000000
v -1.40000000 1.40000000 -1.00000000
v -1.40000000 31.60000100 -31.59999900
v -1.40000000 31.60000100 -31.59999900
v -1.40000000 31.60000100 -31.59999900
v -1.40000000 31.60000100 -1.00000000
v -1.40000000 31.60000100 -1.00000000
v -1.40000000 31.60000100 -1.00000000
v 1.40000000 -31.60000100 -31.59999900
v 1.40000000 -31.60000100 -31.59999900
v 1.40000000 -31.60000100 -31.59999900
v 1.40000000 -31.60000100 -1.00000000
v 1.40000000 -31.60000100 -1.00000000
v 1.40000000 -31.60000100 -1.00000000
v 1.40000000 -1.40000000 -31.59999900
v 1.40000000 -1.40000000 -31.59999900
v 1.40000000 -1.40000000 -31.59999900
v 1.40000000 -1.40000000 -1.00000000
v 1.40000000 -1.40000000 -1.00000000
v 1.40000000 -1.40000000 -1.00000000
v 1.40000000 1.40000000 -31.59999900
v 1.40000000 1.40000000 -31.59999900
v 1.40000000 1.40000000 -31.59999900
v 1.40000000 1.40000000 -1.00000000
v 1.40000000 1.40000000 -1.00000000
v 1.40000000 1.40000000 -1.00000000
v 1.40000000 31.60000100 -31.59999900
v 1.40000000 31.60000100 -31.59999900
v 1.40000000 31.60000100 -31.59999900
v 1.40000000 31.60000100 -1.00000000
v 1.40000000 31.60000100 -1.00000000
v 1.40000000 31.60000100 -1.00000000
v 31.50000100 -34.50000000 -31.50000000
v 31.50000100 -34.50000000 -31.50000000
v 31.50000100 -34.50000000 -31.50000000
v 31.50000100 -34.50000000 -31.50000000
v 31.50000100 -34.50000000 -1.00000000
v 31.50000100 -34.50000000 -1.00000000
v 31.50000100 -34.50000000 -1.00000000
v 31.50000100 -31.50000100 -34.49999900
v 31.50000100 -31.50000100 -34.49999900
v 31.50000100 -31.50000100 -34.49999900
v 31.50000100 -31.50000100 -34.49999900
v 31.50000100 31.50000100 -34.49999900
v 31.50000100 31.50000100 -34.49999900
v 31.50000100 31.50000100 -34.49999900
v 31.50000100 31.50000100 -34.49999900
v 31.50000100 34.50000000 -31.50000000
v 31.50000100 34.50000000 -31.50000000
v 31.50000100 34.50000000 -31.50000000
v 31.50000100 34.50000000 -31.50000000
v 31.50000100 34.50000000 -1.00000000
v 31.50000100 34.50000000 -1.00000000
v 31.50000100 34.50000000 -1.00000000
v 31.60000100 -31.60000100 -31.59999900
v 31.60000100 -31.60000100 -31.59999900
v 31.60000100 -31.60000100 -31.59999900
v 31.60000100 -31.60000100 -1.00000000
v 31.60000100 -31.60000100 -1.00000000
v 31.60000100 -31.60000100 -1.00000000
v 31.60000100 -1.40000000 -31.59999900
v 31.60000100 -1.40000000 -31.59999900
v 31.60000100 -1.40000000 -31.59999900
v 31.60000100 -1.40000000 -1.00000000
v 31.60000100 -1.40000000 -1.00000000
v 31.60000100 -1.40000000 -1.00000000
v 31.60000100 1.40000000 -31.59999900
v 31.60000100 1.40000000 -31.59999900
v 31.60000100 1.40000000 -31.59999900
v 31.60000100 1.40000000 -1.00000000
v 31.60000100 1.40000000 -1.00000000
v 31.60000100 1.40000000 -1.00000000
v 31.60000100 31.60000100 -31.59999900
v 31.60000100 31.60000100 -31.59999900
v 31.60000100 31.60000100 -31.59999900
v 31.60000100 31.60000100 -1.00000000
v 31.60000100 31.60000100 -1.00000000
v 31.60000100 31.60000100 -1.00000000
v 34.50000000 -31.50000100 -31.50000000
v 34.50000000 -31.50000100 -31.50000000
v 34.50000000 -31.50000100 -31.50000000
v 34.50000000 -31.50000100 -31.50000000
v 34.50000000 -31.50000100 -1.00000000
v 34.50000000 -31.50000100 -1.00000000
v 34.50000000 -31.50000100 -1.00000000
v 34.50000000 31.50000100 -31.50000000
v 34.50000000 31.50000100 -31.50000000
v 34.50000000 31.50000100 -31.50000000
v 34.50000000 31.50000100 -31.50000000
v 34.50000000 31.50000100 -1.00000000
v 34.50000000 31.50000100 -1.00000000
v 34.50000000 31.50000100 -1.00000000
v -34.50000000 -31.50000100 0.00000000
v -34.50000000 -31.50000100 0.00000000
v -34.50000000 -31.50000100 0.00000000
v -34.50000000 -31.50000100 1.00000000
v -34.50000000 -31.50000100 1.00000000
v -34.50000000 -31.50000100 1.00000000
v -34.50000000 31.50000100 0.00000000
v -34.50000000 31.50000100 0.00000000
v -34.50000000 31.50000100 0.00000000
v -34.50000000 31.50000100 1.00000000
v -34.50000000 31.50000100 1.00000000
v -34.50000000 31.50000100 1.00000000
v -31.50000100 -34.50000000 0.00000000
v -31.50000100 -34.50000000 0.00000000
v -31.50000100 -34.50000000 0.00000000
v -31.50000100 -34.50000000 1.00000000
v -31.50000100 -34.50000000 1.00000000
v -31.50000100 -34.50000000 1.00000000
v -31.50000100 -30.50000000 1.00000000
v -31.50000100 -30.50000000 1.00000000
v -31.50000100 -30.50000000 1.00000000
v -31.50000100 -30.50000000 1.50000000
v -31.50000100 -30.50000000 1.50000000
v -31.50000100 -30.50000000 1.50000000
v -31.50000100 -2.50000000 1.00000000
v -31.50000100 -2.50000000 1.00000000
v -31.50000100 -2.50000000 1.00000000
v -31.50000100 -2.50000000 1.50000000
v -31.50000100 -2.50000000 1.50000000
v -31.50000100 -2.50000000 1.50000000
v -31.50000100 2.50000000 1.00000000
v -31.50000100 2.50000000 1.00000000
v -31.50000100 2.50000000 1.00000000
v -31.50000100 2.50000000 1.50000000
v -31.50000100 2.50000000 1.50000000
v -31.50000100 2.50000000 1.50000000
v -31.50000100 30.50000000 1.00000000
v -31.50000100 30.50000000 1.00000000
v -31.50000100 30.50000000 1.00000000
v -31.50000100 30.50000000 1.50000000
v -31.50000100 30.50000000 1.50000000
v -31.50000100 30.50000000 1.50000000
v -31.50000100 34.50000000 0.00000000
v -31.50000100 34.50000000 0.00000000
v -31.50000100 34.50000000 0.00000000
v -31.50000100 34.50000000 1.00000000
v -31.50000100 34.50000000 1.00000000
v -31.50000100 34.50000000 1.00000000
v -31.36602600 -30.99999900 1.00000000
v -31.36602600 -30.99999900 1.00000000
v -31.36602600 -30.99999900 1.50000000
v -31.36602600 -30.99999900 1.50000000
v -31.36602600 -2.00000000 1.00000000
v -31.36602600 -2.00000000 1.00000000
v -31.36602600 -2.00000000 1.50000000
v -31.36602600 -2.00000000 1.50000000
v -31.36602600 2.00000000 1.00000000
v -31.36602600 2.00000000 1.00000000
v -31.36602600 2.00000000 1.50000000
v -31.36602600 2.00000000 1.50000000
v -31.36602600 30.99999900 1.00000000
v -31.36602600 30.99999900 1.00000000
v -31.36602600 30.99999900 1.50000000
v -31.36602600 30.99999900 1.50000000
v -30.99999900 -31.36602600 1.00000000
v -30.99999900 -31.36602600 1.00000000
v -30.99999900 -31.36602600 1.50000000
v -30.99999900 -31.36602600 1.50000000
v -30.99999900 -1.63397500 1.00000000
v -30.99999900 -1.63397500 1.00000000
v -30.99999900 -1.63397500 1.50000000
v -30.99999900 -1.63397500 1.50000000
v -30.99999900 1.63397500 1.00000000
v -30.99999900 1.63397500 1.00000000
v -30.99999900 1.63397500 1.50000000
v -30.99999900 1.63397500 1.50000000
v -30.99999900 31.36602600 1.00000000
v -30.99999900 31.36602600 1.00000000
v -30.99999900 31.36602600 1.50000000
v -30.99999900 31.36602600 1.50000000
v -30.50000000 -31.50000100 1.00000000
v -30.50000000 -31.50000100 1.00000000
v -30.50000000 -31.50000100 1.00000000
v -30.50000000 -31.50000100 1.50000000
v -30.50000000 -31.50000100 1.50000000
v -30.50000000 -31.50000100 1.50000000
v -30.50000000 -1.50000000 1.00000000
v -30.50000000 -1.50000000 1.00000000
v -30.50000000 -1.50000000 1.00000000
v -30.50000000 -1.50000000 1.50000000
v -30.50000000 -1.50000000 1.50000000
v -30.50000000 -1.50000000 1.50000000
v -30.50000000 1.50000000 1.00000000
v -30.50000000 1.50000000 1.00000000
v -30.50000000 1.50000000 1.00000000
v -30.50000000 1.50000000 1.50000000
v -30.50000000 1.50000000 1.50000000
v -30.50000000 1.50000000 1.50000000
v -30.50000000 31.50000100 1.00000000
v -30.50000000 31.50000100 1.00000000
v -30.50000000 31.50000100 1.00000000
v -30.50000000 31.50000100 1.50000000
v -30.50000000 31.50000100 1.50000000
v -30.50000000 31.50000100 1.50000000
v -2.50000000 -31.50000100 1.00000000
v -2.50000000 -31.50000100 1.00000000
v -2.50000000 -31.50000100 1.00000000
v -2.50000000 -31.50000100 1.50000000
v -2.50000000 -31.50000100 1.50000000
v -2.50000000 -31.50000100 1.50000000
v -2.50000000 -1.50000000 1.00000000
v -2.50000000 -1.50000000 1.00000000
v -2.50000000 -1.50000000 1.00000000
v -2.50000000 -1.50000000 1.50000000
v -2.50000000 -1.50000000 1.50000000
v -2.50000000 -1.50000000 1.50000000
v -2.50000000 1.50000000 1.00000000
v -2.50000000 1.50000000 1.00000000
v -2.50000000 1.50000000 1.00000000
v -2.50000000 1.50000000 1.50000000
v -2.50000000 1.50000000 1.50000000
v -2.50000000 1.50000000 1.50000000
v -2.50000000 31.50000100 1.00000000
v -2.50000000 31.50000100 1.00000000
v -2.50000000 31.50000100 1.00000000
v -2.50000000 31.50000100 1.50000000
v -2.50000000 31.50000100 1.50000000
v -2.50000000 31.50000100 1.50000000
v -2.00000000 -31.36602600 1.00000000
v -2.00000000 -31.36602600 1.00000000
v -2.00000000 -31.36602600 1.50000000
v -2.00000000 -31.36602600 1.50000000
v -2.00000000 -1.63397500 1.00000000
v -2.00000000 -1.63397500 1.00000000
v -2.00000000 -1.63397500 1.50000000
v -2.00000000 -1.63397500 1.50000000
v -2.00000000 1.63397500 1.00000000
v -2.00000000 1.63397500 1.00000000
v -2.00000000 1.63397500 1.50000000
v -2.00000000 1.63397500 1.50000000
v -2.00000000 31.36602600 1.00000000
v -2.00000000 31.36602600 1.00000000
v -2.00000000 31.36602600 1.50000000
v -2.00000000 31.36602600 1.50000000
v -1.63397500 -30.99999900 1.00000000
v -1.63397500 -30.99999900 1.00000000
v -1.63397500 -30.99999900 1.50000000
v -1.63397500 -30.99999900 1.50000000
v -1.63397500 -2.00000000 1.00000000
v -1.63397500 -2.00000000 1.00000000
v -1.63397500 -2.00000000 1.50000000
v -1.63397500 -2.00000000 1.50000000
v -1.63397500 2.00000000 1.00000000
v -1.63397500 2.00000000 1.00000000
v -1.63397500 2.00000000 1.50000000
v -1.63397500 2.00000000 1.50000000
v -1.63397500 30.99999900 1.00000000
v -1.63397500 30.99999900 1.00000000
v -1.63397500 30.99999900 1.50000000
v -1.63397500 30.99999900 1.50000000
v -1.50000000 -30.50000000 1.00000000
v -1.50000000 -30.50000000 1.00000000
v -1.50000000 -30.50000000 1.00000000
v -1.50000000 -30.50000000 1.50000000
v -1.50000000 -30.50000000 1.50000000
v -1.50000000 -30.50000000 1.50000000
v -1.50000000 -2.50000000 1.00000000
v -1.50000000 -2.50000000 1.00000000
v -1.50000000 -2.50000000 1.00000000
v -1.50000000 -2.50000000 1.50000000
v -1.50000000 -2.50000000 1.50000000
v -1.50000000 -2.50000000 1.50000000
v -1.50000000 2.50000000 1.00000000
v -1.50000000 2.50000000 1.00000000
v -1.50000000 2.50000000 1.00000000
v -1.50000000 2.50000000 1.50000000
v -1.50000000 2.50000000 1.50000000
v -1.50000000 2.50000000 1.50000000
v -1.50000000 30.50000000 1.00000000
v -1.50000000 30.50000000 1.00000000
v -1.50000000 30.50000000 1.00000000
v -1.50000000 30.50000000 1.50000000
v -1.50000000 30.50000000 1.50000000
v -1.50000000 30.50000000 1.50000000
v 1.50000000 -30.50000000 1.00000000
v 1.50000000 -30.50000000 1.00000000
v 1.50000000 -30.50000000 1.00000000
v 1.50000000 -30.50000000 1.50000000
v 1.50000000 -30.50000000 1.50000000
v 1.50000000 -30.50000000 1.50000000
v 1.50000000 -2.50000000 1.00000000
v 1.50000000 -2.50000000 1.00000000
v 1.50000000 -2.50000000 1.00000000
v 1.50000000 -2.50000000 1.50000000
v 1.50000000 -2.50000000 1.50000000
v 1.50000000 -2.50000000 1.50000000
v 1.50000000 2.50000000 1.00000000
v 1.50000000 2.50000000 1.00000000
v 1.50000000 2.50000000 1.00000000
v 1.50000000 2.50000000 1.50000000
v 1.50000000 2.50000000 1.50000000
v 1.50000000 2.50000000 1.50000000
v 1.50000000 30.50000000 1.00000000
v 1.50000000 30.50000000 1.00000000
v 1.50000000 30.50000000 1.00000000
v 1.50000000 30.50000000 1.50000000
v 1.50000000 30.50000000 1.50000000
v 1.50000000 30.50000000 1.50000000
v 1.63397500 -30.99999900 1.00000000
v 1.63397500 -30.99999900 1.00000000
v 1.63397500 -30.99999900 1.50000000
v 1.63397500 -30.99999900 1.50000000
v 1.63397500 -2.00000000 1.00000000
v 1.63397500 -2.00000000 1.00000000
v 1.63397500 -2.00000000 1.50000000
v 1.63397500 -2.00000000 1.50000000
v 1.63397500 2.00000000 1.00000000
v 1.63397500 2.00000000 1.00000000
v 1.63397500 2.00000000 1.50000000
v 1.63397500 2.00000000 1.50000000
v 1.63397500 30.99999900 1.00000000
v 1.63397500 30.99999900 1.00000000
v 1.63397500 30.99999900 1.50000000
v 1.63397500 30.99999900 1.50000000
v 2.00000000 -31.36602600 1.00000000
v 2.00000000 -31.36602600 1.00000000
v 2.00000000 -31.36602600 1.50000000
v 2.00000000 -31.36602600 1.50000000
v 2.00000000 -1.63397500 1.00000000
v 2.00000000 -1.63397500 1.00000000
v 2.00000000 -1.63397500 1.50000000
v 2.00000000 -1.63397500 1.50000000
v 2.00000000 1.63397500 1.00000000
v 2.00000000 1.63397500 1.00000000
v 2.00000000 1.63397500 1.50000000
v 2.00000000 1.63397500 1.50000000
v 2.00000000 31.36602600 1.00000000
v 2.00000000 31.36602600 1.00000000
v 2.00000000 31.36602600 1.50000000
v 2.00000000 31.36602600 1.50000000
v 2.50000000 -31.50000100 1.00000000
v 2.50000000 -31.50000100 1.00000000
v 2.50000000 -31.50000100 1.00000000
v 2.50000000 -31.50000100 1.50000000
v 2.50000000 -31.50000100 1.50000000
v 2.50000000 -31.50000100 1.50000000
v 2.50000000 -1.50000000 1.00000000
v 2.50000000 -1.50000000 1.00000000
v 2.50000000 -1.50000000 1.00000000
v 2.50000000 -1.50000000 1.50000000
v 2.50000000 -1.50000000 1.50000000
v 2.50000000 -1.50000000 1.50000000
v 2.50000000 1.50000000 1.00000000
v 2.50000000 1.50000000 1.00000000
v 2.50000000 1.50000000 1.00000000
v 2.50000000 1.50000000 1.50000000
v 2.50000000 1.50000000 1.50000000
v 2.50000000 1.50000000 1.50000000
v 2.50000000 31.50000100 1.00000000
v 2.50000000 31.50000100 1.00000000
v 2.50000000 31.50000100 1.00000000
v 2.50000000 31.50000100 1.50000000
v 2.50000000 31.50000100 1.50000000
v 2.50000000 31.50000100 1.50000000
v 30.50000000 -31.50000100 1.00000000
v 30.50000000 -31.50000100 1.00000000
v 30.50000000 -31.50000100 1.00000000
v 30.50000000 -31.50000100 1.50000000
v 30.50000000 -31.50000100 1.50000000
v 30.50000000 -31.50000100 1.50000000
v 30.50000000 -1.50000000 1.00000000
v 30.50000000 -1.50000000 1.00000000
v 30.50000000 -1.50000000 1.00000000
v 30.50000000 -1.50000000 1.50000000
v 30.50000000 -1.50000000 1.50000000
v 30.50000000 -1.50000000 1.50000000
v 30.50000000 1.50000000 1.00000000
v 30.50000000 1.50000000 1.00000000
v 30.50000000 1.50000000 1.00000000
v 30.50000000 1.50000000 1.50000000
v 30.50000000 1.50000000 1.50000000
v 30.50000000 1.50000000 1.50000000
v 30.50000000 31.50000100 1.00000000
v 30.50000000 31.50000100 1.00000000
v 30.50000000 31.50000100 1.00000000
v 30.50000000 31.50000100 1.50000000
v 30.50000000 31.50000100 1.50000000
v 30.50000000 31.50000100 1.50000000
v 30.99999900 -31.36602600 1.00000000
v 30.99999900 -31.36602600 1.00000000
v 30.99999900 -31.36602600 1.50000000
v 30.99999900 -31.36602600 1.50000000
v 30.99999900 -1.63397500 1.00000000
v 30.99999900 -1.63397500 1.00000000
v 30.99999900 -1.63397500 1.50000000
v 30.99999900 -1.63397500 1.50000000
v 30.99999900 1.63397500 1.00000000
v 30.99999900 1.63397500 1.00000000
v 30.99999900 1.63397500 1.50000000
v 30.99999900 1.63397500 1.50000000
v 30.99999900 31.36602600 1.00000000
v 30.99999900 31.36602600 1.00000000
v 30.99999900 31.36602600 1.50000000
v 30.99999900 31.36602600 1.50000000
v 31.36602600 -30.99999900 1.00000000
v 31.36602600 -30.99999900 1.00000000
v 31.36602600 -30.99999900 1.50000000
v 31.36602600 -30.99999900 1.50000000
v 31.36602600 -2.00000000 1.00000000
v 31.36602600 -2.00000000 1.00000000
v 31.36602600 -2.00000000 1.50000000
v 31.36602600 -2.00000000 1.50000000
v 31.36602600 2.00000000 1.00000000
v 31.36602600 2.00000000 1.00000000
v 31.36602600 2.00000000 1.50000000
v 31.36602600 2.00000000 1.50000000
v 31.36602600 30.99999900 1.00000000
v 31.36602600 30.99999900 1.00000000
v 31.36602600 30.99999900 1.50000000
v 31.36602600 30.99999900 1.50000000
v 31.50000100 -34.50000000 0.00000000
v 31.50000100 -34.50000000 0.00000000
v 31.50000100 -34.50000000 0.00000000
v 31.50000100 -34.50000000 1.00000000
v 31.50000100 -34.50000000 1.00000000
v 31.50000100 -34.50000000 1.00000000
v 31.50000100 -30.50000000 1.00000000
v 31.50000100 -30.50000000 1.00000000
v 31.50000100 -30.50000000 1.00000000
v 31.50000100 -30.50000000 1.50000000
v 31.50000100 -30.50000000 1.50000000
v 31.50000100 -30.50000000 1.50000000
v 31.50000100 -2.50000000 1.00000000
v 31.50000100 -2.50000000 1.00000000
v 31.50000100 -2.50000000 1.00000000
v 31.50000100 -2.50000000 1.50000000
v 31.50000100 -2.50000000 1.50000000
v 31.50000100 -2.50000000 1.50000000
v 31.50000100 2.50000000 1.00000000
v 31.50000100 2.50000000 1.00000000
v 31.50000100 2.50000000 1.00000000
v 31.50000100 2.50000000 1.50000000
v 31.50000100 2.50000000 1.50000000
v 31.50000100 2.50000000 1.50000000
v 31.50000100 30.50000000 1.00000000
v 31.50000100 30.50000000 1.00000000
v 31.50000100 30.50000000 1.00000000
v 31.50000100 30.50000000 1.50000000
v 31.50000100 30.50000000 1.50000000
v 31.50000100 30.50000000 1.50000000
v 31.50000100 34.50000000 0.00000000
v 31.50000100 34.50000000 0.00000000
v 31.50000100 34.50000000 0.00000000
v 31.50000100 34.50000000 1.00000000
v 31.50000100 34.50000000 1.00000000
v 31.50000100 34.50000000 1.00000000
v 34.50000000 -31.50000100 0.00000000
v 34.50000000 -31.50000100 0.00000000
v 34.50000000 -31.50000100 0.00000000
v 34.50000000 -31.50000100 1.00000000
v 34.50000000 -31.50000100 1.00000000
v 34.50000000 -31.50000100 1.00000000
v 34.50000000 31.50000100 0.00000000
v 34.50000000 31.50000100 0.00000000
v 34.50000000 31.50000100 0.00000000
v 34.50000000 31.50000100 1.00000000
v 34.50000000 31.50000100 1.00000000
v 34.50000000 31.50000100 1.00000000
v 34.50000000 -31.50000100 0.00000000
v 34.50000000 -31.50000100 0.00000000
v 34.50000000 -31.50000100 0.00000000
v 34.50000000 -31.50000100 -1.00000000
v 34.50000000 -31.50000100 -1.00000000
v 34.50000000 -31.50000100 -1.00000000
v 34.50000000 31.50000100 0.00000000
v 34.50000000 31.50000100 0.00000000
v 34.50000000 31.50000100 0.00000000
v 34.50000000 31.50000100 -1.00000000
v 34.50000000 31.50000100 -1.00000000
v 34.50000000 31.50000100 -1.00000000
v 31.50000100 -34.50000000 0.00000000
v 31.50000100 -34.50000000 0.00000000
v 31.50000100 -34.50000000 0.00000000
v 31.50000100 -34.50000000 -1.00000000
v 31.50000100 -34.50000000 -1.00000000
v 31.50000100 -34.50000000 -1.00000000
v 31.50000100 -30.50000000 -1.00000000
v 31.50000100 -30.50000000 -1.00000000
v 31.50000100 -30.50000000 -1.00000000
v 31.50000100 -30.50000000 -1.50000000
v 31.50000100 -30.50000000 -1.50000000
v 31.50000100 -30.50000000 -1.50000000
v 31.50000100 -2.50000000 -1.00000000
v 31.50000100 -2.50000000 -1.00000000
v 31.50000100 -2.50000000 -1.00000000
v 31.50000100 -2.50000000 -1.50000000
v 31.50000100 -2.50000000 -1.50000000
v 31.50000100 -2.50000000 -1.50000000
v 31.50000100 2.50000000 -1.00000000
v 31.50000100 2.50000000 -1.00000000
v 31.50000100 2.50000000 -1.00000000
v 31.50000100 2.50000000 -1.50000000
v 31.50000100 2.50000000 -1.50000000
v 31.50000100 2.50000000 -1.50000000
v 31.50000100 30.50000000 -1.00000000
v 31.50000100 30.50000000 -1.00000000
v 31.50000100 30.50000000 -1.00000000
v 31.50000100 30.50000000 -1.50000000
v 31.50000100 30.50000000 -1.50000000
v 31.50000100 30.50000000 -1.50000000
v 31.50000100 34.50000000 0.00000000
v 31.50000100 34.50000000 0.00000000
v 31.50000100 34.50000000 0.00000000
v 31.50000100 34.50000000 -1.00000000
v 31.50000100 34.50000000 -1.00000000
v 31.50000100 34.50000000 -1.00000000
v 31.36602600 -30.99999900 -1.00000000
v 31.36602600 -30.99999900 -1.00000000
v 31.36602600 -30.99999900 -1.50000000
v 31.36602600 -30.99999900 -1.50000000
v 31.36602600 -2.00000000 -1.00000000
v 31.36602600 -2.00000000 -1.00000000
v 31.36602600 -2.00000000 -1.50000000
v 31.36602600 -2.00000000 -1.50000000
v 31.36602600 2.00000000 -1.00000000
v 31.36602600 2.00000000 -1.00000000
v 31.36602600 2.00000000 -1.50000000
v 31.36602600 2.00000000 -1.50000000
v 31.36602600 30.99999900 -1.00000000
v 31.36602600 30.99999900 -1.00000000
v 31.36602600 30.99999900 -1.50000000
v 31.36602600 30.99999900 -1.50000000
v 30.99999900 -31.36602600 -1.00000000
v 30.99999900 -31.36602600 -1.00000000
v 30.99999900 -31.36602600 -1.50000000
v 30.99999900 -31.36602600 -1.50000000
v 30.99999900 -1.63397500 -1.00000000
v 30.99999900 -1.63397500 -1.00000000
v 30.99999900 -1.63397500 -1.50000000
v 30.99999900 -1.63397500 -1.50000000
v 30.99999900 1.63397500 -1.00000000
v 30.99999900 1.63397500 -1.00000000
v 30.99999900 1.63397500 -1.50000000
v 30.99999900 1.63397500 -1.50000000
v 30.99999900 31.36602600 -1.00000000
v 30.99999900 31.36602600 -1.00000000
v 30.99999900 31.36602600 -1.50000000
v 30.99999900 31.36602600 -1.50000000
v 30.50000000 -31.50000100 -1.00000000
v 30.50000000 -31.50000100 -1.00000000
v 30.50000000 -31.50000100 -1.00000000
v 30.50000000 -31.50000100 -1.50000000
v 30.50000000 -31.50000100 -1.50000000
v 30.50000000 -31.50000100 -1.50000000
v 30.50000000 -1.50000000 -1.00000000
v 30.50000000 -1.50000000 -1.00000000
v 30.50000000 -1.50000000 -1.00000000
v 30.50000000 -1.50000000 -1.50000000
v 30.50000000 -1.50000000 -1.50000000
v 30.50000000 -1.50000000 -1.50000000
v 30.50000000 1.50000000 -1.00000000
v 30.50000000 1.50000000 -1.00000000
v 30.50000000 1.50000000 -1.00000000
v 30.50000000 1.50000000 -1.50000000
v 30.50000000 1.50000000 -1.50000000
v 30.50000000 1.50000000 -1.50000000
v 30.50000000 31.50000100 -1.00000000
v 30.50000000 31.50000100 -1.00000000
v 30.50000000 31.50000100 -1.00000000
v 30.50000000 31.50000100 -1.50000000
v 30.50000000 31.50000100 -1.50000000
v 30.50000000 31.50000100 -1.50000000
v 2.50000000 -31.50000100 -1.00000000
v 2.50000000 -31.50000100 -1.00000000
v 2.50000000 -31.50000100 -1.00000000
v 2.50000000 -31.50000100 -1.50000000
v 2.50000000 -31.50000100 -1.50000000
v 2.50000000 -31.50000100 -1.50000000
v 2.50000000 -1.50000000 -1.00000000
v 2.50000000 -1.50000000 -1.00000000
v 2.50000000 -1.50000000 -1.00000000
v 2.50000000 -1.50000000 -1.50000000
v 2.50000000 -1.50000000 -1.50000000
v 2.50000000 -1.50000000 -1.50000000
v 2.50000000 1.50000000 -1.00000000
v 2.50000000 1.50000000 -1.00000000
v 2.50000000 1.50000000 -1.00000000
v 2.50000000 1.50000000 -1.50000000
v 2.50000000 1.50000000 -1.50000000
v 2.50000000 1.50000000 -1.50000000
v 2.50000000 31.50000100 -1.00000000
v 2.50000000 31.50000100 -1.00000000
v 2.50000000 31.50000100 -1.00000000
v 2.50000000 31.50000100 -1.50000000
v 2.50000000 31.50000100 -1.50000000
v 2.50000000 31.50000100 -1.50000000
v 2.00000000 -31.36602600 -1.00000000
v 2.00000000 -31.36602600 -1.00000000
v 2.00000000 -31.36602600 -1.50000000
v 2.00000000 -31.36602600 -1.50000000
v 2.00000000 -1.63397500 -1.00000000
v 2.00000000 -1.63397500 -1.00000000
v 2.00000000 -1.63397500 -1.50000000
v 2.00000000 -1.63397500 -1.50000000
v 2.00000000 1.63397500 -1.00000000
v 2.00000000 1.63397500 -1.00000000
v 2.00000000 1.63397500 -1.50000000
v 2.00000000 1.63397500 -1.50000000
v 2.00000000 31.36602600 -1.00000000
v 2.00000000 31.36602600 -1.00000000
v 2.00000000 31.36602600 -1.50000000
v 2.00000000 31.36602600 -1.50000000
v 1.63397500 -30.99999900 -1.00000000
v 1.63397500 -30.99999900 -1.00000000
v 1.63397500 -30.99999900 -1.50000000
v 1.63397500 -30.99999900 -1.50000000
v 1.63397500 -2.00000000 -1.00000000
v 1.63397500 -2.00000000 -1.00000000
v 1.63397500 -2.00000000 -1.50000000
v 1.63397500 -2.00000000 -1.50000000
v 1.63397500 2.00000000 -1.00000000
v 1.63397500 2.00000000 -1.00000000
v 1.63397500 2.00000000 -1.50000000
v 1.63397500 2.00000000 -1.50000000
v 1.63397500 30.99999900 -1.00000000
v 1.63397500 30.99999900 -1.00000000
v 1.63397500 30.99999900 -1.50000000
v 1.63397500 30.99999900 -1.50000000
v 1.50000000 -30.50000000 -1.00000000
v 1.50000000 -30.50000000 -1.00000000
v 1.50000000 -30.50000000 -1.00000000
v 1.50000000 -30.50000000 -1.50000000
v 1.50000000 -30.50000000 -1.50000000
v 1.50000000 -30.50000000 -1.50000000
v 1.50000000 -2.50000000 -1.00000000
v 1.50000000 -2.50000000 -1.00000000
v 1.50000000 -2.50000000 -1.00000000
v 1.50000000 -2.50000000 -1.50000000
v 1.50000000 -2.50000000 -1.50000000
v 1.50000000 -2.50000000 -1.50000000
v 1.50000000 2.50000000 -1.00000000
v 1.50000000 2.50000000 -1.00000000
v 1.50000000 2.50000000 -1.00000000
v 1.50000000 2.50000000 -1.50000000
v 1.50000000 2.50000000 -1.50000000
v 1.50000000 2.50000000 -1.50000000
v 1.50000000 30.50000000 -1.00000000
v 1.50000000 30.50000000 -1.00000000
v 1.50000000 30.50000000 -1.00000000
v 1.50000000 30.50000000 -1.50000000
v 1.50000000 30.50000000 -1.50000000
v 1.50000000 30.50000000 -1.50000000
v -1.50000000 -30.50000000 -1.00000000
v -1.50000000 -30.50000000 -1.00000000
v -1.50000000 -30.50000000 -1.00000000
v -1.50000000 -30.50000000 -1.50000000
v -1.50000000 -30.50000000 -1.50000000
v -1.50000000 -30.50000000 -1.50000000
v -1.50000000 -2.50000000 -1.00000000
v -1.50000000 -2.50000000 -1.00000000
v -1.50000000 -2.50000000 -1.00000000
v -1.50000000 -2.50000000 -1.50000000
v -1.50000000 -2.50000000 -1.50000000
v -1.50000000 -2.50000000 -1.50000000
v -1.50000000 2.50000000 -1.00000000
v -1.50000000 2.50000000 -1.00000000
v -1.50000000 2.50000000 -1.00000000
v -1.50000000 2.50000000 -1.50000000
v -1.50000000 2.50000000 -1.50000000
v -1.50000000 2.50000000 -1.50000000
v -1.50000000 30.50000000 -1.00000000
v -1.50000000 30.50000000 -1.00000000
v -1.50000000 30.50000000 -1.00000000
v -1.50000000 30.50000000 -1.50000000
v -1.50000000 30.50000000 -1.50000000
v -1.50000000 30.50000000 -1.50000000
v -1.63397500 -30.99999900 -1.00000000
v -1.63397500 -30.99999900 -1.00000000
v -1.63397500 -30.99999900 -1.50000000
v -1.63397500 -30.99999900 -1.50000000
v -1.63397500 -2.00000000 -1.00000000
v -1.63397500 -2.00000000 -1.00000000
v -1.63397500 -2.00000000 -1.50000000
v -1.63397500 -2.00000000 -1.50000000
v -1.63397500 2.00000000 -1.00000000
v -1.63397500 2.00000000 -1.00000000
v -1.63397500 2.00000000 -1.50000000
v -1.63397500 2.00000000 -1.50000000
v -1.63397500 30.99999900 -1.00000000
v -1.63397500 30.99999900 -1.00000000
v -1.63397500 30.99999900 -1.50000000
v -1.63397500 30.99999900 -1.50000000
v -2.00000000 -31.36602600 -1.00000000
v -2.00000000 -31.36602600 -1.00000000
v -2.00000000 -31.36602600 -1.50000000
v -2.00000000 -31.36602600 -1.50000000
v -2.00000000 -1.63397500 -1.00000000
v -2.00000000 -1.63397500 -1.00000000
v -2.00000000 -1.63397500 -1.50000000
v -2.00000000 -1.63397500 -1.50000000
v -2.00000000 1.63397500 -1.00000000
v -2.00000000 1.63397500 -1.00000000
v -2.00000000 1.63397500 -1.50000000
v -2.00000000 1.63397500 -1.50000000
v -2.00000000 31.36602600 -1.00000000
v -2.00000000 31.36602600 -1.00000000
v -2.00000000 31.36602600 -1.50000000
v -2.00000000 31.36602600 -1.50000000
v -2.50000000 -31.50000100 -1.00000000
v -2.50000000 -31.50000100 -1.00000000
v -2.50000000 -31.50000100 -1.00000000
v -2.50000000 -31.50000100 -1.50000000
v -2.50000000 -31.50000100 -1.50000000
v -2.50000000 -31.50000100 -1.50000000
v -2.50000000 -1.50000000 -1.00000000
v -2.50000000 -1.50000000 -1.00000000
v -2.50000000 -1.50000000 -1.00000000
v -2.50000000 -1.50000000 -1.50000000
v -2.50000000 -1.50000000 -1.50000000
v -2.50000000 -1.50000000 -1.50000000
v -2.50000000 1.50000000 -1.00000000
v -2.50000000 1.50000000 -1.00000000
v -2.50000000 1.50000000 -1.00000000
v -2.50000000 1.50000000 -1.50000000
v -2.50000000 1.50000000 -1.50000000
v -2.50000000 1.50000000 -1.50000000
v -2.50000000 31.50000100 -1.00000000
v -2.50000000 31.50000100 -1.00000000
v -2.50000000 31.50000100 -1.00000000
v -2.50000000 31.50000100 -1.50000000
v -2.50000000 31.50000100 -1.50000000
v -2.50000000 31.50000100 -1.50000000
v -30.50000000 -31.50000100 -1.00000000
v -30.50000000 -31.50000100 -1.00000000
v -30.50000000 -31.50000100 -1.00000000
v -30.50000000 -31.50000100 -1.50000000
v -30.50000000 -31.50000100 -1.50000000
v -30.50000000 -31.50000100 -1.50000000
v -30.50000000 -1.50000000 -1.00000000
v -30.50000000 -1.50000000 -1.00000000
v -30.50000000 -1.50000000 -1.00000000
v -30.50000000 -1.50000000 -1.50000000
v -30.50000000 -1.50000000 -1.50000000
v -30.50000000 -1.50000000 -1.50000000
v -30.50000000 1.50000000 -1.00000000
v -30.50000000 1.50000000 -1.00000000
v -30.50000000 1.50000000 -1.00000000
v -30.50000000 1.50000000 -1.50000000
v -30.50000000 1.50000000 -1.50000000
v -30.50000000 1.50000000 -1.50000000
v -30.50000000 31.50000100 -1.00000000
v -30.50000000 31.50000100 -1.00000000
v -30.50000000 31.50000100 -1.00000000
v -30.50000000 31.50000100 -1.50000000
v -30.50000000 31.50000100 -1.50000000
v -30.50000000 31.50000100 -1.50000000
v -30.99999900 -31.36602600 -1.00000000
v -30.99999900 -31.36602600 -1.00000000
v -30.99999900 -31.36602600 -1.50000000
v -30.99999900 -31.36602600 -1.50000000
v -30.99999900 -1.63397500 -1.00000000
v -30.99999900 -1.63397500 -1.00000000
v -30.99999900 -1.63397500 -1.50000000
v -30.99999900 -1.63397500 -1.50000000
v -30.99999900 1.63397500 -1.00000000
v -30.99999900 1.63397500 -1.00000000
v -30.99999900 1.63397500 -1.50000000
v -30.99999900 1.63397500 -1.50000000
v -30.99999900 31.36602600 -1.00000000
v -30.99999900 31.36602600 -1.00000000
v -30.99999900 31.36602600 -1.50000000
v -30.99999900 31.36602600 -1.50000000
v -31.36602600 -30.99999900 -1.00000000
v -31.36602600 -30.99999900 -1.00000000
v -31.36602600 -30.99999900 -1.50000000
v -31.36602600 -30.99999900 -1.50000000
v -31.36602600 -2.00000000 -1.00000000
v -31.36602600 -2.00000000 -1.00000000
v -31.36602600 -2.00000000 -1.50000000
v -31.36602600 -2.00000000 -1.50000000
v -31.36602600 2.00000000 -1.00000000
v -31.36602600 2.00000000 -1.00000000
v -31.36602600 2.00000000 -1.50000000
v -31.36602600 2.00000000 -1.50000000
v -31.36602600 30.99999900 -1.00000000
v -31.36602600 30.99999900 -1.00000000
v -31.36602600 30.99999900 -1.50000000
v -31.36602600 30.99999900 -1.50000000
v -31.50000100 -34.50000000 0.00000000
v -31.50000100 -34.50000000 0.00000000
v -31.50000100 -34.50000000 0.00000000
v -31.50000100 -34.50000000 -1.00000000
v -31.50000100 -34.50000000 -1.00000000
v -31.50000100 -34.50000000 -1.00000000
v -31.50000100 -30.50000000 -1.00000000
v -31.50000100 -30.50000000 -1.00000000
v -31.50000100 -30.50000000 -1.00000000
v -31.50000100 -30.50000000 -1.50000000
v -31.50000100 -30.50000000 -1.50000000
v -31.50000100 -30.50000000 -1.50000000
v -31.50000100 -2.50000000 -1.00000000
v -31.50000100 -2.50000000 -1.00000000
v -31.50000100 -2.50000000 -1.00000000
v -31.50000100 -2.50000000 -1.50000000
v -31.50000100 -2.50000000 -1.50000000
v -31.50000100 -2.50000000 -1.50000000
v -31.50000100 2.50000000 -1.00000000
v -31.50000100 2.50000000 -1.00000000
v -31.50000100 2.50000000 -1.00000000
v -31.50000100 2.50000000 -1.50000000
v -31.50000100 2.50000000 -1.50000000
v -31.50000100 2.50000000 -1.50000000
v -31.50000100 30.50000000 -1.00000000
v -31.50000100 30.50000000 -1.00000000
v -31.50000100 30.50000000 -1.00000000
v -31.50000100 30.50000000 -1.50000000
v -31.50000100 30.50000000 -1.50000000
v -31.50000100 30.50000000 -1.50000000
v -31.50000100 34.50000000 0.00000000
v -31.50000100 34.50000000 0.00000000
v -31.50000100 34.50000000 0.00000000
v -31.50000100 34.50000000 -1.00000000
v -31.50000100 34.50000000 -1.00000000
v -31.50000100 34.50000000 -1.00000000
v -34.50000000 -31.50000100 0.00000000
v -34.50000000 -31.50000100 0.00000000
v -34.50000000 -31.50000100 0.00000000
v -34.50000000 -31.50000100 -1.00000000
v -34.50000000 -31.50000100 -1.00000000
v -34.50000000 -31.50000100 -1.00000000
v -34.50000000 31.50000100 0.00000000
v -34.50000000 31.50000100 0.00000000
v -34.50000000 31.50000100 0.00000000
v -34.50000000 31.50000100 -1.00000000
v -34.50000000 31.50000100 -1.00000000
v -34.50000000 31.50000100 -1.00000000
vn -0.07071100 0.00000000 0.07071100
vn -0.10000000 0.00000000 0.00000000
vn -0.05773500 0.05773500 0.05773500
vn -0.07071100 0.07071100 -0.00000000
vn -0.07071100 0.07071100 -0.00000000
vn -0.00000000 -0.00000000 -0.10000000
vn -0.10000000 0.00000000 0.00000000
vn -0.07071100 0.00000000 0.07071100
vn -0.10000000 0.00000000 0.00000000
vn -0.05773500 -0.05773500 0.05773500
vn -0.07071100 -0.07071100 0.00000000
vn -0.00000000 -0.00000000 -0.10000000
vn -0.07071100 -0.07071100 0.00000000
vn -0.10000000 0.00000000 0.00000000
vn 0.10000000 -0.00000000 -0.00000000
vn -0.00000000 -0.00000000 -0.10000000
vn -0.00000000 -0.10000000 0.00000000
vn -0.00000000 -0.00000000 -0.10000000
vn -0.00000000 -0.10000000 0.00000000
vn 0.10000000 -0.00000000 -0.00000000
vn 0.10000000 -0.00000000 -0.00000000
vn -0.00000000 -0.00000000 -0.10000000
vn 0.00000000 0.10000000 -0.00000000
vn 0.10000000 -0.00000000 -0.00000000
vn -0.00000000 -0.00000000 -0.10000000
vn 0.00000000 0.10000000 -0.00000000
vn -0.00000000 -0.10000000 0.00000000
vn 0.10000000 -0.00000000 -0.00000000
vn -0.00000000 -0.00000000 -0.10000000
vn -0.00000000 -0.10000000 0.00000000
vn -0.00000000 -0.00000000 -0.10000000
vn 0.10000000 -0.00000000 -0.00000000
vn -0.00000000 -0.00000000 -0.10000000
vn 0.00000000 0.10000000 -0.00000000
vn 0.10000000 -0.00000000 -0.00000000
vn 0.00000000 0.10000000 -0.00000000
vn -0.00000000 -0.00000000 -0.10000000
vn 0.10000000 -0.00000000 -0.00000000
vn -0.07071100 0.07071100 -0.00000000
vn -0.05773500 0.05773500 0.05773500
vn 0.00000000 0.07071100 0.07071100
vn 0.00000000 0.10000000 -0.00000000
vn 0.00000000 0.10000000 -0.00000000
vn -0.00000000 -0.00000000 -0.10000000
vn -0.07071100 0.07071100 -0.00000000
vn 0.00000000 0.07071100 0.07071100
vn 0.00000000 0.00000000 0.10000000
vn -0.07071100 0.00000000 0.07071100
vn -0.05773500 0.05773500 0.05773500
vn -0.05773500 -0.05773500 0.05773500
vn 0.00000000 0.00000000 0.10000000
vn -0.00000000 -0.07071100 0.07071100
vn -0.07071100 0.00000000 0.07071100
vn -0.05773500 -0.05773500 0.05773500
vn -0.00000000 -0.07071100 0.07071100
vn -0.00000000 -0.10000000 0.00000000
vn -0.07071100 -0.07071100 0.00000000
vn -0.00000000 -0.10000000 0.00000000
vn -0.00000000 -0.00000000 -0.10000000
vn -0.07071100 -0.07071100 0.00000000
vn -0.00000000 -0.00000000 -0.10000000
vn -0.00000000 -0.10000000 0.00000000
vn -0.10000000 0.00000000 0.00000000
vn -0.10000000 0.00000000 0.00000000
vn -0.00000000 -0.10000000 0.00000000
vn -0.00000000 -0.00000000 -0.10000000
vn 0.00000000 0.10000000 -0.00000000
vn -0.10000000 0.00000000 0.00000000
vn -0.00000000 -0.00000000 -0.10000000
vn -0.10000000 0.00000000 0.00000000
vn -0.00000000 -0.00000000 -0.10000000
vn 0.00000000 0.10000000 -0.00000000
vn -0.10000000 0.00000000 0.00000000
vn -0.00000000 -0.00000000 -0.10000000
vn -0.00000000 -0.10000000 0.00000000
vn -0.00000000 -0.10000000 0.00000000
vn -0.10000000 0.00000000 0.00000000
vn -0.00000000 -0.00000000 -0.10000000
vn 0.00000000 0.10000000 -0.00000000
vn -0.00000000 -0.00000000 -0.10000000
vn -0.10000000 0.00000000 0.00000000
vn -0.00000000 -0.00000000 -0.10000000
vn -0.10000000 0.00000000 0.00000000
vn 0.00000000 0.10000000 -0.00000000
vn -0.00000000 -0.10000000 0.00000000
vn 0.10000000 -0.00000000 -0.00000000
vn -0.00000000 -0.00000000 -0.10000000
vn 0.10000000 -0.00000000 -0.00000000
vn -0.00000000 -0.10000000 0.00000000
vn -0.00000000 -0.00000000 -0.10000000
vn 0.00000000 0.10000000 -0.00000000
vn 0.10000000 -0.00000000 -0.00000000
vn -0.00000000 -0.00000000 -0.10000000
vn 0.00000000 0.10000000 -0.00000000
vn -0.00000000 -0.00000000 -0.10000000
vn 0.10000000 -0.00000000 -0.00000000
vn -0.00000000 -0.00000000 -0.10000000
vn -0.00000000 -0.10000000 0.00000000
vn 0.10000000 -0.00000000 -0.00000000
vn -0.00000000 -0.10000000 0.00000000
vn 0.10000000 -0.00000000 -0.00000000
vn -0.00000000 -0.00000000 -0.10000000
vn -0.00000000 -0.00000000 -0.10000000
vn 0.10000000 -0.00000000 -0.00000000
vn 0.00000000 0.10000000 -0.00000000
vn 0.00000000 0.10000000 -0.00000000
vn -0.00000000 -0.00000000 -0.10000000
vn 0.10000000 -0.00000000 -0.00000000
vn 0.07071100 0.07071100 -0.00000000
vn 0.00000000 0.10000000 -0.00000000
vn 0.05773500 0.05773500 0.05773500
vn 0.00000000 0.07071100 0.07071100
vn -0.00000000 -0.00000000 -0.10000000
vn 0.07071100 0.07071100 -0.00000000
vn 0.00000000 0.10000000 -0.00000000
vn 0.00000000 0.07071100 0.07071100
vn 0.00000000 0.00000000 0.10000000
vn 0.07071100 -0.00000000 0.07071100
vn 0.05773500 0.05773500 0.05773500
vn -0.00000000 -0.07071100 0.07071100
vn 0.00000000 0.00000000 0.10000000
vn 0.07071100 -0.00000000 0.07071100
vn 0.05773500 -0.05773500 0.05773500
vn -0.00000000 -0.07071100 0.07071100
vn 0.07071100 -0.07071100 0.00000000
vn 0.05773500 -0.05773500 0.05773500
vn -0.00000000 -0.10000000 0.00000000
vn 0.07071100 -0.07071100 0.00000000
vn -0.00000000 -0.10000000 0.00000000
vn -0.00000000 -0.00000000 -0.10000000
vn -0.00000000 -0.00000000 -0.10000000
vn -0.10000000 0.00000000 0.00000000
vn -0.00000000 -0.10000000 0.00000000
vn -0.00000000 -0.10000000 0.00000000
vn -0.10000000 0.00000000 0.00000000
vn -0.00000000 -0.00000000 -0.10000000
vn 0.00000000 0.10000000 -0.00000000
vn -0.00000000 -0.00000000 -0.10000000
vn -0.10000000 0.00000000 0.00000000
vn 0.00000000 0.10000000 -0.00000000
vn -0.10000000 0.00000000 0.00000000
vn -0.00000000 -0.00000000 -0.10000000
vn -0.00000000 -0.00000000 -0.10000000
vn -0.00000000 -0.10000000 0.00000000
vn -0.10000000 0.00000000 0.00000000
vn -0.00000000 -0.00000000 -0.10000000
vn -0.00000000 -0.10000000 0.00000000
vn -0.10000000 0.00000000 0.00000000
vn 0.00000000 0.10000000 -0.00000000
vn -0.00000000 -0.00000000 -0.10000000
vn -0.10000000 0.00000000 0.00000000
vn -0.00000000 -0.00000000 -0.10000000
vn 0.00000000 0.10000000 -0.00000000
vn -0.10000000 0.00000000 0.00000000
vn 0.07071100 -0.00000000 0.07071100
vn 0.10000000 -0.00000000 -0.00000000
vn 0.05773500 0.05773500 0.05773500
vn 0.07071100 0.07071100 -0.00000000
vn 0.10000000 -0.00000000 -0.00000000
vn -0.00000000 -0.00000000 -0.10000000
vn 0.07071100 0.07071100 -0.00000000
vn 0.10000000 -0.00000000 -0.00000000
vn 0.07071100 -0.07071100 0.00000000
vn 0.05773500 -0.05773500 0.05773500
vn 0.07071100 -0.00000000 0.07071100
vn -0.00000000 -0.00000000 -0.10000000
vn 0.07071100 -0.07071100 0.00000000
vn 0.10000000 -0.00000000 -0.00000000
vn -0.07071100 0.00000000 -0.07071100
vn -0.05773500 -0.05773500 -0.05773500
vn -0.07071100 -0.07071100 -0.00000000
vn -0.10000000 0.00000000 -0.00000000
vn -0.00000000 -0.00000000 0.10000000
vn -0.07071100 -0.07071100 -0.00000000
vn -0.10000000 0.00000000 -0.00000000
vn -0.07071100 0.00000000 -0.07071100
vn -0.07071100 0.07071100 -0.00000000
vn -0.10000000 0.00000000 -0.00000000
vn -0.05773500 0.05773500 -0.05773500
vn -0.00000000 -0.00000000 0.10000000
vn -0.10000000 0.00000000 -0.00000000
vn -0.07071100 0.07071100 -0.00000000
vn -0.00000000 -0.00000000 0.10000000
vn 0.00000000 0.10000000 0.00000000
vn 0.10000000 -0.00000000 0.00000000
vn 0.00000000 0.10000000 0.00000000
vn 0.10000000 -0.00000000 0.00000000
vn -0.00000000 -0.00000000 0.10000000
vn -0.00000000 -0.00000000 0.10000000
vn 0.10000000 -0.00000000 0.00000000
vn -0.00000000 -0.10000000 -0.00000000
vn 0.10000000 -0.00000000 0.00000000
vn -0.00000000 -0.00000000 0.10000000
vn -0.00000000 -0.10000000 -0.00000000
vn 0.10000000 -0.00000000 0.00000000
vn 0.00000000 0.10000000 0.00000000
vn -0.00000000 -0.00000000 0.10000000
vn 0.10000000 -0.00000000 0.00000000
vn -0.00000000 -0.00000000 0.10000000
vn 0.00000000 0.10000000 0.00000000
vn -0.00000000 -0.00000000 0.10000000
vn -0.00000000 -0.10000000 -0.00000000
vn 0.10000000 -0.00000000 0.00000000
vn -0.00000000 -0.00000000 0.10000000
vn -0.00000000 -0.10000000 -0.00000000
vn 0.10000000 -0.00000000 0.00000000
vn -0.07071100 -0.07071100 -0.00000000
vn -0.00000000 -0.10000000 -0.00000000
vn -0.05773500 -0.05773500 -0.05773500
vn -0.00000000 -0.07071100 -0.07071100
vn -0.00000000 -0.10000000 -0.00000000
vn -0.00000000 -0.00000000 0.10000000
vn -0.07071100 -0.07071100 -0.00000000
vn -0.07071100 0.00000000 -0.07071100
vn 0.00000000 0.00000000 -0.10000000
vn -0.00000000 -0.07071100 -0.07071100
vn -0.05773500 -0.05773500 -0.05773500
vn 0.00000000 0.00000000 -0.10000000
vn -0.07071100 0.00000000 -0.07071100
vn 0.00000000 0.07071100 -0.07071100
vn -0.05773500 0.05773500 -0.05773500
vn 0.00000000 0.10000000 0.00000000
vn 0.00000000 0.07071100 -0.07071100
vn -0.05773500 0.05773500 -0.05773500
vn -0.07071100 0.07071100 -0.00000000
vn -0.00000000 -0.00000000 0.10000000
vn -0.07071100 0.07071100 -0.00000000
vn 0.00000000 0.10000000 0.00000000
vn 0.00000000 0.10000000 0.00000000
vn -0.00000000 -0.00000000 0.10000000
vn -0.10000000 0.00000000 -0.00000000
vn 0.00000000 0.10000000 0.00000000
vn -0.10000000 0.00000000 -0.00000000
vn -0.00000000 -0.00000000 0.10000000
vn -0.00000000 -0.00000000 0.10000000
vn -0.10000000 0.00000000 -0.00000000
vn -0.00000000 -0.10000000 -0.00000000
vn -0.00000000 -0.10000000 -0.00000000
vn -0.10000000 0.00000000 -0.00000000
vn -0.00000000 -0.00000000 0.10000000
vn 0.00000000 0.10000000 0.00000000
vn -0.00000000 -0.00000000 0.10000000
vn -0.10000000 0.00000000 -0.00000000
vn -0.10000000 0.00000000 -0.00000000
vn 0.00000000 0.10000000 0.00000000
vn -0.00000000 -0.00000000 0.10000000
vn -0.00000000 -0.00000000 0.10000000
vn -0.10000000 0.00000000 -0.00000000
vn -0.00000000 -0.10000000 -0.00000000
vn -0.00000000 -0.10000000 -0.00000000
vn -0.00000000 -0.00000000 0.10000000
vn -0.10000000 0.00000000 -0.00000000
vn 0.10000000 -0.00000000 0.00000000
vn -0.00000000 -0.00000000 0.10000000
vn 0.00000000 0.10000000 0.00000000
vn 0.10000000 -0.00000000 0.00000000
vn 0.00000000 0.10000000 0.00000000
vn -0.00000000 -0.00000000 0.10000000
vn 0.10000000 -0.00000000 0.00000000
vn -0.00000000 -0.00000000 0.10000000
vn -0.00000000 -0.10000000 -0.00000000
vn -0.00000000 -0.10000000 -0.00000000
vn 0.10000000 -0.00000000 0.00000000
vn -0.00000000 -0.00000000 0.10000000
vn -0.00000000 -0.00000000 0.10000000
vn 0.00000000 0.10000000 0.00000000
vn 0.10000000 -0.00000000 0.00000000
vn 0.10000000 -0.00000000 0.00000000
vn 0.00000000 0.10000000 0.00000000
vn -0.00000000 -0.00000000 0.10000000
vn 0.10000000 -0.00000000 0.00000000
vn -0.00000000 -0.00000000 0.10000000
vn -0.00000000 -0.10000000 -0.00000000
vn -0.00000000 -0.00000000 0.10000000
vn -0.00000000 -0.10000000 -0.00000000
vn 0.10000000 -0.00000000 0.00000000
vn -0.00000000 -0.10000000 -0.00000000
vn -0.00000000 -0.07071100 -0.07071100
vn 0.07071100 -0.07071100 0.00000000
vn 0.05773500 -0.05773500 -0.05773500
vn 0.07071100 -0.07071100 0.00000000
vn -0.00000000 -0.00000000 0.10000000
vn -0.00000000 -0.10000000 -0.00000000
vn 0.00000000 0.00000000 -0.10000000
vn 0.07071100 -0.00000000 -0.07071100
vn 0.05773500 -0.05773500 -0.05773500
vn -0.00000000 -0.07071100 -0.07071100
vn 0.07071100 -0.00000000 -0.07071100
vn 0.05773500 0.05773500 -0.05773500
vn 0.00000000 0.07071100 -0.07071100
vn 0.00000000 0.00000000 -0.10000000
vn 0.07071100 0.07071100 0.00000000
vn 0.00000000 0.07071100 -0.07071100
vn 0.00000000 0.10000000 0.00000000
vn 0.05773500 0.05773500 -0.05773500
vn -0.00000000 -0.00000000 0.10000000
vn 0.00000000 0.10000000 0.00000000
vn 0.07071100 0.07071100 0.00000000
vn 0.00000000 0.10000000 0.00000000
vn -0.10000000 0.00000000 -0.00000000
vn -0.00000000 -0.00000000 0.10000000
vn -0.00000000 -0.00000000 0.10000000
vn 0.00000000 0.10000000 0.00000000
vn -0.10000000 0.00000000 -0.00000000
vn -0.00000000 -0.00000000 0.10000000
vn -0.10000000 0.00000000 -0.00000000
vn -0.00000000 -0.10000000 -0.00000000
vn -0.10000000 0.00000000 -0.00000000
vn -0.00000000 -0.00000000 0.10000000
vn -0.00000000 -0.10000000 -0.00000000
vn 0.00000000 0.10000000 0.00000000
vn -0.10000000 0.00000000 -0.00000000
vn -0.00000000 -0.00000000 0.10000000
vn 0.00000000 0.10000000 0.00000000
vn -0.00000000 -0.00000000 0.10000000
vn -0.10000000 0.00000000 -0.00000000
vn -0.10000000 0.00000000 -0.00000000
vn -0.00000000 -0.00000000 0.10000000
vn -0.00000000 -0.10000000 -0.00000000
vn -0.00000000 -0.10000000 -0.00000000
vn -0.10000000 0.00000000 -0.00000000
vn -0.00000000 -0.00000000 0.10000000
vn 0.07071100 -0.00000000 -0.07071100
vn 0.07071100 -0.07071100 0.00000000
vn 0.10000000 -0.00000000 0.00000000
vn 0.05773500 -0.05773500 -0.05773500
vn 0.10000000 -0.00000000 0.00000000
vn 0.07071100 -0.07071100 0.00000000
vn -0.00000000 -0.00000000 0.10000000
vn 0.10000000 -0.00000000 0.00000000
vn 0.05773500 0.05773500 -0.05773500
vn 0.07071100 0.07071100 0.00000000
vn 0.07071100 -0.00000000 -0.07071100
vn 0.07071100 0.07071100 0.00000000
vn -0.00000000 -0.00000000 0.10000000
vn 0.10000000 -0.00000000 0.00000000
vn -0.07071100 -0.07071100 0.00000000
vn 0.00000000 0.00000000 -0.10000000
vn -0.10000000 0.00000000 0.00000000
vn -0.10000000 0.00000000 0.00000000
vn 0.00000000 0.00000000 0.10000000
vn -0.07071100 -0.07071100 0.00000000
vn 0.00000000 0.00000000 -0.10000000
vn -0.10000000 0.00000000 0.00000000
vn -0.07071100 0.07071100 0.00000000
vn -0.07071100 0.07071100 0.00000000
vn 0.00000000 0.00000000 0.10000000
vn -0.10000000 0.00000000 0.00000000
vn -0.07071100 -0.07071100 0.00000000
vn 0.00000000 0.00000000 -0.10000000
vn 0.00000000 -0.10000000 0.00000000
vn -0.07071100 -0.07071100 0.00000000
vn 0.00000000 0.00000000 0.10000000
vn 0.00000000 -0.10000000 0.00000000
vn 0.00000000 0.00000000 0.10000000
vn -0.10000000 0.00000000 0.00000000
vn -0.10000000 0.00000000 0.00000000
vn -0.10000000 0.00000000 0.00000000
vn -0.10000000 0.00000000 0.00000000
vn 0.00000000 0.00000000 0.10000000
vn 0.00000000 0.00000000 0.10000000
vn -0.10000000 0.00000000 0.00000000
vn -0.10000000 0.00000000 0.00000000
vn 0.00000000 0.00000000 0.10000000
vn -0.10000000 0.00000000 0.00000000
vn -0.10000000 0.00000000 0.00000000
vn -0.10000000 0.00000000 0.00000000
vn -0.10000000 0.00000000 0.00000000
vn 0.00000000 0.00000000 0.10000000
vn -0.10000000 0.00000000 0.00000000
vn 0.00000000 0.00000000 0.10000000
vn -0.10000000 0.00000000 0.00000000
vn -0.10000000 0.00000000 0.00000000
vn 0.00000000 0.00000000 0.10000000
vn -0.10000000 0.00000000 0.00000000
vn 0.00000000 0.00000000 0.10000000
vn -0.10000000 0.00000000 0.00000000
vn -0.10000000 0.00000000 0.00000000
vn 0.00000000 0.00000000 -0.10000000
vn 0.00000000 0.10000000 0.00000000
vn -0.07071100 0.07071100 0.00000000
vn 0.00000000 0.00000000 0.10000000
vn -0.07071100 0.07071100 0.00000000
vn 0.00000000 0.10000000 0.00000000
vn 0.00000000 0.00000000 0.10000000
vn -0.08660300 -0.05000000 0.00000000
vn 0.00000000 0.00000000 0.10000000
vn -0.08660300 -0.05000000 0.00000000
vn 0.00000000 0.00000000 0.10000000
vn -0.08660300 0.05000000 0.00000000
vn -0.08660300 0.05000000 0.00000000
vn 0.00000000 0.00000000 0.10000000
vn 0.00000000 0.00000000 0.10000000
vn -0.08660300 -0.05000000 0.00000000
vn 0.00000000 0.00000000 0.10000000
vn -0.08660300 -0.05000000 0.00000000
vn 0.00000000 0.00000000 0.10000000
vn -0.08660300 0.05000000 0.00000000
vn 0.00000000 0.00000000 0.10000000
vn -0.08660300 0.05000000 0.00000000
vn -0.05000000 -0.08660300 0.00000000
vn 0.00000000 0.00000000 0.10000000
vn 0.00000000 0.00000000 0.10000000
vn -0.05000000 -0.08660300 0.00000000
vn 0.00000000 0.00000000 0.10000000
vn -0.05000000 0.08660300 0.00000000
vn -0.05000000 0.08660300 0.00000000
vn 0.00000000 0.00000000 0.10000000
vn -0.05000000 -0.08660300 0.00000000
vn 0.00000000 0.00000000 0.10000000
vn 0.00000000 0.00000000 0.10000000
vn -0.05000000 -0.08660300 0.00000000
vn -0.05000000 0.08660300 0.00000000
vn 0.00000000 0.00000000 0.10000000
vn 0.00000000 0.00000000 0.10000000
vn -0.05000000 0.08660300 0.00000000
vn 0.00000000 -0.10000000 0.00000000
vn 0.00000000 0.00000000 0.10000000
vn 0.00000000 -0.10000000 0.00000000
vn 0.00000000 -0.10000000 0.00000000
vn 0.00000000 -0.10000000 0.00000000
vn 0.00000000 0.00000000 0.10000000
vn 0.00000000 0.00000000 0.10000000
vn 0.00000000 0.10000000 0.00000000
vn 0.00000000 0.10000000 0.00000000
vn 0.00000000 0.10000000 0.00000000
vn 0.00000000 0.10000000 0.00000000
vn 0.00000000 0.00000000 0.10000000
vn 0.00000000 0.00000000 0.10000000
vn 0.00000000 -0.10000000 0.00000000
vn 0.00000000 -0.10000000 0.00000000
vn 0.00000000 0.00000000 0.10000000
vn 0.00000000 -0.10000000 0.00000000
vn 0.00000000 -0.10000000 0.00000000
vn 0.00000000 0.10000000 0.00000000
vn 0.00000000 0.00000000 0.10000000
vn 0.00000000 0.10000000 0.00000000
vn 0.00000000 0.10000000 0.00000000
vn 0.00000000 0.00000000 0.10000000
vn 0.00000000 0.10000000 0.00000000
vn 0.00000000 -0.10000000 0.00000000
vn 0.00000000 -0.10000000 0.00000000
vn 0.00000000 0.00000000 0.10000000
vn 0.00000000 0.00000000 0.10000000
vn 0.00000000 -0.10000000 0.00000000
vn 0.00000000 -0.10000000 0.00000000
vn 0.00000000 0.10000000 0.00000000
vn 0.00000000 0.00000000 0.10000000
vn 0.00000000 0.10000000 0.00000000
vn 0.00000000 0.10000000 0.00000000
vn 0.00000000 0.10000000 0.00000000
vn 0.00000000 0.00000000 0.10000000
vn 0.00000000 0.00000000 0.10000000
vn 0.00000000 -0.10000000 0.00000000
vn 0.00000000 -0.10000000 0.00000000
vn 0.00000000 -0.10000000 0.00000000
vn 0.00000000 0.00000000 0.10000000
vn 0.00000000 -0.10000000 0.00000000
vn 0.00000000 0.00000000 0.10000000
vn 0.00000000 0.10000000 0.00000000
vn 0.00000000 0.10000000 0.00000000
vn 0.00000000 0.10000000 0.00000000
vn 0.00000000 0.10000000 0.00000000
vn 0.00000000 0.00000000 0.10000000
vn 0.05000000 -0.08660300 0.00000000
vn 0.00000000 0.00000000 0.10000000
vn 0.00000000 0.00000000 0.10000000
vn 0.05000000 -0.08660300 0.00000000
vn 0.05000000 0.08660300 0.00000000
vn 0.00000000 0.00000000 0.10000000
vn 0.05000000 0.08660300 0.00000000
vn 0.00000000 0.00000000 0.10000000
vn 0.05000000 -0.08660300 0.00000000
vn 0.00000000 0.00000000 0.10000000
vn 0.05000000 -0.08660300 0.00000000
vn 0.00000000 0.00000000 0.10000000
vn 0.05000000 0.08660300 0.00000000
vn 0.00000000 0.00000000 0.10000000
vn 0.00000000 0.00000000 0.10000000
vn 0.05000000 0.08660300 0.00000000
vn 0.08660300 -0.05000000 0.00000000
vn 0.00000000 0.00000000 0.10000000
vn 0.08660300 -0.05000000 0.00000000
vn 0.00000000 0.00000000 0.10000000
vn 0.00000000 0.00000000 0.10000000
vn 0.08660300 0.05000000 0.00000000
vn 0.08660300 0.05000000 0.00000000
vn 0.00000000 0.00000000 0.10000000
vn 0.00000000 0.00000000 0.10000000
vn 0.08660300 -0.05000000 0.00000000
vn 0.00000000 0.00000000 0.10000000
vn 0.08660300 -0.05000000 0.00000000
vn 0.08660300 0.05000000 0.00000000
vn 0.00000000 0.00000000 0.10000000
vn 0.08660300 0.05000000 0.00000000
vn 0.00000000 0.00000000 0.10000000
vn 0.00000000 0.00000000 0.10000000
vn 0.10000000 0.00000000 0.00000000
vn 0.10000000 0.00000000 0.00000000
vn 0.10000000 0.00000000 0.00000000
vn 0.00000000 0.00000000 0.10000000
vn 0.10000000 0.00000000 0.00000000
vn 0.00000000 0.00000000 0.10000000
vn 0.10000000 0.00000000 0.00000000
vn 0.10000000 0.00000000 0.00000000
vn 0.10000000 0.00000000 0.00000000
vn 0.10000000 0.00000000 0.00000000
vn 0.00000000 0.00000000 0.10000000
vn 0.10000000 0.00000000 0.00000000
vn 0.00000000 0.00000000 0.10000000
vn 0.10000000 0.00000000 0.00000000
vn 0.10000000 0.00000000 0.00000000
vn 0.10000000 0.00000000 0.00000000
vn 0.00000000 0.00000000 0.10000000
vn 0.10000000 0.00000000 0.00000000
vn 0.10000000 0.00000000 0.00000000
vn 0.00000000 0.00000000 0.10000000
vn 0.10000000 0.00000000 0.00000000
vn 0.00000000 0.00000000 0.10000000
vn 0.10000000 0.00000000 0.00000000
vn 0.00000000 0.00000000 0.10000000
vn -0.10000000 0.00000000 0.00000000
vn -0.10000000 0.00000000 0.00000000
vn -0.10000000 0.00000000 0.00000000
vn -0.10000000 0.00000000 0.00000000
vn 0.00000000 0.00000000 0.10000000
vn 0.00000000 0.00000000 0.10000000
vn -0.10000000 0.00000000 0.00000000
vn -0.10000000 0.00000000 0.00000000
vn 0.00000000 0.00000000 0.10000000
vn -0.10000000 0.00000000 0.00000000
vn -0.10000000 0.00000000 0.00000000
vn -0.10000000 0.00000000 0.00000000
vn -0.10000000 0.00000000 0.00000000
vn 0.00000000 0.00000000 0.10000000
vn -0.10000000 0.00000000 0.00000000
vn -0.10000000 0.00000000 0.00000000
vn 0.00000000 0.00000000 0.10000000
vn -0.10000000 0.00000000 0.00000000
vn 0.00000000 0.00000000 0.10000000
vn -0.10000000 0.00000000 0.00000000
vn 0.00000000 0.00000000 0.10000000
vn -0.10000000 0.00000000 0.00000000
vn -0.10000000 0.00000000 0.00000000
vn -0.08660300 -0.05000000 0.00000000
vn 0.00000000 0.00000000 0.10000000
vn -0.08660300 -0.05000000 0.00000000
vn 0.00000000 0.00000000 0.10000000
vn -0.08660300 0.05000000 0.00000000
vn 0.00000000 0.00000000 0.10000000
vn -0.08660300 0.05000000 0.00000000
vn 0.00000000 0.00000000 0.10000000
vn -0.08660300 -0.05000000 0.00000000
vn 0.00000000 0.00000000 0.10000000
vn -0.08660300 -0.05000000 0.00000000
vn 0.00000000 0.00000000 0.10000000
vn 0.00000000 0.00000000 0.10000000
vn -0.08660300 0.05000000 0.00000000
vn -0.08660300 0.05000000 0.00000000
vn 0.00000000 0.00000000 0.10000000
vn -0.05000000 -0.08660300 0.00000000
vn 0.00000000 0.00000000 0.10000000
vn 0.00000000 0.00000000 0.10000000
vn -0.05000000 -0.08660300 0.00000000
vn -0.05000000 0.08660300 0.00000000
vn 0.00000000 0.00000000 0.10000000
vn 0.00000000 0.00000000 0.10000000
vn -0.05000000 0.08660300 0.00000000
vn 0.00000000 0.00000000 0.10000000
vn -0.05000000 -0.08660300 0.00000000
vn -0.05000000 -0.08660300 0.00000000
vn 0.00000000 0.00000000 0.10000000
vn 0.00000000 0.00000000 0.10000000
vn -0.05000000 0.08660300 0.00000000
vn -0.05000000 0.08660300 0.00000000
vn 0.00000000 0.00000000 0.10000000
vn 0.00000000 -0.10000000 0.00000000
vn 0.00000000 -0.10000000 0.00000000
vn 0.00000000 0.00000000 0.10000000
vn 0.00000000 -0.10000000 0.00000000
vn 0.00000000 -0.10000000 0.00000000
vn 0.00000000 0.00000000 0.10000000
vn 0.00000000 0.00000000 0.10000000
vn 0.00000000 0.10000000 0.00000000
vn 0.00000000 0.10000000 0.00000000
vn 0.00000000 0.00000000 0.10000000
vn 0.00000000 0.10000000 0.00000000
vn 0.00000000 0.10000000 0.00000000
vn 0.00000000 -0.10000000 0.00000000
vn 0.00000000 -0.10000000 0.00000000
vn 0.00000000 0.00000000 0.10000000
vn 0.00000000 -0.10000000 0.00000000
vn 0.00000000 -0.10000000 0.00000000
vn 0.00000000 0.00000000 0.10000000
vn 0.00000000 0.10000000 0.00000000
vn 0.00000000 0.10000000 0.00000000
vn 0.00000000 0.00000000 0.10000000
vn 0.00000000 0.10000000 0.00000000
vn 0.00000000 0.10000000 0.00000000
vn 0.00000000 0.00000000 0.10000000
vn 0.00000000 -0.10000000 0.00000000
vn 0.00000000 -0.10000000 0.00000000
vn 0.00000000 0.00000000 0.10000000
vn 0.00000000 0.00000000 0.10000000
vn 0.00000000 -0.10000000 0.00000000
vn 0.00000000 -0.10000000 0.00000000
vn 0.00000000 0.00000000 0.10000000
vn 0.00000000 0.10000000 0.00000000
vn 0.00000000 0.10000000 0.00000000
vn 0.00000000 0.10000000 0.00000000
vn 0.00000000 0.10000000 0.00000000
vn 0.00000000 0.00000000 0.10000000
vn 0.00000000 0.00000000 0.10000000
vn 0.00000000 -0.10000000 0.00000000
vn 0.00000000 -0.10000000 0.00000000
vn 0.00000000 -0.10000000 0.00000000
vn 0.00000000 -0.10000000 0.00000000
vn 0.00000000 0.00000000 0.10000000
vn 0.00000000 0.10000000 0.00000000
vn 0.00000000 0.00000000 0.10000000
vn 0.00000000 0.10000000 0.00000000
vn 0.00000000 0.10000000 0.00000000
vn 0.00000000 0.10000000 0.00000000
vn 0.00000000 0.00000000 0.10000000
vn 0.00000000 0.00000000 0.10000000
vn 0.05000000 -0.08660300 0.00000000
vn 0.05000000 -0.08660300 0.00000000
vn 0.00000000 0.00000000 0.10000000
vn 0.05000000 0.08660300 0.00000000
vn 0.00000000 0.00000000 0.10000000
vn 0.05000000 0.08660300 0.00000000
vn 0.00000000 0.00000000 0.10000000
vn 0.00000000 0.00000000 0.10000000
vn 0.05000000 -0.08660300 0.00000000
vn 0.05000000 -0.08660300 0.00000000
vn 0.00000000 0.00000000 0.10000000
vn 0.05000000 0.08660300 0.00000000
vn 0.00000000 0.00000000 0.10000000
vn 0.05000000 0.08660300 0.00000000
vn 0.00000000 0.00000000 0.10000000
vn 0.00000000 0.00000000 0.10000000
vn 0.08660300 -0.05000000 0.00000000
vn 0.00000000 0.00000000 0.10000000
vn 0.08660300 -0.05000000 0.00000000
vn 0.08660300 0.05000000 0.00000000
vn 0.00000000 0.00000000 0.10000000
vn 0.08660300 0.05000000 0.00000000
vn 0.00000000 0.00000000 0.10000000
vn 0.08660300 -0.05000000 0.00000000
vn 0.00000000 0.00000000 0.10000000
vn 0.08660300 -0.05000000 0.00000000
vn 0.00000000 0.00000000 0.10000000
vn 0.00000000 0.00000000 0.10000000
vn 0.08660300 0.05000000 0.00000000
vn 0.00000000 0.00000000 0.10000000
vn 0.08660300 0.05000000 0.00000000
vn 0.00000000 0.00000000 -0.10000000
vn 0.00000000 -0.10000000 0.00000000
vn 0.07071100 -0.07071100 0.00000000
vn 0.00000000 -0.10000000 0.00000000
vn 0.00000000 0.00000000 0.10000000
vn 0.07071100 -0.07071100 0.00000000
vn 0.10000000 0.00000000 0.00000000
vn 0.00000000 0.00000000 0.10000000
vn 0.10000000 0.00000000 0.00000000
vn 0.10000000 0.00000000 0.00000000
vn 0.10000000 0.00000000 0.00000000
vn 0.00000000 0.00000000 0.10000000
vn 0.10000000 0.00000000 0.00000000
vn 0.10000000 0.00000000 0.00000000
vn 0.00000000 0.00000000 0.10000000
vn 0.10000000 0.00000000 0.00000000
vn 0.10000000 0.00000000 0.00000000
vn 0.00000000 0.00000000 0.10000000
vn 0.00000000 0.00000000 0.10000000
vn 0.10000000 0.00000000 0.00000000
vn 0.10000000 0.00000000 0.00000000
vn 0.00000000 0.00000000 0.10000000
vn 0.10000000 0.00000000 0.00000000
vn 0.10000000 0.00000000 0.00000000
vn 0.10000000 0.00000000 0.00000000
vn 0.10000000 0.00000000 0.00000000
vn 0.00000000 0.00000000 0.10000000
vn 0.10000000 0.00000000 0.00000000
vn 0.10000000 0.00000000 0.00000000
vn 0.00000000 0.00000000 0.10000000
vn 0.07071100 0.07071100 0.00000000
vn 0.00000000 0.10000000 0.00000000
vn 0.00000000 0.00000000 -0.10000000
vn 0.00000000 0.00000000 0.10000000
vn 0.00000000 0.10000000 0.00000000
vn 0.07071100 0.07071100 0.00000000
vn 0.07071100 -0.07071100 0.00000000
vn 0.10000000 0.00000000 0.00000000
vn 0.00000000 0.00000000 -0.10000000
vn 0.10000000 0.00000000 0.00000000
vn 0.07071100 -0.07071100 0.00000000
vn 0.00000000 0.00000000 0.10000000
vn 0.10000000 0.00000000 0.00000000
vn 0.07071100 0.07071100 0.00000000
vn 0.00000000 0.00000000 -0.10000000
vn 0.00000000 0.00000000 0.10000000
vn 0.10000000 0.00000000 0.00000000
vn 0.07071100 0.07071100 0.00000000
vn 0.10000000 0.00000000 0.00000000
vn 0.00000000 0.00000000 0.10000000
vn 0.07071100 -0.07071100 -0.00000000
vn 0.00000000 0.00000000 -0.10000000
vn 0.07071100 -0.07071100 -0.00000000
vn 0.10000000 0.00000000 0.00000000
vn 0.00000000 0.00000000 0.10000000
vn 0.10000000 0.00000000 0.00000000
vn 0.07071100 0.07071100 0.00000000
vn 0.10000000 0.00000000 0.00000000
vn 0.00000000 0.00000000 -0.10000000
vn 0.07071100 0.07071100 0.00000000
vn 0.00000000 0.00000000 0.10000000
vn 0.07071100 -0.07071100 -0.00000000
vn 0.00000000 -0.10000000 0.00000000
vn 0.07071100 -0.07071100 -0.00000000
vn 0.00000000 0.00000000 -0.10000000
vn 0.00000000 -0.10000000 0.00000000
vn 0.00000000 0.00000000 -0.10000000
vn 0.10000000 0.00000000 0.00000000
vn 0.10000000 0.00000000 0.00000000
vn 0.10000000 0.00000000 0.00000000
vn 0.10000000 0.00000000 0.00000000
vn 0.00000000 0.00000000 -0.10000000
vn 0.00000000 0.00000000 -0.10000000
vn 0.10000000 0.00000000 0.00000000
vn 0.10000000 0.00000000 0.00000000
vn 0.10000000 0.00000000 0.00000000
vn 0.10000000 0.00000000 0.00000000
vn 0.00000000 0.00000000 -0.10000000
vn 0.00000000 0.00000000 -0.10000000
vn 0.10000000 0.00000000 0.00000000
vn 0.10000000 0.00000000 0.00000000
vn 0.10000000 0.00000000 0.00000000
vn 0.10000000 0.00000000 0.00000000
vn 0.00000000 0.00000000 -0.10000000
vn 0.10000000 0.00000000 0.00000000
vn 0.10000000 0.00000000 0.00000000
vn 0.00000000 0.00000000 -0.10000000
vn 0.00000000 0.00000000 -0.10000000
vn 0.10000000 0.00000000 0.00000000
vn 0.10000000 0.00000000 0.00000000
vn 0.00000000 0.10000000 0.00000000
vn 0.00000000 0.00000000 0.10000000
vn 0.07071100 0.07071100 0.00000000
vn 0.00000000 0.00000000 -0.10000000
vn 0.07071100 0.07071100 0.00000000
vn 0.00000000 0.10000000 0.00000000
vn 0.08660300 -0.05000000 -0.00000000
vn 0.00000000 0.00000000 -0.10000000
vn 0.00000000 0.00000000 -0.10000000
vn 0.08660300 -0.05000000 -0.00000000
vn 0.08660300 0.05000000 0.00000000
vn 0.00000000 0.00000000 -0.10000000
vn 0.00000000 0.00000000 -0.10000000
vn 0.08660300 0.05000000 0.00000000
vn 0.08660300 -0.05000000 -0.00000000
vn 0.00000000 0.00000000 -0.10000000
vn 0.08660300 -0.05000000 -0.00000000
vn 0.00000000 0.00000000 -0.10000000
vn 0.00000000 0.00000000 -0.10000000
vn 0.08660300 0.05000000 0.00000000
vn 0.00000000 0.00000000 -0.10000000
vn 0.08660300 0.05000000 0.00000000
vn 0.00000000 0.00000000 -0.10000000
vn 0.05000000 -0.08660300 -0.00000000
vn 0.05000000 -0.08660300 -0.00000000
vn 0.00000000 0.00000000 -0.10000000
vn 0.00000000 0.00000000 -0.10000000
vn 0.05000000 0.08660300 0.00000000
vn 0.05000000 0.08660300 0.00000000
vn 0.00000000 0.00000000 -0.10000000
vn 0.05000000 -0.08660300 -0.00000000
vn 0.00000000 0.00000000 -0.10000000
vn 0.00000000 0.00000000 -0.10000000
vn 0.05000000 -0.08660300 -0.00000000
vn 0.05000000 0.08660300 0.00000000
vn 0.00000000 0.00000000 -0.10000000
vn 0.00000000 0.00000000 -0.10000000
vn 0.05000000 0.08660300 0.00000000
vn 0.00000000 -0.10000000 0.00000000
vn 0.00000000 -0.10000000 0.00000000
vn 0.00000000 0.00000000 -0.10000000
vn 0.00000000 0.00000000 -0.10000000
vn 0.00000000 -0.10000000 0.00000000
vn 0.00000000 -0.10000000 0.00000000
vn 0.00000000 0.10000000 0.00000000
vn 0.00000000 0.10000000 0.00000000
vn 0.00000000 0.00000000 -0.10000000
vn 0.00000000 0.00000000 -0.10000000
vn 0.00000000 0.10000000 0.00000000
vn 0.00000000 0.10000000 0.00000000
vn 0.00000000 -0.10000000 0.00000000
vn 0.00000000 -0.10000000 0.00000000
vn 0.00000000 0.00000000 -0.10000000
vn 0.00000000 0.00000000 -0.10000000
vn 0.00000000 -0.10000000 0.00000000
vn 0.00000000 -0.10000000 0.00000000
vn 0.00000000 0.10000000 0.00000000
vn 0.00000000 0.00000000 -0.10000000
vn 0.00000000 0.10000000 0.00000000
vn 0.00000000 0.10000000 0.00000000
vn 0.00000000 0.00000000 -0.10000000
vn 0.00000000 0.10000000 0.00000000
vn 0.00000000 -0.10000000 0.00000000
vn 0.00000000 0.00000000 -0.10000000
vn 0.00000000 -0.10000000 0.00000000
vn 0.00000000 -0.10000000 0.00000000
vn 0.00000000 0.00000000 -0.10000000
vn 0.00000000 -0.10000000 0.00000000
vn 0.00000000 0.10000000 0.00000000
vn 0.00000000 0.00000000 -0.10000000
vn 0.00000000 0.10000000 0.00000000
vn 0.00000000 0.10000000 0.00000000
vn 0.00000000 0.10000000 0.00000000
vn 0.00000000 0.00000000 -0.10000000
vn 0.00000000 0.00000000 -0.10000000
vn 0.00000000 -0.10000000 0.00000000
vn 0.00000000 -0.10000000 0.00000000
vn 0.00000000 0.00000000 -0.10000000
vn 0.00000000 -0.10000000 0.00000000
vn 0.00000000 -0.10000000 0.00000000
vn 0.00000000 0.10000000 0.00000000
vn 0.00000000 0.10000000 0.00000000
vn 0.00000000 0.00000000 -0.10000000
vn 0.00000000 0.00000000 -0.10000000
vn 0.00000000 0.10000000 0.00000000
vn 0.00000000 0.10000000 0.00000000
vn 0.00000000 0.00000000 -0.10000000
vn -0.05000000 -0.08660300 0.00000000
vn -0.05000000 -0.08660300 0.00000000
vn 0.00000000 0.00000000 -0.10000000
vn 0.00000000 0.00000000 -0.10000000
vn -0.05000000 0.08660300 0.00000000
vn 0.00000000 0.00000000 -0.10000000
vn -0.05000000 0.08660300 0.00000000
vn -0.05000000 -0.08660300 0.00000000
vn 0.00000000 0.00000000 -0.10000000
vn -0.05000000 -0.08660300 0.00000000
vn 0.00000000 0.00000000 -0.10000000
vn 0.00000000 0.00000000 -0.10000000
vn -0.05000000 0.08660300 0.00000000
vn 0.00000000 0.00000000 -0.10000000
vn -0.05000000 0.08660300 0.00000000
vn -0.08660300 -0.05000000 0.00000000
vn 0.00000000 0.00000000 -0.10000000
vn 0.00000000 0.00000000 -0.10000000
vn -0.08660300 -0.05000000 0.00000000
vn -0.08660300 0.05000000 0.00000000
vn 0.00000000 0.00000000 -0.10000000
vn -0.08660300 0.05000000 0.00000000
vn 0.00000000 0.00000000 -0.10000000
vn 0.00000000 0.00000000 -0.10000000
vn -0.08660300 -0.05000000 0.00000000
vn 0.00000000 0.00000000 -0.10000000
vn -0.08660300 -0.05000000 0.00000000
vn -0.08660300 0.05000000 0.00000000
vn 0.00000000 0.00000000 -0.10000000
vn -0.08660300 0.05000000 0.00000000
vn 0.00000000 0.00000000 -0.10000000
vn -0.10000000 0.00000000 0.00000000
vn -0.10000000 0.00000000 0.00000000
vn 0.00000000 0.00000000 -0.10000000
vn -0.10000000 0.00000000 0.00000000
vn -0.10000000 0.00000000 0.00000000
vn 0.00000000 0.00000000 -0.10000000
vn -0.10000000 0.00000000 0.00000000
vn -0.10000000 0.00000000 0.00000000
vn 0.00000000 0.00000000 -0.10000000
vn -0.10000000 0.00000000 0.00000000
vn 0.00000000 0.00000000 -0.10000000
vn -0.10000000 0.00000000 0.00000000
vn -0.10000000 0.00000000 0.00000000
vn 0.00000000 0.00000000 -0.10000000
vn -0.10000000 0.00000000 0.00000000
vn -0.10000000 0.00000000 0.00000000
vn 0.00000000 0.00000000 -0.10000000
vn -0.10000000 0.00000000 0.00000000
vn 0.00000000 0.00000000 -0.10000000
vn -0.10000000 0.00000000 0.00000000
vn -0.10000000 0.00000000 0.00000000
vn -0.10000000 0.00000000 0.00000000
vn -0.10000000 0.00000000 0.00000000
vn 0.00000000 0.00000000 -0.10000000
vn 0.10000000 0.00000000 0.00000000
vn 0.00000000 0.00000000 -0.10000000
vn 0.10000000 0.00000000 0.00000000
vn 0.10000000 0.00000000 0.00000000
vn 0.00000000 0.00000000 -0.10000000
vn 0.10000000 0.00000000 0.00000000
vn 0.10000000 0.00000000 0.00000000
vn 0.00000000 0.00000000 -0.10000000
vn 0.10000000 0.00000000 0.00000000
vn 0.00000000 0.00000000 -0.10000000
vn 0.10000000 0.00000000 0.00000000
vn 0.10000000 0.00000000 0.00000000
vn 0.10000000 0.00000000 0.00000000
vn 0.10000000 0.00000000 0.00000000
vn 0.00000000 0.00000000 -0.10000000
vn 0.00000000 0.00000000 -0.10000000
vn 0.10000000 0.00000000 0.00000000
vn 0.10000000 0.00000000 0.00000000
vn 0.10000000 0.00000000 0.00000000
vn 0.10000000 0.00000000 0.00000000
vn 0.00000000 0.00000000 -0.10000000
vn 0.10000000 0.00000000 0.00000000
vn 0.00000000 0.00000000 -0.10000000
vn 0.10000000 0.00000000 0.00000000
vn 0.00000000 0.00000000 -0.10000000
vn 0.08660300 -0.05000000 -0.00000000
vn 0.08660300 -0.05000000 -0.00000000
vn 0.00000000 0.00000000 -0.10000000
vn 0.00000000 0.00000000 -0.10000000
vn 0.08660300 0.05000000 0.00000000
vn 0.00000000 0.00000000 -0.10000000
vn 0.08660300 0.05000000 0.00000000
vn 0.00000000 0.00000000 -0.10000000
vn 0.08660300 -0.05000000 -0.00000000
vn 0.08660300 -0.05000000 -0.00000000
vn 0.00000000 0.00000000 -0.10000000
vn 0.08660300 0.05000000 0.00000000
vn 0.00000000 0.00000000 -0.10000000
vn 0.08660300 0.05000000 0.00000000
vn 0.00000000 0.00000000 -0.10000000
vn 0.05000000 -0.08660300 -0.00000000
vn 0.00000000 0.00000000 -0.10000000
vn 0.05000000 -0.08660300 -0.00000000
vn 0.00000000 0.00000000 -0.10000000
vn 0.05000000 0.08660300 0.00000000
vn 0.00000000 0.00000000 -0.10000000
vn 0.05000000 0.08660300 0.00000000
vn 0.00000000 0.00000000 -0.10000000
vn 0.00000000 0.00000000 -0.10000000
vn 0.05000000 -0.08660300 -0.00000000
vn 0.05000000 -0.08660300 -0.00000000
vn 0.00000000 0.00000000 -0.10000000
vn 0.00000000 0.00000000 -0.10000000
vn 0.05000000 0.08660300 0.00000000
vn 0.00000000 0.00000000 -0.10000000
vn 0.05000000 0.08660300 0.00000000
vn 0.00000000 -0.10000000 0.00000000
vn 0.00000000 0.00000000 -0.10000000
vn 0.00000000 -0.10000000 0.00000000
vn 0.00000000 -0.10000000 0.00000000
vn 0.00000000 0.00000000 -0.10000000
vn 0.00000000 -0.10000000 0.00000000
vn 0.00000000 0.10000000 0.00000000
vn 0.00000000 0.00000000 -0.10000000
vn 0.00000000 0.10000000 0.00000000
vn 0.00000000 0.10000000 0.00000000
vn 0.00000000 0.00000000 -0.10000000
vn 0.00000000 0.10000000 0.00000000
vn 0.00000000 -0.10000000 0.00000000
vn 0.00000000 -0.10000000 0.00000000
vn 0.00000000 0.00000000 -0.10000000
vn 0.00000000 0.00000000 -0.10000000
vn 0.00000000 -0.10000000 0.00000000
vn 0.00000000 -0.10000000 0.00000000
vn 0.00000000 0.00000000 -0.10000000
vn 0.00000000 0.10000000 0.00000000
vn 0.00000000 0.10000000 0.00000000
vn 0.00000000 0.10000000 0.00000000
vn 0.00000000 0.10000000 0.00000000
vn 0.00000000 0.00000000 -0.10000000
vn 0.00000000 0.00000000 -0.10000000
vn 0.00000000 -0.10000000 0.00000000
vn 0.00000000 -0.10000000 0.00000000
vn 0.00000000 -0.10000000 0.00000000
vn 0.00000000 -0.10000000 0.00000000
vn 0.00000000 0.00000000 -0.10000000
vn 0.00000000 0.10000000 0.00000000
vn 0.00000000 0.10000000 0.00000000
vn 0.00000000 0.00000000 -0.10000000
vn 0.00000000 0.10000000 0.00000000
vn 0.00000000 0.00000000 -0.10000000
vn 0.00000000 0.10000000 0.00000000
vn 0.00000000 0.00000000 -0.10000000
vn 0.00000000 -0.10000000 0.00000000
vn 0.00000000 -0.10000000 0.00000000
vn 0.00000000 -0.10000000 0.00000000
vn 0.00000000 -0.10000000 0.00000000
vn 0.00000000 0.00000000 -0.10000000
vn 0.00000000 0.10000000 0.00000000
vn 0.00000000 0.00000000 -0.10000000
vn 0.00000000 0.10000000 0.00000000
vn 0.00000000 0.10000000 0.00000000
vn 0.00000000 0.10000000 0.00000000
vn 0.00000000 0.00000000 -0.10000000
vn -0.05000000 -0.08660300 0.00000000
vn 0.00000000 0.00000000 -0.10000000
vn 0.00000000 0.00000000 -0.10000000
vn -0.05000000 -0.08660300 0.00000000
vn 0.00000000 0.00000000 -0.10000000
vn -0.05000000 0.08660300 0.00000000
vn -0.05000000 0.08660300 0.00000000
vn 0.00000000 0.00000000 -0.10000000
vn -0.05000000 -0.08660300 0.00000000
vn 0.00000000 0.00000000 -0.10000000
vn 0.00000000 0.00000000 -0.10000000
vn -0.05000000 -0.08660300 0.00000000
vn -0.05000000 0.08660300 0.00000000
vn 0.00000000 0.00000000 -0.10000000
vn -0.05000000 0.08660300 0.00000000
vn 0.00000000 0.00000000 -0.10000000
vn 0.00000000 0.00000000 -0.10000000
vn -0.08660300 -0.05000000 0.00000000
vn -0.08660300 -0.05000000 0.00000000
vn 0.00000000 0.00000000 -0.10000000
vn 0.00000000 0.00000000 -0.10000000
vn -0.08660300 0.05000000 0.00000000
vn -0.08660300 0.05000000 0.00000000
vn 0.00000000 0.00000000 -0.10000000
vn -0.08660300 -0.05000000 0.00000000
vn 0.00000000 0.00000000 -0.10000000
vn 0.00000000 0.00000000 -0.10000000
vn -0.08660300 -0.05000000 0.00000000
vn 0.00000000 0.00000000 -0.10000000
vn -0.08660300 0.05000000 0.00000000
vn -0.08660300 0.05000000 0.00000000
vn 0.00000000 0.00000000 -0.10000000
vn 0.00000000 0.00000000 0.10000000
vn 0.00000000 -0.10000000 0.00000000
vn -0.07071100 -0.07071100 0.00000000
vn 0.00000000 0.00000000 -0.10000000
vn -0.07071100 -0.07071100 0.00000000
vn 0.00000000 -0.10000000 0.00000000
vn -0.10000000 0.00000000 0.00000000
vn 0.00000000 0.00000000 -0.10000000
vn -0.10000000 0.00000000 0.00000000
vn 0.00000000 0.00000000 -0.10000000
vn -0.10000000 0.00000000 0.00000000
vn -0.10000000 0.00000000 0.00000000
vn -0.10000000 0.00000000 0.00000000
vn 0.00000000 0.00000000 -0.10000000
vn -0.10000000 0.00000000 0.00000000
vn 0.00000000 0.00000000 -0.10000000
vn -0.10000000 0.00000000 0.00000000
vn -0.10000000 0.00000000 0.00000000
vn -0.10000000 0.00000000 0.00000000
vn -0.10000000 0.00000000 0.00000000
vn 0.00000000 0.00000000 -0.10000000
vn -0.10000000 0.00000000 0.00000000
vn 0.00000000 0.00000000 -0.10000000
vn -0.10000000 0.00000000 0.00000000
vn -0.10000000 0.00000000 0.00000000
vn -0.10000000 0.00000000 0.00000000
vn 0.00000000 0.00000000 -0.10000000
vn 0.00000000 0.00000000 -0.10000000
vn -0.10000000 0.00000000 0.00000000
vn -0.10000000 0.00000000 0.00000000
vn 0.00000000 0.10000000 0.00000000
vn 0.00000000 0.00000000 0.10000000
vn -0.07071100 0.07071100 0.00000000
vn 0.00000000 0.10000000 0.00000000
vn 0.00000000 0.00000000 -0.10000000
vn -0.07071100 0.07071100 0.00000000
vn -0.10000000 0.00000000 0.00000000
vn -0.07071100 -0.07071100 0.00000000
vn 0.00000000 0.00000000 0.10000000
vn -0.10000000 0.00000000 0.00000000
vn 0.00000000 0.00000000 -0.10000000
vn -0.07071100 -0.07071100 0.00000000
vn -0.10000000 0.00000000 0.00000000
vn 0.00000000 0.00000000 0.10000000
vn -0.07071100 0.07071100 0.00000000
vn 0.00000000 0.00000000 -0.10000000
vn -0.07071100 0.07071100 0.00000000
vn -0.10000000 0.00000000 0.00000000
vt 0.21213200 -1.42500000
vt 0.30000000 3.05000000
vt 0.00000000 0.00000000
vt -3.05000000 0.21213200
vt 0.00000000 0.21213200
vt -3.45000000 -3.15000000
vt 0.30000000 0.00000000
vt 0.21213200 4.87500000
vt 6.60000000 3.05000000
vt 0.21213200 -0.36742300
vt -3.05000000 -0.21213200
vt -3.45000000 3.15000000
vt 0.00000000 -0.21213200
vt 6.60000000 0.00000000
vt 3.01000000 3.06000000
vt -3.16000000 -3.16000000
vt -0.01000000 3.06000000
vt -3.16000000 -3.16000000
vt -0.01000000 0.00000000
vt 3.01000000 0.00000000
vt -0.01000000 3.06000000
vt -3.16000000 -0.14000000
vt 3.01000000 3.06000000
vt -0.01000000 0.00000000
vt -3.16000000 -0.14000000
vt 3.01000000 0.00000000
vt -0.01000000 3.06000000
vt 3.01000000 3.06000000
vt -3.16000000 0.14000000
vt -0.01000000 0.00000000
vt -3.16000000 0.14000000
vt 3.01000000 0.00000000
vt -3.16000000 3.16000000
vt 3.01000000 3.06000000
vt -0.01000000 3.06000000
vt 3.01000000 0.00000000
vt -3.16000000 3.16000000
vt -0.01000000 0.00000000
vt -3.05000000 -0.21213200
vt -0.21213200 -0.36742300
vt 4.87500000 -0.21213200
vt 6.60000000 3.05000000
vt 6.60000000 0.00000000
vt -3.15000000 -3.45000000
vt 0.00000000 -0.21213200
vt 4.87500000 0.21213200
vt 3.15000000 -3.15000000
vt -0.21213200 -1.42500000
vt -0.42426400 0.00000000
vt -0.21213200 -0.36742300
vt 3.15000000 3.15000000
vt 1.42500000 -0.21213200
vt -0.21213200 4.87500000
vt 0.00000000 0.00000000
vt 1.42500000 0.21213200
vt 0.30000000 3.05000000
vt -3.05000000 0.21213200
vt 0.30000000 0.00000000
vt -3.15000000 3.45000000
vt 0.00000000 0.21213200
vt -0.14000000 -3.16000000
vt 3.01000000 3.06000000
vt -0.01000000 3.06000000
vt -0.01000000 0.00000000
vt 3.01000000 0.00000000
vt -0.14000000 -3.16000000
vt -0.01000000 3.06000000
vt 3.01000000 3.06000000
vt -0.14000000 -0.14000000
vt 3.01000000 0.00000000
vt -0.14000000 -0.14000000
vt -0.01000000 0.00000000
vt -0.01000000 3.06000000
vt -0.14000000 0.14000000
vt 3.01000000 3.06000000
vt 3.01000000 0.00000000
vt -0.01000000 0.00000000
vt -0.14000000 0.14000000
vt -0.01000000 3.06000000
vt -0.14000000 3.16000000
vt 3.01000000 3.06000000
vt -0.14000000 3.16000000
vt 3.01000000 0.00000000
vt -0.01000000 0.00000000
vt -0.01000000 3.06000000
vt 3.01000000 3.06000000
vt 0.14000000 -3.16000000
vt 3.01000000 0.00000000
vt -0.01000000 0.00000000
vt 0.14000000 -3.16000000
vt 3.01000000 3.06000000
vt -0.01000000 3.06000000
vt 0.14000000 -0.14000000
vt 3.01000000 0.00000000
vt 0.14000000 -0.14000000
vt -0.01000000 0.00000000
vt 0.14000000 0.14000000
vt -0.01000000 3.06000000
vt 3.01000000 3.06000000
vt -0.01000000 0.00000000
vt 3.01000000 0.00000000
vt 0.14000000 0.14000000
vt 0.14000000 3.16000000
vt -0.01000000 3.06000000
vt 3.01000000 3.06000000
vt 3.01000000 0.00000000
vt 0.14000000 3.16000000
vt -0.01000000 0.00000000
vt 3.05000000 -0.21213200
vt 0.30000000 3.05000000
vt 0.00000000 0.00000000
vt -1.42500000 -0.21213200
vt 3.15000000 -3.45000000
vt 0.00000000 -0.21213200
vt 0.30000000 0.00000000
vt -1.42500000 0.21213200
vt -3.15000000 -3.15000000
vt 0.21213200 -4.87500000
vt 0.21213200 0.36742300
vt -4.87500000 -0.21213200
vt -3.15000000 3.15000000
vt 0.21213200 1.42500000
vt 0.42426400 0.00000000
vt -4.87500000 0.21213200
vt 3.05000000 0.21213200
vt 0.21213200 0.36742300
vt 6.60000000 3.05000000
vt 0.00000000 0.21213200
vt 6.60000000 0.00000000
vt 3.15000000 3.45000000
vt 3.16000000 -3.16000000
vt -0.01000000 3.06000000
vt 3.01000000 3.06000000
vt 3.01000000 0.00000000
vt -0.01000000 0.00000000
vt 3.16000000 -3.16000000
vt -0.01000000 3.06000000
vt 3.16000000 -0.14000000
vt 3.01000000 3.06000000
vt -0.01000000 0.00000000
vt 3.01000000 0.00000000
vt 3.16000000 -0.14000000
vt 3.16000000 0.14000000
vt 3.01000000 3.06000000
vt -0.01000000 3.06000000
vt 3.16000000 0.14000000
vt 3.01000000 0.00000000
vt -0.01000000 0.00000000
vt -0.01000000 3.06000000
vt 3.16000000 3.16000000
vt 3.01000000 3.06000000
vt 3.16000000 3.16000000
vt -0.01000000 0.00000000
vt 3.01000000 0.00000000
vt -0.21213200 -4.87500000
vt 6.60000000 3.05000000
vt -0.21213200 0.36742300
vt 3.05000000 0.21213200
vt 6.60000000 0.00000000
vt 3.45000000 -3.15000000
vt 0.00000000 0.21213200
vt 0.30000000 3.05000000
vt 3.05000000 -0.21213200
vt 0.00000000 0.00000000
vt -0.21213200 1.42500000
vt 3.45000000 3.15000000
vt 0.00000000 -0.21213200
vt 0.30000000 0.00000000
vt 0.21213200 -1.42500000
vt 0.00000000 0.00000000
vt -3.05000000 0.21213200
vt 0.30000000 3.05000000
vt -3.45000000 -3.15000000
vt 0.00000000 0.21213200
vt 0.30000000 0.00000000
vt 0.21213200 4.87500000
vt -3.05000000 -0.21213200
vt 6.60000000 3.05000000
vt 0.21213200 -0.36742300
vt -3.45000000 3.15000000
vt 6.60000000 0.00000000
vt 0.00000000 -0.21213200
vt -3.16000000 -3.16000000
vt -0.01000000 3.06000000
vt 3.01000000 3.06000000
vt -0.01000000 0.00000000
vt 3.01000000 0.00000000
vt -3.16000000 -3.16000000
vt -3.16000000 -0.14000000
vt -0.01000000 3.06000000
vt 3.01000000 3.06000000
vt -0.01000000 0.00000000
vt -3.16000000 -0.14000000
vt 3.01000000 0.00000000
vt 3.01000000 3.06000000
vt -0.01000000 3.06000000
vt -3.16000000 0.14000000
vt 3.01000000 0.00000000
vt -3.16000000 0.14000000
vt -0.01000000 0.00000000
vt -3.16000000 3.16000000
vt 3.01000000 3.06000000
vt -0.01000000 3.06000000
vt -3.16000000 3.16000000
vt 3.01000000 0.00000000
vt -0.01000000 0.00000000
vt -3.05000000 -0.21213200
vt 6.60000000 3.05000000
vt -0.21213200 -0.36742300
vt 4.87500000 -0.21213200
vt 6.60000000 0.00000000
vt -3.15000000 -3.45000000
vt 0.00000000 -0.21213200
vt -0.21213200 -1.42500000
vt 3.15000000 -3.15000000
vt 4.87500000 0.21213200
vt -0.42426400 0.00000000
vt 3.15000000 3.15000000
vt -0.21213200 4.87500000
vt 1.42500000 -0.21213200
vt -0.21213200 -0.36742300
vt 0.30000000 3.05000000
vt 1.42500000 0.21213200
vt 0.00000000 0.00000000
vt -3.05000000 0.21213200
vt -3.15000000 3.45000000
vt 0.00000000 0.21213200
vt 0.30000000 0.00000000
vt 3.01000000 3.06000000
vt -0.14000000 -3.16000000
vt -0.01000000 3.06000000
vt 3.01000000 0.00000000
vt -0.01000000 0.00000000
vt -0.14000000 -3.16000000
vt -0.14000000 -0.14000000
vt 3.01000000 3.06000000
vt -0.01000000 3.06000000
vt -0.01000000 0.00000000
vt 3.01000000 0.00000000
vt -0.14000000 -0.14000000
vt 3.01000000 3.06000000
vt -0.14000000 0.14000000
vt -0.01000000 3.06000000
vt -0.01000000 0.00000000
vt 3.01000000 0.00000000
vt -0.14000000 0.14000000
vt -0.14000000 3.16000000
vt 3.01000000 3.06000000
vt -0.01000000 3.06000000
vt -0.01000000 0.00000000
vt -0.14000000 3.16000000
vt 3.01000000 0.00000000
vt 3.01000000 3.06000000
vt 0.14000000 -3.16000000
vt -0.01000000 3.06000000
vt 3.01000000 0.00000000
vt -0.01000000 0.00000000
vt 0.14000000 -3.16000000
vt -0.01000000 3.06000000
vt 0.14000000 -0.14000000
vt 3.01000000 3.06000000
vt 3.01000000 0.00000000
vt -0.01000000 0.00000000
vt 0.14000000 -0.14000000
vt 0.14000000 0.14000000
vt -0.01000000 3.06000000
vt 3.01000000 3.06000000
vt 3.01000000 0.00000000
vt -0.01000000 0.00000000
vt 0.14000000 0.14000000
vt -0.01000000 3.06000000
vt 0.14000000 3.16000000
vt 3.01000000 3.06000000
vt 0.14000000 3.16000000
vt 3.01000000 0.00000000
vt -0.01000000 0.00000000
vt 0.30000000 3.05000000
vt -1.42500000 -0.21213200
vt 3.05000000 -0.21213200
vt 0.00000000 0.00000000
vt 0.00000000 -0.21213200
vt 3.15000000 -3.45000000
vt 0.30000000 0.00000000
vt -3.15000000 -3.15000000
vt 0.21213200 -4.87500000
vt 0.21213200 0.36742300
vt -1.42500000 0.21213200
vt 0.21213200 1.42500000
vt 0.42426400 0.00000000
vt -4.87500000 -0.21213200
vt -3.15000000 3.15000000
vt 3.05000000 0.21213200
vt -4.87500000 0.21213200
vt 6.60000000 3.05000000
vt 0.21213200 0.36742300
vt 3.15000000 3.45000000
vt 6.60000000 0.00000000
vt 0.00000000 0.21213200
vt 3.01000000 3.06000000
vt -0.01000000 3.06000000
vt 3.16000000 -3.16000000
vt 3.16000000 -3.16000000
vt 3.01000000 0.00000000
vt -0.01000000 0.00000000
vt 3.16000000 -0.14000000
vt 3.01000000 3.06000000
vt -0.01000000 3.06000000
vt 3.01000000 0.00000000
vt 3.16000000 -0.14000000
vt -0.01000000 0.00000000
vt 3.01000000 3.06000000
vt -0.01000000 3.06000000
vt 3.16000000 0.14000000
vt 3.01000000 0.00000000
vt 3.16000000 0.14000000
vt -0.01000000 0.00000000
vt 3.01000000 3.06000000
vt 3.16000000 3.16000000
vt -0.01000000 3.06000000
vt -0.01000000 0.00000000
vt 3.01000000 0.00000000
vt 3.16000000 3.16000000
vt -0.21213200 -4.87500000
vt 3.05000000 0.21213200
vt 6.60000000 3.05000000
vt -0.21213200 0.36742300
vt 6.60000000 0.00000000
vt 0.00000000 0.21213200
vt 3.45000000 -3.15000000
vt 0.30000000 3.05000000
vt 0.00000000 0.00000000
vt 3.05000000 -0.21213200
vt -0.21213200 1.42500000
vt 0.00000000 -0.21213200
vt 3.45000000 3.15000000
vt 0.30000000 0.00000000
vt 0.00000000 0.00000000
vt 3.45000000 -3.15000000
vt 6.30000000 0.00000000
vt 6.30000000 0.10000000
vt -3.45000000 -3.15000000
vt 0.00000000 0.10000000
vt 3.45000000 3.15000000
vt 0.00000000 0.00000000
vt 0.42426400 0.00000000
vt 0.42426400 0.10000000
vt -3.45000000 3.15000000
vt 0.00000000 0.10000000
vt 0.42426400 0.00000000
vt 3.15000000 -3.45000000
vt 0.00000000 0.00000000
vt 0.42426400 0.10000000
vt -3.15000000 -3.45000000
vt 0.00000000 0.10000000
vt -3.15000000 -3.05000000
vt 2.80000000 0.10000000
vt -0.10000000 0.00000000
vt 2.80000000 0.15000000
vt -0.15000000 0.00000000
vt -3.15000000 -3.05000000
vt -3.15000000 -0.25000000
vt -0.10000000 0.15708000
vt 0.00000000 0.10000000
vt -3.15000000 -0.25000000
vt -0.15000000 0.15708000
vt 0.00000000 0.15000000
vt 2.80000000 0.10000000
vt -0.10000000 0.00000000
vt -3.15000000 0.25000000
vt 2.80000000 0.15000000
vt -3.15000000 0.25000000
vt -0.15000000 0.00000000
vt -0.10000000 0.15708000
vt -3.15000000 3.05000000
vt 0.00000000 0.10000000
vt -3.15000000 3.05000000
vt -0.15000000 0.15708000
vt 0.00000000 0.15000000
vt 3.15000000 3.45000000
vt 6.30000000 0.00000000
vt 0.00000000 0.00000000
vt -3.15000000 3.45000000
vt 0.00000000 0.10000000
vt 6.30000000 0.10000000
vt -3.13660300 -3.10000000
vt -0.10000000 0.05236000
vt -3.13660300 -3.10000000
vt -0.15000000 0.05236000
vt -3.13660300 -0.20000000
vt -0.10000000 0.10472000
vt -0.15000000 0.10472000
vt -3.13660300 -0.20000000
vt -3.13660300 0.20000000
vt -0.10000000 0.05236000
vt -3.13660300 0.20000000
vt -0.15000000 0.05236000
vt -3.13660300 3.10000000
vt -0.10000000 0.10472000
vt -3.13660300 3.10000000
vt -0.15000000 0.10472000
vt -0.10000000 0.10472000
vt -3.10000000 -3.13660300
vt -3.10000000 -3.13660300
vt -0.15000000 0.10472000
vt -3.10000000 -0.16339700
vt -0.10000000 0.05236000
vt -0.15000000 0.05236000
vt -3.10000000 -0.16339700
vt -0.10000000 0.10472000
vt -3.10000000 0.16339700
vt -3.10000000 0.16339700
vt -0.15000000 0.10472000
vt -0.10000000 0.05236000
vt -3.10000000 3.13660300
vt -3.10000000 3.13660300
vt -0.15000000 0.05236000
vt -0.10000000 0.15708000
vt -3.05000000 -3.15000000
vt 0.00000000 0.10000000
vt 0.00000000 0.15000000
vt -0.15000000 0.15708000
vt -3.05000000 -3.15000000
vt -3.05000000 -0.15000000
vt -0.10000000 0.00000000
vt 2.80000000 0.10000000
vt 2.80000000 0.15000000
vt -0.15000000 0.00000000
vt -3.05000000 -0.15000000
vt -3.05000000 0.15000000
vt 0.00000000 0.10000000
vt -0.10000000 0.15708000
vt -3.05000000 0.15000000
vt 0.00000000 0.15000000
vt -0.15000000 0.15708000
vt -0.10000000 0.00000000
vt -3.05000000 3.15000000
vt 2.80000000 0.10000000
vt 2.80000000 0.15000000
vt -3.05000000 3.15000000
vt -0.15000000 0.00000000
vt 2.80000000 0.10000000
vt -0.10000000 0.00000000
vt -0.25000000 -3.15000000
vt -0.25000000 -3.15000000
vt -0.15000000 0.00000000
vt 2.80000000 0.15000000
vt -0.10000000 0.15708000
vt -0.25000000 -0.15000000
vt 0.00000000 0.10000000
vt 0.00000000 0.15000000
vt -0.15000000 0.15708000
vt -0.25000000 -0.15000000
vt -0.25000000 0.15000000
vt 2.80000000 0.10000000
vt -0.10000000 0.00000000
vt -0.15000000 0.00000000
vt -0.25000000 0.15000000
vt 2.80000000 0.15000000
vt -0.25000000 3.15000000
vt 0.00000000 0.10000000
vt -0.10000000 0.15708000
vt -0.15000000 0.15708000
vt 0.00000000 0.15000000
vt -0.25000000 3.15000000
vt -0.10000000 0.05236000
vt -0.20000000 -3.13660300
vt -0.20000000 -3.13660300
vt -0.15000000 0.05236000
vt -0.10000000 0.10472000
vt -0.20000000 -0.16339700
vt -0.15000000 0.10472000
vt -0.20000000 -0.16339700
vt -0.10000000 0.05236000
vt -0.20000000 0.16339700
vt -0.15000000 0.05236000
vt -0.20000000 0.16339700
vt -0.10000000 0.10472000
vt -0.20000000 3.13660300
vt -0.20000000 3.13660300
vt -0.15000000 0.10472000
vt -0.10000000 0.10472000
vt -0.16339700 -3.10000000
vt -0.15000000 0.10472000
vt -0.16339700 -3.10000000
vt -0.16339700 -0.20000000
vt -0.10000000 0.05236000
vt -0.15000000 0.05236000
vt -0.16339700 -0.20000000
vt -0.16339700 0.20000000
vt -0.10000000 0.10472000
vt -0.16339700 0.20000000
vt -0.15000000 0.10472000
vt -0.10000000 0.05236000
vt -0.16339700 3.10000000
vt -0.15000000 0.05236000
vt -0.16339700 3.10000000
vt -0.15000000 -3.05000000
vt 0.00000000 0.10000000
vt -0.10000000 0.15708000
vt 0.00000000 0.15000000
vt -0.15000000 -3.05000000
vt -0.15000000 0.15708000
vt -0.15000000 -0.25000000
vt -0.10000000 0.00000000
vt 2.80000000 0.10000000
vt -0.15000000 0.00000000
vt 2.80000000 0.15000000
vt -0.15000000 -0.25000000
vt -0.10000000 0.15708000
vt -0.15000000 0.25000000
vt 0.00000000 0.10000000
vt -0.15000000 0.15708000
vt 0.00000000 0.15000000
vt -0.15000000 0.25000000
vt -0.10000000 0.00000000
vt 2.80000000 0.10000000
vt -0.15000000 3.05000000
vt -0.15000000 0.00000000
vt -0.15000000 3.05000000
vt 2.80000000 0.15000000
vt 0.15000000 -3.05000000
vt 2.80000000 0.10000000
vt -0.10000000 0.00000000
vt -0.15000000 0.00000000
vt 2.80000000 0.15000000
vt 0.15000000 -3.05000000
vt 0.15000000 -0.25000000
vt -0.10000000 0.15708000
vt 0.00000000 0.10000000
vt 0.15000000 -0.25000000
vt 0.00000000 0.15000000
vt -0.15000000 0.15708000
vt -0.10000000 0.00000000
vt 2.80000000 0.10000000
vt 0.15000000 0.25000000
vt -0.15000000 0.00000000
vt 2.80000000 0.15000000
vt 0.15000000 0.25000000
vt -0.10000000 0.15708000
vt 0.15000000 3.05000000
vt 0.00000000 0.10000000
vt 0.15000000 3.05000000
vt -0.15000000 0.15708000
vt 0.00000000 0.15000000
vt -0.10000000 0.05236000
vt 0.16339700 -3.10000000
vt -0.15000000 0.05236000
vt 0.16339700 -3.10000000
vt -0.10000000 0.10472000
vt 0.16339700 -0.20000000
vt -0.15000000 0.10472000
vt 0.16339700 -0.20000000
vt -0.10000000 0.05236000
vt 0.16339700 0.20000000
vt -0.15000000 0.05236000
vt 0.16339700 0.20000000
vt 0.16339700 3.10000000
vt -0.10000000 0.10472000
vt -0.15000000 0.10472000
vt 0.16339700 3.10000000
vt -0.10000000 0.10472000
vt 0.20000000 -3.13660300
vt 0.20000000 -3.13660300
vt -0.15000000 0.10472000
vt -0.10000000 0.05236000
vt 0.20000000 -0.16339700
vt 0.20000000 -0.16339700
vt -0.15000000 0.05236000
vt 0.20000000 0.16339700
vt -0.10000000 0.10472000
vt -0.15000000 0.10472000
vt 0.20000000 0.16339700
vt 0.20000000 3.13660300
vt -0.10000000 0.05236000
vt -0.15000000 0.05236000
vt 0.20000000 3.13660300
vt 0.00000000 0.10000000
vt -0.10000000 0.15708000
vt 0.25000000 -3.15000000
vt -0.15000000 0.15708000
vt 0.00000000 0.15000000
vt 0.25000000 -3.15000000
vt 0.25000000 -0.15000000
vt 2.80000000 0.10000000
vt -0.10000000 0.00000000
vt 0.25000000 -0.15000000
vt -0.15000000 0.00000000
vt 2.80000000 0.15000000
vt 0.00000000 0.10000000
vt -0.10000000 0.15708000
vt 0.25000000 0.15000000
vt -0.15000000 0.15708000
vt 0.00000000 0.15000000
vt 0.25000000 0.15000000
vt 2.80000000 0.10000000
vt -0.10000000 0.00000000
vt 0.25000000 3.15000000
vt 2.80000000 0.15000000
vt -0.15000000 0.00000000
vt 0.25000000 3.15000000
vt 2.80000000 0.10000000
vt -0.10000000 0.00000000
vt 3.05000000 -3.15000000
vt 3.05000000 -3.15000000
vt 2.80000000 0.15000000
vt -0.15000000 0.00000000
vt 3.05000000 -0.15000000
vt 0.00000000 0.10000000
vt -0.10000000 0.15708000
vt 0.00000000 0.15000000
vt -0.15000000 0.15708000
vt 3.05000000 -0.15000000
vt 3.05000000 0.15000000
vt -0.10000000 0.00000000
vt 2.80000000 0.10000000
vt 2.80000000 0.15000000
vt -0.15000000 0.00000000
vt 3.05000000 0.15000000
vt -0.10000000 0.15708000
vt 3.05000000 3.15000000
vt 0.00000000 0.10000000
vt 0.00000000 0.15000000
vt -0.15000000 0.15708000
vt 3.05000000 3.15000000
vt 3.10000000 -3.13660300
vt -0.10000000 0.05236000
vt -0.15000000 0.05236000
vt 3.10000000 -3.13660300
vt -0.10000000 0.10472000
vt 3.10000000 -0.16339700
vt -0.15000000 0.10472000
vt 3.10000000 -0.16339700
vt 3.10000000 0.16339700
vt -0.10000000 0.05236000
vt -0.15000000 0.05236000
vt 3.10000000 0.16339700
vt -0.10000000 0.10472000
vt 3.10000000 3.13660300
vt -0.15000000 0.10472000
vt 3.10000000 3.13660300
vt 3.13660300 -3.10000000
vt -0.10000000 0.10472000
vt 3.13660300 -3.10000000
vt -0.15000000 0.10472000
vt -0.10000000 0.05236000
vt 3.13660300 -0.20000000
vt -0.15000000 0.05236000
vt 3.13660300 -0.20000000
vt -0.10000000 0.10472000
vt 3.13660300 0.20000000
vt -0.15000000 0.10472000
vt 3.13660300 0.20000000
vt 3.13660300 3.10000000
vt -0.10000000 0.05236000
vt 3.13660300 3.10000000
vt -0.15000000 0.05236000
vt -3.15000000 -3.45000000
vt 6.30000000 0.00000000
vt 0.00000000 0.00000000
vt 6.30000000 0.10000000
vt 3.15000000 -3.45000000
vt 0.00000000 0.10000000
vt -0.10000000 0.15708000
vt 3.15000000 -3.05000000
vt 0.00000000 0.10000000
vt 0.00000000 0.15000000
vt -0.15000000 0.15708000
vt 3.15000000 -3.05000000
vt -0.10000000 0.00000000
vt 2.80000000 0.10000000
vt 3.15000000 -0.25000000
vt 2.80000000 0.15000000
vt -0.15000000 0.00000000
vt 3.15000000 -0.25000000
vt 3.15000000 0.25000000
vt -0.10000000 0.15708000
vt 0.00000000 0.10000000
vt 3.15000000 0.25000000
vt 0.00000000 0.15000000
vt -0.15000000 0.15708000
vt 2.80000000 0.10000000
vt -0.10000000 0.00000000
vt 3.15000000 3.05000000
vt -0.15000000 0.00000000
vt 2.80000000 0.15000000
vt 3.15000000 3.05000000
vt 0.42426400 0.00000000
vt 0.00000000 0.00000000
vt -3.15000000 3.45000000
vt 3.15000000 3.45000000
vt 0.00000000 0.10000000
vt 0.42426400 0.10000000
vt 0.42426400 0.00000000
vt 0.00000000 0.00000000
vt -3.45000000 -3.15000000
vt 0.00000000 0.10000000
vt 0.42426400 0.10000000
vt 3.45000000 -3.15000000
vt 6.30000000 0.00000000
vt 0.00000000 0.00000000
vt -3.45000000 3.15000000
vt 3.45000000 3.15000000
vt 6.30000000 0.10000000
vt 0.00000000 0.10000000
vt 6.30000000 0.00000000
vt 3.45000000 -3.15000000
vt 0.00000000 0.00000000
vt -3.45000000 -3.15000000
vt 0.00000000 0.10000000
vt 6.30000000 0.10000000
vt 3.45000000 3.15000000
vt 0.00000000 0.00000000
vt 0.42426400 0.00000000
vt 0.00000000 0.10000000
vt -3.45000000 3.15000000
vt 0.42426400 0.10000000
vt 3.15000000 -3.45000000
vt 0.42426400 0.00000000
vt 0.00000000 0.00000000
vt 0.42426400 0.10000000
vt -3.15000000 -3.45000000
vt 0.00000000 0.10000000
vt -3.15000000 -3.05000000
vt 2.80000000 0.10000000
vt -0.10000000 0.00000000
vt 2.80000000 0.15000000
vt -0.15000000 0.00000000
vt -3.15000000 -3.05000000
vt -3.15000000 -0.25000000
vt -0.10000000 0.15708000
vt 0.00000000 0.10000000
vt -0.15000000 0.15708000
vt 0.00000000 0.15000000
vt -3.15000000 -0.25000000
vt -3.15000000 0.25000000
vt 2.80000000 0.10000000
vt -0.10000000 0.00000000
vt -0.15000000 0.00000000
vt 2.80000000 0.15000000
vt -3.15000000 0.25000000
vt 0.00000000 0.10000000
vt -0.10000000 0.15708000
vt -3.15000000 3.05000000
vt -3.15000000 3.05000000
vt 0.00000000 0.15000000
vt -0.15000000 0.15708000
vt 6.30000000 0.00000000
vt 3.15000000 3.45000000
vt 0.00000000 0.00000000
vt -3.15000000 3.45000000
vt 0.00000000 0.10000000
vt 6.30000000 0.10000000
vt -0.10000000 0.05236000
vt -3.13660300 -3.10000000
vt -3.13660300 -3.10000000
vt -0.15000000 0.05236000
vt -0.10000000 0.10472000
vt -3.13660300 -0.20000000
vt -3.13660300 -0.20000000
vt -0.15000000 0.10472000
vt -0.10000000 0.05236000
vt -3.13660300 0.20000000
vt -0.15000000 0.05236000
vt -3.13660300 0.20000000
vt -3.13660300 3.10000000
vt -0.10000000 0.10472000
vt -3.13660300 3.10000000
vt -0.15000000 0.10472000
vt -3.10000000 -3.13660300
vt -0.10000000 0.10472000
vt -0.15000000 0.10472000
vt -3.10000000 -3.13660300
vt -3.10000000 -0.16339700
vt -0.10000000 0.05236000
vt -0.15000000 0.05236000
vt -3.10000000 -0.16339700
vt -0.10000000 0.10472000
vt -3.10000000 0.16339700
vt -3.10000000 0.16339700
vt -0.15000000 0.10472000
vt -0.10000000 0.05236000
vt -3.10000000 3.13660300
vt -3.10000000 3.13660300
vt -0.15000000 0.05236000
vt -0.10000000 0.15708000
vt 0.00000000 0.10000000
vt -3.05000000 -3.15000000
vt -3.05000000 -3.15000000
vt 0.00000000 0.15000000
vt -0.15000000 0.15708000
vt 2.80000000 0.10000000
vt -0.10000000 0.00000000
vt -3.05000000 -0.15000000
vt -3.05000000 -0.15000000
vt 2.80000000 0.15000000
vt -0.15000000 0.00000000
vt 0.00000000 0.10000000
vt -0.10000000 0.15708000
vt -3.05000000 0.15000000
vt -3.05000000 0.15000000
vt 0.00000000 0.15000000
vt -0.15000000 0.15708000
vt -0.10000000 0.00000000
vt -3.05000000 3.15000000
vt 2.80000000 0.10000000
vt 2.80000000 0.15000000
vt -3.05000000 3.15000000
vt -0.15000000 0.00000000
vt -0.10000000 0.00000000
vt -0.25000000 -3.15000000
vt 2.80000000 0.10000000
vt 2.80000000 0.15000000
vt -0.25000000 -3.15000000
vt -0.15000000 0.00000000
vt -0.10000000 0.15708000
vt -0.25000000 -0.15000000
vt 0.00000000 0.10000000
vt -0.15000000 0.15708000
vt 0.00000000 0.15000000
vt -0.25000000 -0.15000000
vt -0.25000000 0.15000000
vt 2.80000000 0.10000000
vt -0.10000000 0.00000000
vt -0.25000000 0.15000000
vt 2.80000000 0.15000000
vt -0.15000000 0.00000000
vt 0.00000000 0.10000000
vt -0.10000000 0.15708000
vt -0.25000000 3.15000000
vt -0.25000000 3.15000000
vt 0.00000000 0.15000000
vt -0.15000000 0.15708000
vt -0.20000000 -3.13660300
vt -0.10000000 0.05236000
vt -0.15000000 0.05236000
vt -0.20000000 -3.13660300
vt -0.20000000 -0.16339700
vt -0.10000000 0.10472000
vt -0.20000000 -0.16339700
vt -0.15000000 0.10472000
vt -0.10000000 0.05236000
vt -0.20000000 0.16339700
vt -0.15000000 0.05236000
vt -0.20000000 0.16339700
vt -0.20000000 3.13660300
vt -0.10000000 0.10472000
vt -0.20000000 3.13660300
vt -0.15000000 0.10472000
vt -0.10000000 0.10472000
vt -0.16339700 -3.10000000
vt -0.16339700 -3.10000000
vt -0.15000000 0.10472000
vt -0.10000000 0.05236000
vt -0.16339700 -0.20000000
vt -0.15000000 0.05236000
vt -0.16339700 -0.20000000
vt -0.16339700 0.20000000
vt -0.10000000 0.10472000
vt -0.16339700 0.20000000
vt -0.15000000 0.10472000
vt -0.10000000 0.05236000
vt -0.16339700 3.10000000
vt -0.15000000 0.05236000
vt -0.16339700 3.10000000
vt 0.00000000 0.10000000
vt -0.10000000 0.15708000
vt -0.15000000 -3.05000000
vt -0.15000000 0.15708000
vt 0.00000000 0.15000000
vt -0.15000000 -3.05000000
vt 2.80000000 0.10000000
vt -0.10000000 0.00000000
vt -0.15000000 -0.25000000
vt -0.15000000 0.00000000
vt -0.15000000 -0.25000000
vt 2.80000000 0.15000000
vt 0.00000000 0.10000000
vt -0.15000000 0.25000000
vt -0.10000000 0.15708000
vt -0.15000000 0.15708000
vt -0.15000000 0.25000000
vt 0.00000000 0.15000000
vt -0.15000000 3.05000000
vt -0.10000000 0.00000000
vt 2.80000000 0.10000000
vt 2.80000000 0.15000000
vt -0.15000000 0.00000000
vt -0.15000000 3.05000000
vt -0.10000000 0.00000000
vt 0.15000000 -3.05000000
vt 2.80000000 0.10000000
vt 2.80000000 0.15000000
vt 0.15000000 -3.05000000
vt -0.15000000 0.00000000
vt -0.10000000 0.15708000
vt 0.15000000 -0.25000000
vt 0.00000000 0.10000000
vt 0.15000000 -0.25000000
vt -0.15000000 0.15708000
vt 0.00000000 0.15000000
vt 2.80000000 0.10000000
vt -0.10000000 0.00000000
vt 0.15000000 0.25000000
vt 0.15000000 0.25000000
vt -0.15000000 0.00000000
vt 2.80000000 0.15000000
vt -0.10000000 0.15708000
vt 0.00000000 0.10000000
vt 0.15000000 3.05000000
vt -0.15000000 0.15708000
vt 0.15000000 3.05000000
vt 0.00000000 0.15000000
vt 0.16339700 -3.10000000
vt -0.10000000 0.05236000
vt -0.15000000 0.05236000
vt 0.16339700 -3.10000000
vt 0.16339700 -0.20000000
vt -0.10000000 0.10472000
vt 0.16339700 -0.20000000
vt -0.15000000 0.10472000
vt 0.16339700 0.20000000
vt -0.10000000 0.05236000
vt -0.15000000 0.05236000
vt 0.16339700 0.20000000
vt -0.10000000 0.10472000
vt 0.16339700 3.10000000
vt -0.15000000 0.10472000
vt 0.16339700 3.10000000
vt -0.10000000 0.10472000
vt 0.20000000 -3.13660300
vt -0.15000000 0.10472000
vt 0.20000000 -3.13660300
vt -0.10000000 0.05236000
vt 0.20000000 -0.16339700
vt -0.15000000 0.05236000
vt 0.20000000 -0.16339700
vt 0.20000000 0.16339700
vt -0.10000000 0.10472000
vt -0.15000000 0.10472000
vt 0.20000000 0.16339700
vt 0.20000000 3.13660300
vt -0.10000000 0.05236000
vt 0.20000000 3.13660300
vt -0.15000000 0.05236000
vt -0.10000000 0.15708000
vt 0.25000000 -3.15000000
vt 0.00000000 0.10000000
vt 0.00000000 0.15000000
vt 0.25000000 -3.15000000
vt -0.15000000 0.15708000
vt -0.10000000 0.00000000
vt 0.25000000 -0.15000000
vt 2.80000000 0.10000000
vt 2.80000000 0.15000000
vt 0.25000000 -0.15000000
vt -0.15000000 0.00000000
vt 0.00000000 0.10000000
vt -0.10000000 0.15708000
vt 0.25000000 0.15000000
vt 0.25000000 0.15000000
vt -0.15000000 0.15708000
vt 0.00000000 0.15000000
vt 0.25000000 3.15000000
vt 2.80000000 0.10000000
vt -0.10000000 0.00000000
vt 2.80000000 0.15000000
vt -0.15000000 0.00000000
vt 0.25000000 3.15000000
vt 3.05000000 -3.15000000
vt -0.10000000 0.00000000
vt 2.80000000 0.10000000
vt 2.80000000 0.15000000
vt -0.15000000 0.00000000
vt 3.05000000 -3.15000000
vt 0.00000000 0.10000000
vt -0.10000000 0.15708000
vt 3.05000000 -0.15000000
vt -0.15000000 0.15708000
vt 3.05000000 -0.15000000
vt 0.00000000 0.15000000
vt 3.05000000 0.15000000
vt -0.10000000 0.00000000
vt 2.80000000 0.10000000
vt -0.15000000 0.00000000
vt 2.80000000 0.15000000
vt 3.05000000 0.15000000
vt 0.00000000 0.10000000
vt 3.05000000 3.15000000
vt -0.10000000 0.15708000
vt -0.15000000 0.15708000
vt 0.00000000 0.15000000
vt 3.05000000 3.15000000
vt -0.10000000 0.05236000
vt 3.10000000 -3.13660300
vt 3.10000000 -3.13660300
vt -0.15000000 0.05236000
vt 3.10000000 -0.16339700
vt -0.10000000 0.10472000
vt -0.15000000 0.10472000
vt 3.10000000 -0.16339700
vt -0.10000000 0.05236000
vt 3.10000000 0.16339700
vt 3.10000000 0.16339700
vt -0.15000000 0.05236000
vt -0.10000000 0.10472000
vt 3.10000000 3.13660300
vt -0.15000000 0.10472000
vt 3.10000000 3.13660300
vt 3.13660300 -3.10000000
vt -0.10000000 0.10472000
vt -0.15000000 0.10472000
vt 3.13660300 -3.10000000
vt 3.13660300 -0.20000000
vt -0.10000000 0.05236000
vt -0.15000000 0.05236000
vt 3.13660300 -0.20000000
vt -0.10000000 0.10472000
vt 3.13660300 0.20000000
vt 3.13660300 0.20000000
vt -0.15000000 0.10472000
vt 3.13660300 3.10000000
vt -0.10000000 0.05236000
vt -0.15000000 0.05236000
vt 3.13660300 3.10000000
vt -3.15000000 -3.45000000
vt 6.30000000 0.00000000
vt 0.00000000 0.00000000
vt 3.15000000 -3.45000000
vt 0.00000000 0.10000000
vt 6.30000000 0.10000000
vt -0.10000000 0.15708000
vt 3.15000000 -3.05000000
vt 0.00000000 0.10000000
vt 3.15000000 -3.05000000
vt 0.00000000 0.15000000
vt -0.15000000 0.15708000
vt -0.10000000 0.00000000
vt 3.15000000 -0.25000000
vt 2.80000000 0.10000000
vt 3.15000000 -0.25000000
vt 2.80000000 0.15000000
vt -0.15000000 0.00000000
vt 0.00000000 0.10000000
vt -0.10000000 0.15708000
vt 3.15000000 0.25000000
vt -0.15000000 0.15708000
vt 3.15000000 0.25000000
vt 0.00000000 0.15000000
vt 2.80000000 0.10000000
vt -0.10000000 0.00000000
vt 3.15000000 3.05000000
vt 3.15000000 3.05000000
vt -0.15000000 0.00000000
vt 2.80000000 0.15000000
vt 0.00000000 0.00000000
vt -3.15000000 3.45000000
vt 0.42426400 0.00000000
vt 0.00000000 0.10000000
vt 3.15000000 3.45000000
vt 0.42426400 0.10000000
vt 0.00000000 0.00000000
vt 0.42426400 0.00000000
vt -3.45000000 -3.15000000
vt 0.00000000 0.10000000
vt 3.45000000 -3.15000000
vt 0.42426400 0.10000000
vt 6.30000000 0.00000000
vt -3.45000000 3.15000000
vt 0.00000000 0.00000000
vt 3.45000000 3.15000000
vt 0.00000000 0.10000000
vt 6.30000000 0.10000000
f 150/150/150 103/103/103 143/143/143
f 143/143/143 103/103/103 97/97/97
f 153/153/153 106/106/106 149/149/149
f 149/149/149 106/106/106 105/105/105
f 148/148/148 154/154/154 145/145/145
f 145/145/145 154/154/154 151/151/151
f 100/100/100 147/147/147 98/98/98
f 98/98/98 147/147/147 144/144/144
f 108/108/108 101/101/101 104/104/104
f 104/104/104 101/101/101 99/99/99
f 80/80/80 33/33/33 74/74/74
f 74/74/74 33/33/33 29/29/29
f 77/77/77 83/83/83 73/73/73
f 73/73/73 83/83/83 81/81/81
f 30/30/30 76/76/76 27/27/27
f 27/27/27 76/76/76 75/75/75
f 38/38/38 32/32/32 35/35/35
f 35/35/35 32/32/32 28/28/28
f 84/84/84 36/36/36 79/79/79
f 79/79/79 36/36/36 34/34/34
f 16/16/16 61/61/61 22/22/22
f 22/22/22 61/61/61 69/69/69
f 19/19/19 65/65/65 17/17/17
f 17/17/17 65/65/65 62/62/62
f 24/24/24 20/20/20 21/21/21
f 21/21/21 20/20/20 15/15/15
f 72/72/72 26/26/26 67/67/67
f 67/67/67 26/26/26 23/23/23
f 64/64/64 70/70/70 63/63/63
f 63/63/63 70/70/70 68/68/68
f 138/138/138 93/93/93 131/131/131
f 131/131/131 93/93/93 87/87/87
f 135/135/135 141/141/141 132/132/132
f 132/132/132 141/141/141 139/139/139
f 89/89/89 134/134/134 85/85/85
f 85/85/85 134/134/134 133/133/133
f 96/96/96 88/88/88 92/92/92
f 92/92/92 88/88/88 86/86/86
f 140/140/140 94/94/94 137/137/137
f 137/137/137 94/94/94 91/91/91
f 49/49/49 40/40/40 3/3/3
f 5/5/5 4/4/4 45/45/45
f 45/45/45 4/4/4 39/39/39
f 50/50/50 10/10/10 54/54/54
f 60/60/60 57/57/57 13/13/13
f 13/13/13 57/57/57 11/11/11
f 119/119/119 157/157/157 111/111/111
f 114/114/114 109/109/109 161/161/161
f 161/161/161 109/109/109 158/158/158
f 46/46/46 116/116/116 41/41/41
f 41/41/41 116/116/116 112/112/112
f 123/123/123 126/126/126 164/164/164
f 167/167/167 163/163/163 128/128/128
f 128/128/128 163/163/163 125/125/125
f 155/155/155 118/118/118 165/165/165
f 165/165/165 118/118/118 122/122/122
f 120/120/120 52/52/52 124/124/124
f 124/124/124 52/52/52 55/55/55
f 8/8/8 53/53/53 1/1/1
f 1/1/1 53/53/53 48/48/48
f 42/42/42 110/110/110 43/43/43
f 43/43/43 110/110/110 115/115/115
f 156/156/156 162/162/162 159/159/159
f 159/159/159 162/162/162 168/168/168
f 117/117/117 47/47/47 121/121/121
f 121/121/121 47/47/47 51/51/51
f 7/7/7 14/14/14 2/2/2
f 2/2/2 14/14/14 9/9/9
f 58/58/58 129/129/129 56/56/56
f 56/56/56 129/129/129 127/127/127
f 152/152/152 130/130/130 107/107/107
f 107/107/107 130/130/130 59/59/59
f 107/107/107 59/59/59 82/82/82
f 82/82/82 59/59/59 37/37/37
f 37/37/37 59/59/59 12/12/12
f 37/37/37 12/12/12 31/31/31
f 31/31/31 12/12/12 6/6/6
f 31/31/31 6/6/6 25/25/25
f 25/25/25 6/6/6 18/18/18
f 18/18/18 6/6/6 44/44/44
f 18/18/18 44/44/44 66/66/66
f 66/66/66 44/44/44 113/113/113
f 66/66/66 113/113/113 90/90/90
f 90/90/90 113/113/113 136/136/136
f 136/136/136 113/113/113 160/160/160
f 136/136/136 160/160/160 142/142/142
f 142/142/142 160/160/160 146/146/146
f 142/142/142 146/146/146 102/102/102
f 130/130/130 152/152/152 166/166/166
f 166/166/166 152/152/152 146/146/146
f 166/166/166 146/146/146 160/160/160
f 107/107/107 82/82/82 102/102/102
f 102/102/102 82/82/82 78/78/78
f 102/102/102 78/78/78 95/95/95
f 95/95/95 78/78/78 71/71/71
f 95/95/95 71/71/71 90/90/90
f 90/90/90 71/71/71 66/66/66
f 78/78/78 31/31/31 71/71/71
f 71/71/71 31/31/31 25/25/25
f 95/95/95 142/142/142 102/102/102
f 318/318/318 272/272/272 313/313/313
f 313/313/313 272/272/272 265/265/265
f 320/320/320 275/275/275 319/319/319
f 319/319/319 275/275/275 273/273/273
f 316/316/316 321/321/321 312/312/312
f 312/312/312 321/321/321 317/317/317
f 269/269/269 314/314/314 266/266/266
f 266/266/266 314/314/314 311/311/311
f 276/276/276 268/268/268 271/271/271
f 271/271/271 268/268/268 267/267/267
f 247/247/247 201/201/201 242/242/242
f 242/242/242 201/201/201 197/197/197
f 244/244/244 252/252/252 243/243/243
f 243/243/243 252/252/252 248/248/248
f 200/200/200 245/245/245 196/196/196
f 196/196/196 245/245/245 241/241/241
f 206/206/206 198/198/198 203/203/203
f 203/203/203 198/198/198 195/195/195
f 250/250/250 205/205/205 249/249/249
f 249/249/249 205/205/205 202/202/202
f 183/183/183 230/230/230 189/189/189
f 189/189/189 230/230/230 235/235/235
f 186/186/186 232/232/232 184/184/184
f 184/184/184 232/232/232 229/229/229
f 192/192/192 187/187/187 190/190/190
f 190/190/190 187/187/187 185/185/185
f 238/238/238 194/194/194 237/237/237
f 237/237/237 194/194/194 191/191/191
f 233/233/233 239/239/239 231/231/231
f 231/231/231 239/239/239 236/236/236
f 305/305/305 260/260/260 301/301/301
f 301/301/301 260/260/260 254/254/254
f 304/304/304 308/308/308 300/300/300
f 300/300/300 308/308/308 306/306/306
f 257/257/257 303/303/303 255/255/255
f 255/255/255 303/303/303 299/299/299
f 263/263/263 256/256/256 259/259/259
f 259/259/259 256/256/256 253/253/253
f 310/310/310 262/262/262 307/307/307
f 307/307/307 262/262/262 261/261/261
f 217/217/217 209/209/209 170/170/170
f 174/174/174 171/171/171 213/213/213
f 213/213/213 171/171/171 207/207/207
f 221/221/221 179/179/179 224/224/224
f 227/227/227 225/225/225 182/182/182
f 182/182/182 225/225/225 177/177/177
f 286/286/286 326/326/326 280/280/280
f 281/281/281 279/279/279 328/328/328
f 328/328/328 279/279/279 324/324/324
f 216/216/216 287/287/287 210/210/210
f 210/210/210 287/287/287 278/278/278
f 289/289/289 295/295/295 331/331/331
f 334/334/334 332/332/332 298/298/298
f 298/298/298 332/332/332 292/292/292
f 323/323/323 285/285/285 333/333/333
f 333/333/333 285/285/285 288/288/288
f 290/290/290 220/220/220 293/293/293
f 293/293/293 220/220/220 223/223/223
f 176/176/176 219/219/219 169/169/169
f 169/169/169 219/219/219 214/214/214
f 208/208/208 277/277/277 211/211/211
f 211/211/211 277/277/277 283/283/283
f 325/325/325 330/330/330 327/327/327
f 327/327/327 330/330/330 336/336/336
f 284/284/284 215/215/215 291/291/291
f 291/291/291 215/215/215 218/218/218
f 175/175/175 181/181/181 172/172/172
f 172/172/172 181/181/181 178/178/178
f 228/228/228 297/297/297 222/222/222
f 222/222/222 297/297/297 294/294/294
f 322/322/322 296/296/296 274/274/274
f 274/274/274 296/296/296 226/226/226
f 274/274/274 226/226/226 251/251/251
f 251/251/251 226/226/226 204/204/204
f 204/204/204 226/226/226 180/180/180
f 204/204/204 180/180/180 199/199/199
f 199/199/199 180/180/180 173/173/173
f 199/199/199 173/173/173 193/193/193
f 193/193/193 173/173/173 188/188/188
f 188/188/188 173/173/173 212/212/212
f 188/188/188 212/212/212 234/234/234
f 234/234/234 212/212/212 282/282/282
f 234/234/234 282/282/282 258/258/258
f 258/258/258 282/282/282 302/302/302
f 302/302/302 282/282/282 329/329/329
f 302/302/302 329/329/329 309/309/309
f 309/309/309 329/329/329 315/315/315
f 309/309/309 315/315/315 270/270/270
f 296/296/296 322/322/322 335/335/335
f 335/335/335 322/322/322 315/315/315
f 335/335/335 315/315/315 329/329/329
f 274/274/274 251/251/251 270/270/270
f 270/270/270 251/251/251 246/246/246
f 270/270/270 246/246/246 264/264/264
f 264/264/264 246/246/246 240/240/240
f 264/264/264 240/240/240 258/258/258
f 258/258/258 240/240/240 234/234/234
f 246/246/246 199/199/199 240/240/240
f 240/240/240 199/199/199 193/193/193
f 264/264/264 309/309/309 270/270/270
f 663/663/663 667/667/667 642/642/642
f 642/642/642 667/667/667 644/644/644
f 642/642/642 644/644/644 626/626/626
f 626/626/626 644/644/644 627/627/627
f 626/626/626 627/627/627 602/602/602
f 602/602/602 627/627/627 606/606/606
f 605/605/605 581/581/581 601/601/601
f 601/601/601 581/581/581 577/577/577
f 578/578/578 580/580/580 561/561/561
f 561/561/561 580/580/580 564/564/564
f 561/561/561 564/564/564 545/545/545
f 545/545/545 564/564/564 547/547/547
f 545/545/545 547/547/547 523/523/523
f 523/523/523 547/547/547 524/524/524
f 525/525/525 531/531/531 522/522/522
f 522/522/522 531/531/531 529/529/529
f 528/528/528 532/532/532 549/549/549
f 549/549/549 532/532/532 551/551/551
f 549/549/549 551/551/551 565/565/565
f 565/565/565 551/551/551 568/568/568
f 565/565/565 568/568/568 585/585/585
f 585/585/585 568/568/568 587/587/587
f 588/588/588 610/610/610 584/584/584
f 584/584/584 610/610/610 608/608/608
f 609/609/609 611/611/611 629/629/629
f 629/629/629 611/611/611 631/631/631
f 629/629/629 631/631/631 645/645/645
f 645/645/645 631/631/631 647/647/647
f 645/645/645 647/647/647 669/669/669
f 669/669/669 647/647/647 673/673/673
f 672/672/672 666/666/666 670/670/670
f 670/670/670 666/666/666 665/665/665
f 619/619/619 623/623/623 637/637/637
f 637/637/637 623/623/623 639/639/639
f 637/637/637 639/639/639 654/654/654
f 654/654/654 639/639/639 656/656/656
f 654/654/654 656/656/656 682/682/682
f 682/682/682 656/656/656 684/684/684
f 685/685/685 679/679/679 681/681/681
f 681/681/681 679/679/679 677/677/677
f 676/676/676 680/680/680 649/649/649
f 649/649/649 680/680/680 651/651/651
f 649/649/649 651/651/651 634/634/634
f 634/634/634 651/651/651 635/635/635
f 634/634/634 635/635/635 614/614/614
f 614/614/614 635/635/635 617/617/617
f 616/616/616 593/593/593 615/615/615
f 615/615/615 593/593/593 589/589/589
f 590/590/590 592/592/592 570/570/570
f 570/570/570 592/592/592 571/571/571
f 570/570/570 571/571/571 553/553/553
f 553/553/553 571/571/571 555/555/555
f 553/553/553 555/555/555 533/533/533
f 533/533/533 555/555/555 536/536/536
f 537/537/537 544/544/544 534/534/534
f 534/534/534 544/544/544 541/541/541
f 539/539/539 543/543/543 558/558/558
f 558/558/558 543/543/543 559/559/559
f 558/558/558 559/559/559 574/574/574
f 574/574/574 559/559/559 575/575/575
f 574/574/574 575/575/575 596/596/596
f 596/596/596 575/575/575 599/599/599
f 598/598/598 622/622/622 595/595/595
f 595/595/595 622/622/622 621/621/621
f 417/417/417 421/421/421 401/401/401
f 401/401/401 421/421/421 404/404/404
f 401/401/401 404/404/404 386/386/386
f 386/386/386 404/404/404 388/388/388
f 386/386/386 388/388/388 357/357/357
f 357/357/357 388/388/388 359/359/359
f 358/358/358 366/366/366 356/356/356
f 356/356/356 366/366/366 363/363/363
f 362/362/362 365/365/365 390/390/390
f 390/390/390 365/365/365 391/391/391
f 390/390/390 391/391/391 406/406/406
f 406/406/406 391/391/391 407/407/407
f 406/406/406 407/407/407 424/424/424
f 424/424/424 407/407/407 427/427/427
f 426/426/426 450/450/450 425/425/425
f 425/425/425 450/450/450 449/449/449
f 447/447/447 451/451/451 469/469/469
f 469/469/469 451/451/451 471/471/471
f 469/469/469 471/471/471 486/486/486
f 486/486/486 471/471/471 487/487/487
f 486/486/486 487/487/487 504/504/504
f 504/504/504 487/487/487 506/506/506
f 507/507/507 500/500/500 505/505/505
f 505/505/505 500/500/500 498/498/498
f 499/499/499 502/502/502 481/481/481
f 481/481/481 502/502/502 483/483/483
f 481/481/481 483/483/483 465/465/465
f 465/465/465 483/483/483 468/468/468
f 465/465/465 468/468/468 442/442/442
f 442/442/442 468/468/468 445/445/445
f 446/446/446 420/420/420 441/441/441
f 441/441/441 420/420/420 419/419/419
f 461/461/461 462/462/462 477/477/477
f 477/477/477 462/462/462 480/480/480
f 477/477/477 480/480/480 493/493/493
f 493/493/493 480/480/480 495/495/495
f 493/493/493 495/495/495 515/515/515
f 515/515/515 495/495/495 518/518/518
f 520/520/520 513/513/513 516/516/516
f 516/516/516 513/513/513 511/511/511
f 509/509/509 512/512/512 490/490/490
f 490/490/490 512/512/512 492/492/492
f 490/490/490 492/492/492 473/473/473
f 473/473/473 492/492/492 475/475/475
f 473/473/473 475/475/475 455/455/455
f 455/455/455 475/475/475 456/456/456
f 458/458/458 433/433/433 454/454/454
f 454/454/454 433/433/433 430/430/430
f 431/431/431 434/434/434 409/409/409
f 409/409/409 434/434/434 412/412/412
f 409/409/409 412/412/412 394/394/394
f 394/394/394 412/412/412 396/396/396
f 394/394/394 396/396/396 368/368/368
f 368/368/368 396/396/396 372/372/372
f 370/370/370 378/378/378 367/367/367
f 367/367/367 378/378/378 375/375/375
f 373/373/373 377/377/377 398/398/398
f 398/398/398 377/377/377 400/400/400
f 398/398/398 400/400/400 413/413/413
f 413/413/413 400/400/400 416/416/416
f 413/413/413 416/416/416 435/435/435
f 435/435/435 416/416/416 440/440/440
f 438/438/438 463/463/463 437/437/437
f 437/437/437 463/463/463 460/460/460
f 379/379/379 689/689/689 343/343/343
f 343/343/343 689/689/689 338/338/338
f 338/338/338 689/689/689 701/701/701
f 338/338/338 701/701/701 350/350/350
f 350/350/350 701/701/701 695/695/695
f 350/350/350 695/695/695 657/657/657
f 700/700/700 687/687/687 704/704/704
f 704/704/704 687/687/687 692/692/692
f 694/694/694 699/699/699 696/696/696
f 696/696/696 699/699/699 703/703/703
f 659/659/659 693/693/693 662/662/662
f 662/662/662 693/693/693 697/697/697
f 351/351/351 658/658/658 354/354/354
f 354/354/354 658/658/658 660/660/660
f 337/337/337 349/349/349 342/342/342
f 342/342/342 349/349/349 352/352/352
f 344/344/344 339/339/339 348/348/348
f 348/348/348 339/339/339 340/340/340
f 381/381/381 345/345/345 383/383/383
f 383/383/383 345/345/345 346/346/346
f 688/688/688 380/380/380 691/691/691
f 691/691/691 380/380/380 384/384/384
f 550/550/550 485/485/485 527/527/527
f 527/527/527 485/485/485 503/503/503
f 527/527/527 503/503/503 521/521/521
f 521/521/521 503/503/503 497/497/497
f 521/521/521 497/497/497 546/546/546
f 546/546/546 497/497/497 482/482/482
f 546/546/546 482/482/482 562/562/562
f 562/562/562 482/482/482 466/466/466
f 562/562/562 466/466/466 579/579/579
f 579/579/579 466/466/466 443/443/443
f 579/579/579 443/443/443 661/661/661
f 661/661/661 443/443/443 353/353/353
f 353/353/353 443/443/443 418/418/418
f 353/353/353 418/418/418 402/402/402
f 566/566/566 474/474/474 550/550/550
f 550/550/550 474/474/474 470/470/470
f 550/550/550 470/470/470 485/485/485
f 583/583/583 591/591/591 566/566/566
f 566/566/566 591/591/591 569/569/569
f 566/566/566 569/569/569 489/489/489
f 489/489/489 569/569/569 554/554/554
f 489/489/489 554/554/554 510/510/510
f 510/510/510 554/554/554 535/535/535
f 510/510/510 535/535/535 517/517/517
f 517/517/517 535/535/535 540/540/540
f 517/517/517 540/540/540 494/494/494
f 494/494/494 540/540/540 557/557/557
f 494/494/494 557/557/557 478/478/478
f 478/478/478 557/557/557 573/573/573
f 478/478/478 573/573/573 459/459/459
f 459/459/459 573/573/573 597/597/597
f 459/459/459 597/597/597 382/382/382
f 382/382/382 597/597/597 690/690/690
f 690/690/690 597/597/597 620/620/620
f 690/690/690 620/620/620 638/638/638
f 583/583/583 607/607/607 591/591/591
f 591/591/591 607/607/607 613/613/613
f 613/613/613 607/607/607 630/630/630
f 613/613/613 630/630/630 633/633/633
f 633/633/633 630/630/630 646/646/646
f 633/633/633 646/646/646 650/650/650
f 650/650/650 646/646/646 671/671/671
f 650/650/650 671/671/671 675/675/675
f 675/675/675 671/671/671 698/698/698
f 675/675/675 698/698/698 702/702/702
f 671/671/671 664/664/664 698/698/698
f 698/698/698 664/664/664 641/641/641
f 698/698/698 641/641/641 625/625/625
f 698/698/698 625/625/625 661/661/661
f 661/661/661 625/625/625 603/603/603
f 661/661/661 603/603/603 579/579/579
f 690/690/690 638/638/638 702/702/702
f 702/702/702 638/638/638 653/653/653
f 702/702/702 653/653/653 683/683/683
f 683/683/683 675/675/675 702/702/702
f 470/470/470 453/453/453 448/448/448
f 448/448/448 453/453/453 429/429/429
f 448/448/448 429/429/429 423/423/423
f 423/423/423 429/429/429 405/405/405
f 405/405/405 429/429/429 410/410/410
f 405/405/405 410/410/410 389/389/389
f 389/389/389 410/410/410 393/393/393
f 389/389/389 393/393/393 361/361/361
f 361/361/361 393/393/393 369/369/369
f 361/361/361 369/369/369 341/341/341
f 341/341/341 369/369/369 347/347/347
f 347/347/347 369/369/369 374/374/374
f 347/347/347 374/374/374 397/397/397
f 353/353/353 402/402/402 341/341/341
f 341/341/341 402/402/402 385/385/385
f 341/341/341 385/385/385 355/355/355
f 355/355/355 361/361/361 341/341/341
f 397/397/397 414/414/414 347/347/347
f 347/347/347 414/414/414 382/382/382
f 382/382/382 414/414/414 436/436/436
f 382/382/382 436/436/436 459/459/459
f 489/489/489 474/474/474 566/566/566
f 474/474/474 453/453/453 470/470/470
f 395/395/395 411/411/411 371/371/371
f 371/371/371 411/411/411 432/432/432
f 371/371/371 432/432/432 457/457/457
f 476/476/476 514/514/514 457/457/457
f 457/457/457 514/514/514 376/376/376
f 457/457/457 376/376/376 371/371/371
f 476/476/476 491/491/491 514/514/514
f 376/376/376 514/514/514 439/439/439
f 439/439/439 514/514/514 519/519/519
f 439/439/439 519/519/519 464/464/464
f 464/464/464 519/519/519 496/496/496
f 464/464/464 496/496/496 479/479/479
f 415/415/415 399/399/399 439/439/439
f 439/439/439 399/399/399 376/376/376
f 488/488/488 452/452/452 508/508/508
f 508/508/508 452/452/452 428/428/428
f 508/508/508 428/428/428 501/501/501
f 501/501/501 428/428/428 364/364/364
f 501/501/501 364/364/364 444/444/444
f 444/444/444 364/364/364 360/360/360
f 444/444/444 360/360/360 422/422/422
f 422/422/422 360/360/360 403/403/403
f 403/403/403 360/360/360 387/387/387
f 488/488/488 472/472/472 452/452/452
f 408/408/408 392/392/392 428/428/428
f 428/428/428 392/392/392 364/364/364
f 444/444/444 467/467/467 501/501/501
f 501/501/501 467/467/467 484/484/484
f 556/556/556 572/572/572 538/538/538
f 538/538/538 572/572/572 594/594/594
f 538/538/538 594/594/594 618/618/618
f 636/636/636 678/678/678 618/618/618
f 618/618/618 678/678/678 542/542/542
f 618/618/618 542/542/542 538/538/538
f 636/636/636 652/652/652 678/678/678
f 542/542/542 678/678/678 600/600/600
f 600/600/600 678/678/678 686/686/686
f 600/600/600 686/686/686 624/624/624
f 624/624/624 686/686/686 655/655/655
f 624/624/624 655/655/655 640/640/640
f 576/576/576 560/560/560 600/600/600
f 600/600/600 560/560/560 542/542/542
f 567/567/567 552/552/552 586/586/586
f 586/586/586 552/552/552 530/530/530
f 586/586/586 530/530/530 668/668/668
f 668/668/668 530/530/530 604/604/604
f 668/668/668 604/604/604 628/628/628
f 530/530/530 526/526/526 604/604/604
f 604/604/604 526/526/526 582/582/582
f 582/582/582 526/526/526 563/563/563
f 563/563/563 526/526/526 548/548/548
f 628/628/628 643/643/643 668/668/668
f 668/668/668 674/674/674 586/586/586
f 586/586/586 674/674/674 612/612/612
f 612/612/612 674/674/674 648/648/648
f 612/612/612 648/648/648 632/632/632
f 1031/1031/1031 1036/1036/1036 1010/1010/1010
f 1010/1010/1010 1036/1036/1036 1011/1011/1011
f 1010/1010/1010 1011/1011/1011 993/993/993
f 993/993/993 1011/1011/1011 996/996/996
f 993/993/993 996/996/996 970/970/970
f 970/970/970 996/996/996 973/973/973
f 972/972/972 948/948/948 971/971/971
f 971/971/971 948/948/948 947/947/947
f 945/945/945 950/950/950 929/929/929
f 929/929/929 950/950/950 931/931/931
f 929/929/929 931/931/931 914/914/914
f 914/914/914 931/931/931 915/915/915
f 914/914/914 915/915/915 889/889/889
f 889/889/889 915/915/915 894/894/894
f 892/892/892 900/900/900 891/891/891
f 891/891/891 900/900/900 897/897/897
f 895/895/895 899/899/899 918/918/918
f 918/918/918 899/899/899 920/920/920
f 918/918/918 920/920/920 933/933/933
f 933/933/933 920/920/920 935/935/935
f 933/933/933 935/935/935 951/951/951
f 951/951/951 935/935/935 956/956/956
f 954/954/954 980/980/980 953/953/953
f 953/953/953 980/980/980 975/975/975
f 976/976/976 978/978/978 998/998/998
f 998/998/998 978/978/978 999/999/999
f 998/998/998 999/999/999 1014/1014/1014
f 1014/1014/1014 999/999/999 1015/1015/1015
f 1014/1014/1014 1015/1015/1015 1037/1037/1037
f 1037/1037/1037 1015/1015/1015 1042/1042/1042
f 1041/1041/1041 1035/1035/1035 1039/1039/1039
f 1039/1039/1039 1035/1035/1035 1033/1033/1033
f 989/989/989 990/990/990 1005/1005/1005
f 1005/1005/1005 990/990/990 1007/1007/1007
f 1005/1005/1005 1007/1007/1007 1022/1022/1022
f 1022/1022/1022 1007/1007/1007 1023/1023/1023
f 1022/1022/1022 1023/1023/1023 1050/1050/1050
f 1050/1050/1050 1023/1023/1023 1053/1053/1053
f 1054/1054/1054 1048/1048/1048 1049/1049/1049
f 1049/1049/1049 1048/1048/1048 1043/1043/1043
f 1044/1044/1044 1046/1046/1046 1017/1017/1017
f 1017/1017/1017 1046/1046/1046 1020/1020/1020
f 1017/1017/1017 1020/1020/1020 1001/1001/1001
f 1001/1001/1001 1020/1020/1020 1004/1004/1004
f 1001/1001/1001 1004/1004/1004 982/982/982
f 982/982/982 1004/1004/1004 984/984/984
f 985/985/985 962/962/962 983/983/983
f 983/983/983 962/962/962 957/957/957
f 958/958/958 961/961/961 938/938/938
f 938/938/938 961/961/961 939/939/939
f 938/938/938 939/939/939 922/922/922
f 922/922/922 939/939/939 923/923/923
f 922/922/922 923/923/923 902/902/902
f 902/902/902 923/923/923 905/905/905
f 906/906/906 912/912/912 901/901/901
f 901/901/901 912/912/912 908/908/908
f 907/907/907 910/910/910 925/925/925
f 925/925/925 910/910/910 927/927/927
f 925/925/925 927/927/927 942/942/942
f 942/942/942 927/927/927 944/944/944
f 942/942/942 944/944/944 965/965/965
f 965/965/965 944/944/944 967/967/967
f 966/966/966 991/991/991 964/964/964
f 964/964/964 991/991/991 987/987/987
f 785/785/785 790/790/790 770/770/770
f 770/770/770 790/790/790 771/771/771
f 770/770/770 771/771/771 753/753/753
f 753/753/753 771/771/771 756/756/756
f 753/753/753 756/756/756 725/725/725
f 725/725/725 756/756/756 727/727/727
f 726/726/726 733/733/733 724/724/724
f 724/724/724 733/733/733 731/731/731
f 730/730/730 732/732/732 757/757/757
f 757/757/757 732/732/732 760/760/760
f 757/757/757 760/760/760 774/774/774
f 774/774/774 760/760/760 775/775/775
f 774/774/774 775/775/775 792/792/792
f 792/792/792 775/775/775 796/796/796
f 795/795/795 819/819/819 791/791/791
f 791/791/791 819/819/819 817/817/817
f 815/815/815 818/818/818 838/838/838
f 838/838/838 818/818/818 840/840/840
f 838/838/838 840/840/840 853/853/853
f 853/853/853 840/840/840 855/855/855
f 853/853/853 855/855/855 872/872/872
f 872/872/872 855/855/855 874/874/874
f 876/876/876 869/869/869 871/871/871
f 871/871/871 869/869/869 865/865/865
f 866/866/866 868/868/868 849/849/849
f 849/849/849 868/868/868 852/852/852
f 849/849/849 852/852/852 834/834/834
f 834/834/834 852/852/852 835/835/835
f 834/834/834 835/835/835 809/809/809
f 809/809/809 835/835/835 814/814/814
f 812/812/812 789/789/789 811/811/811
f 811/811/811 789/789/789 786/786/786
f 828/828/828 832/832/832 846/846/846
f 846/846/846 832/832/832 848/848/848
f 846/846/846 848/848/848 861/861/861
f 861/861/861 848/848/848 863/863/863
f 861/861/861 863/863/863 884/884/884
f 884/884/884 863/863/863 887/887/887
f 886/886/886 882/882/882 885/885/885
f 885/885/885 882/882/882 877/877/877
f 879/879/879 880/880/880 858/858/858
f 858/858/858 880/880/880 860/860/860
f 858/858/858 860/860/860 841/841/841
f 841/841/841 860/860/860 843/843/843
f 841/841/841 843/843/843 823/823/823
f 823/823/823 843/843/843 826/826/826
f 825/825/825 801/801/801 822/822/822
f 822/822/822 801/801/801 797/797/797
f 798/798/798 802/802/802 777/777/777
f 777/777/777 802/802/802 780/780/780
f 777/777/777 780/780/780 761/761/761
f 761/761/761 780/780/780 763/763/763
f 761/761/761 763/763/763 737/737/737
f 737/737/737 763/763/763 738/738/738
f 739/739/739 745/745/745 736/736/736
f 736/736/736 745/745/745 741/741/741
f 742/742/742 746/746/746 766/766/766
f 766/766/766 746/746/746 768/768/768
f 766/766/766 768/768/768 781/781/781
f 781/781/781 768/768/768 784/784/784
f 781/781/781 784/784/784 803/803/803
f 803/803/803 784/784/784 808/808/808
f 806/806/806 831/831/831 805/805/805
f 805/805/805 831/831/831 827/827/827
f 748/748/748 1056/1056/1056 711/711/711
f 711/711/711 1056/1056/1056 706/706/706
f 706/706/706 1056/1056/1056 1068/1068/1068
f 706/706/706 1068/1068/1068 717/717/717
f 717/717/717 1068/1068/1068 1063/1063/1063
f 717/717/717 1063/1063/1063 1025/1025/1025
f 1069/1069/1069 1057/1057/1057 1071/1071/1071
f 1071/1071/1071 1057/1057/1057 1060/1060/1060
f 1061/1061/1061 1067/1067/1067 1064/1064/1064
f 1064/1064/1064 1067/1067/1067 1072/1072/1072
f 1027/1027/1027 1062/1062/1062 1029/1029/1029
f 1029/1029/1029 1062/1062/1062 1066/1066/1066
f 719/719/719 1026/1026/1026 722/722/722
f 722/722/722 1026/1026/1026 1030/1030/1030
f 707/707/707 718/718/718 709/709/709
f 709/709/709 718/718/718 720/720/720
f 712/712/712 705/705/705 714/714/714
f 714/714/714 705/705/705 710/710/710
f 749/749/749 713/713/713 751/751/751
f 751/751/751 713/713/713 716/716/716
f 1055/1055/1055 747/747/747 1058/1058/1058
f 1058/1058/1058 747/747/747 752/752/752
f 917/917/917 854/854/854 896/896/896
f 896/896/896 854/854/854 873/873/873
f 896/896/896 873/873/873 890/890/890
f 890/890/890 873/873/873 867/867/867
f 890/890/890 867/867/867 913/913/913
f 913/913/913 867/867/867 850/850/850
f 913/913/913 850/850/850 930/930/930
f 930/930/930 850/850/850 833/833/833
f 930/930/930 833/833/833 946/946/946
f 946/946/946 833/833/833 810/810/810
f 946/946/946 810/810/810 1028/1028/1028
f 1028/1028/1028 810/810/810 721/721/721
f 721/721/721 810/810/810 787/787/787
f 721/721/721 787/787/787 769/769/769
f 934/934/934 842/842/842 917/917/917
f 917/917/917 842/842/842 837/837/837
f 917/917/917 837/837/837 854/854/854
f 952/952/952 959/959/959 934/934/934
f 934/934/934 959/959/959 937/937/937
f 934/934/934 937/937/937 857/857/857
f 857/857/857 937/937/937 921/921/921
f 857/857/857 921/921/921 878/878/878
f 878/878/878 921/921/921 903/903/903
f 878/878/878 903/903/903 883/883/883
f 883/883/883 903/903/903 909/909/909
f 883/883/883 909/909/909 862/862/862
f 862/862/862 909/909/909 926/926/926
f 862/862/862 926/926/926 845/845/845
f 845/845/845 926/926/926 941/941/941
f 845/845/845 941/941/941 829/829/829
f 829/829/829 941/941/941 963/963/963
f 829/829/829 963/963/963 750/750/750
f 750/750/750 963/963/963 1059/1059/1059
f 1059/1059/1059 963/963/963 988/988/988
f 1059/1059/1059 988/988/988 1006/1006/1006
f 952/952/952 977/977/977 959/959/959
f 959/959/959 977/977/977 981/981/981
f 981/981/981 977/977/977 997/997/997
f 981/981/981 997/997/997 1002/1002/1002
f 1002/1002/1002 997/997/997 1013/1013/1013
f 1002/1002/1002 1013/1013/1013 1018/1018/1018
f 1018/1018/1018 1013/1013/1013 1038/1038/1038
f 1018/1018/1018 1038/1038/1038 1045/1045/1045
f 1045/1045/1045 1038/1038/1038 1065/1065/1065
f 1045/1045/1045 1065/1065/1065 1070/1070/1070
f 1038/1038/1038 1032/1032/1032 1065/1065/1065
f 1065/1065/1065 1032/1032/1032 1009/1009/1009
f 1065/1065/1065 1009/1009/1009 994/994/994
f 1065/1065/1065 994/994/994 1028/1028/1028
f 1028/1028/1028 994/994/994 969/969/969
f 1028/1028/1028 969/969/969 946/946/946
f 1059/1059/1059 1006/1006/1006 1070/1070/1070
f 1070/1070/1070 1006/1006/1006 1021/1021/1021
f 1070/1070/1070 1021/1021/1021 1051/1051/1051
f 1051/1051/1051 1045/1045/1045 1070/1070/1070
f 837/837/837 821/821/821 816/816/816
f 816/816/816 821/821/821 799/799/799
f 816/816/816 799/799/799 793/793/793
f 793/793/793 799/799/799 773/773/773
f 773/773/773 799/799/799 778/778/778
f 773/773/773 778/778/778 758/758/758
f 758/758/758 778/778/778 762/762/762
f 758/758/758 762/762/762 729/729/729
f 729/729/729 762/762/762 735/735/735
f 729/729/729 735/735/735 708/708/708
f 708/708/708 735/735/735 715/715/715
f 715/715/715 735/735/735 743/743/743
f 715/715/715 743/743/743 765/765/765
f 721/721/721 769/769/769 708/708/708
f 708/708/708 769/769/769 754/754/754
f 708/708/708 754/754/754 723/723/723
f 723/723/723 729/729/729 708/708/708
f 765/765/765 782/782/782 715/715/715
f 715/715/715 782/782/782 750/750/750
f 750/750/750 782/782/782 804/804/804
f 750/750/750 804/804/804 829/829/829
f 857/857/857 842/842/842 934/934/934
f 842/842/842 821/821/821 837/837/837
f 764/764/764 779/779/779 740/740/740
f 740/740/740 779/779/779 800/800/800
f 740/740/740 800/800/800 824/824/824
f 844/844/844 881/881/881 824/824/824
f 824/824/824 881/881/881 744/744/744
f 824/824/824 744/744/744 740/740/740
f 844/844/844 859/859/859 881/881/881
f 744/744/744 881/881/881 807/807/807
f 807/807/807 881/881/881 888/888/888
f 807/807/807 888/888/888 830/830/830
f 830/830/830 888/888/888 864/864/864
f 830/830/830 864/864/864 847/847/847
f 783/783/783 767/767/767 807/807/807
f 807/807/807 767/767/767 744/744/744
f 856/856/856 820/820/820 875/875/875
f 875/875/875 820/820/820 794/794/794
f 875/875/875 794/794/794 870/870/870
f 870/870/870 794/794/794 734/734/734
f 870/870/870 734/734/734 813/813/813
f 813/813/813 734/734/734 728/728/728
f 813/813/813 728/728/728 788/788/788
f 788/788/788 728/728/728 772/772/772
f 772/772/772 728/728/728 755/755/755
f 856/856/856 839/839/839 820/820/820
f 776/776/776 759/759/759 794/794/794
f 794/794/794 759/759/759 734/734/734
f 813/813/813 836/836/836 870/870/870
f 870/870/870 836/836/836 851/851/851
f 924/924/924 940/940/940 904/904/904
f 904/904/904 940/940/940 960/960/960
f 904/904/904 960/960/960 986/986/986
f 1003/1003/1003 1047/1047/1047 986/986/986
f 986/986/986 1047/1047/1047 911/911/911
f 986/986/986 911/911/911 904/904/904
f 1003/1003/1003 1019/1019/1019 1047/1047/1047
f 911/911/911 1047/1047/1047 968/968/968
f 968/968/968 1047/1047/1047 1052/1052/1052
f 968/968/968 1052/1052/1052 992/992/992
f 992/992/992 1052/1052/1052 1024/1024/1024
f 992/992/992 1024/1024/1024 1008/1008/1008
f 943/943/943 928/928/928 968/968/968
f 968/968/968 928/928/928 911/911/911
f 936/936/936 919/919/919 955/955/955
f 955/955/955 919/919/919 898/898/898
f 955/955/955 898/898/898 1034/1034/1034
f 1034/1034/1034 898/898/898 974/974/974
f 1034/1034/1034 974/974/974 995/995/995
f 898/898/898 893/893/893 974/974/974
f 974/974/974 893/893/893 949/949/949
f 949/949/949 893/893/893 932/932/932
f 932/932/932 893/893/893 916/916/916
f 995/995/995 1012/1012/1012 1034/1034/1034
f 1034/1034/1034 1040/1040/1040 955/955/955
f 955/955/955 1040/1040/1040 979/979/979
f 979/979/979 1040/1040/1040 1016/1016/1016
f 979/979/979 1016/1016/1016 1000/1000/1000

