id,aabb_scale,total_mass,cx,cy,cz,ixx,iyy,izz,ixy,iyz,izx,pixx,piyy,pizz,rx,ry,rz
hammar,0.144849738718639,0.775890619903491,-0.0293686438377368,-0.0236666815099013,0.0846788954831955,0.0047304519514858,0.00493644970582193,0.0025084908271275,-0.000564037667136162,0.00165792127436297,0.00186392912336357,0.00603033931523338,0.00540432337548056,0.000740729793721295,-0.436754639830735,0.45005968062326,-0.87472844942118
component_name,mass,mass_density
titlteld_plane:1,0,NaN
handle:1,0.183118989102275,760
head:1,0.592771630801215,7850
