id,aabb_scale,total_mass,cx,cy,cz,ixx,iyy,izz,ixy,iyz,izx,pixx,piyy,pizz,rx,ry,rz
sledgehammer-10.snapshot.2,0.195004812176059,1.14392540294894,4.59791077213567E-09,-4.85430265753324E-09,0.148617541618068,0.00808138075464559,0.00735006897241302,0.00100347312308011,-5.19455830857174E-12,4.14556373574931E-11,-2.97984735271544E-10,0.00808138075464561,0.00735006897241302,0.00100347312308009,0,-4.2146848510894E-08,0
component_name,mass,mass_density
Handle:2,0.16267724455154,760
Slegdehammer:2,0.981248158397403,7730
